ISO-10303-21;
HEADER;
FILE_DESCRIPTION (( 'STEP AP214' ),
    '1' );
FILE_NAME ('rear_wheel_frame_18mm.STEP',
    '2026-09-29T15:42:32',
    ( '' ),
    ( '' ),
    'SwSTEP 2.0',
    'SolidWorks 2026',
    '' );
FILE_SCHEMA (( 'AUTOMOTIVE_DESIGN' ));
ENDSEC;

DATA;
#1 =( BOUNDED_SURFACE ( )  B_SPLINE_SURFACE ( 3, 2, ( 
 ( #4620, #1547, #214 ),
 ( #4692, #1506, #863 ),
 ( #6691, #2811, #7206 ),
 ( #2171, #814, #4112 ) ),
 .UNSPECIFIED., .F., .F., .F. ) 
 B_SPLINE_SURFACE_WITH_KNOTS ( ( 4, 4 ),
 ( 3, 3 ),
 ( 0.0009713034142778169877, 0.006667001402730567301 ),
 ( 0.000000000000000000, 1.000000000000000000 ),
 .UNSPECIFIED. ) 
 GEOMETRIC_REPRESENTATION_ITEM ( )  RATIONAL_B_SPLINE_SURFACE ( (
 ( 1.000000000000000000, 0.8442925371453534611, 1.000000000000000000),
 ( 1.000000000000000000, 0.8455072092704001285, 1.000000000000000000),
 ( 1.000000000000000000, 0.8467482792405431891, 1.000000000000000000),
 ( 1.000000000000000000, 0.8480166907666075726, 1.000000000000000000) ) ) 
 REPRESENTATION_ITEM ( '' )  SURFACE ( )  );
#2 = EDGE_LOOP ( 'NONE', ( #6347, #5487, #532, #2138 ) ) ;
#3 = VECTOR ( 'NONE', #3377, 1000.000000000000000 ) ;
#4 = VECTOR ( 'NONE', #3493, 1000.000000000000000 ) ;
#5 = CARTESIAN_POINT ( 'NONE',  ( 76.02735467327153174, 437.9187803932798033, 22.54371446199028028 ) ) ;
#6 = VERTEX_POINT ( 'NONE', #7175 ) ;
#7 = ADVANCED_FACE ( 'NONE', ( #2139 ), #7422, .T. ) ;
#8 = CARTESIAN_POINT ( 'NONE',  ( -78.32648717407202810, 431.1965993838642817, -25.12142768787169089 ) ) ;
#9 = ORIENTED_EDGE ( 'NONE', *, *, #2196, .F. ) ;
#10 = DIRECTION ( 'NONE',  ( 0.000000000000000000, 0.000000000000000000, 1.000000000000000000 ) ) ;
#11 = CARTESIAN_POINT ( 'NONE',  ( -84.17419972766280978, 341.7068990327454117, 27.50000000000000000 ) ) ;
#12 = CARTESIAN_POINT ( 'NONE',  ( -79.00000000000001421, 446.1428846072865895, 18.05751714111435646 ) ) ;
#13 = VECTOR ( 'NONE', #3272, 1000.000000000000114 ) ;
#14 = CARTESIAN_POINT ( 'NONE',  ( 95.86357670959664290, 347.1282789188523452, 30.00000000000000000 ) ) ;
#15 = VECTOR ( 'NONE', #2631, 1000.000000000000000 ) ;
#16 = EDGE_LOOP ( 'NONE', ( #7168, #6977, #7703, #4846 ) ) ;
#17 = CARTESIAN_POINT ( 'NONE',  ( 79.00920761912590251, 441.4216607543465329, 25.30330085889912439 ) ) ;
#18 = VECTOR ( 'NONE', #3536, 1000.000000000000000 ) ;
#19 = EDGE_CURVE ( 'NONE', #1071, #3215, #5014, .T. ) ;
#20 = PLANE ( 'NONE',  #6484 ) ;
#21 = EDGE_LOOP ( 'NONE', ( #5585, #6452, #5830, #3333 ) ) ;
#22 = CARTESIAN_POINT ( 'NONE',  ( 76.14880969099240815, 440.8423824451907080, -20.27977733758336498 ) ) ;
#23 = CARTESIAN_POINT ( 'NONE',  ( -79.00000000000000000, 446.6320201490439104, -21.46446609406716988 ) ) ;
#24 = AXIS2_PLACEMENT_3D ( 'NONE', #3312, #1288, #633 ) ;
#25 = ORIENTED_EDGE ( 'NONE', *, *, #5276, .F. ) ;
#26 = EDGE_LOOP ( 'NONE', ( #7789, #2696, #2346, #6866 ) ) ;
#27 = CARTESIAN_POINT ( 'NONE',  ( 85.20662080606597044, 332.1492004551234913, 26.87076033990686241 ) ) ;
#28 = ORIENTED_EDGE ( 'NONE', *, *, #7207, .T. ) ;
#29 = VECTOR ( 'NONE', #7876, 1000.000000000000000 ) ;
#30 = DIRECTION ( 'NONE',  ( -1.000000000000000000, 0.000000000000000000, 0.000000000000000000 ) ) ;
#31 = FACE_OUTER_BOUND ( 'NONE', #1724, .T. ) ;
#32 = CARTESIAN_POINT ( 'NONE',  ( 88.65365335185181550, 305.0206943328694251, -10.85786437626899925 ) ) ;
#33 = CARTESIAN_POINT ( 'NONE',  ( -85.64585522679057306, 325.6082026301206156, -23.28746268599950398 ) ) ;
#34 = CARTESIAN_POINT ( 'NONE',  ( -100.1552701557799026, 259.1089210392215705, -27.99999999999999645 ) ) ;
#35 = FACE_OUTER_BOUND ( 'NONE', #6371, .T. ) ;
#36 = AXIS2_PLACEMENT_3D ( 'NONE', #7549, #6233, #6113 ) ;
#37 = VERTEX_POINT ( 'NONE', #7465 ) ;
#38 = CARTESIAN_POINT ( 'NONE',  ( 111.9999999999999858, 204.1299999999999670, 30.00000000000000000 ) ) ;
#39 = DIRECTION ( 'NONE',  ( 0.000000000000000000, -0.000000000000000000, -1.000000000000000000 ) ) ;
#40 = ORIENTED_EDGE ( 'NONE', *, *, #1974, .F. ) ;
#41 = CARTESIAN_POINT ( 'NONE',  ( -96.99999999999997158, 493.9999999999998863, 0.000000000000000000 ) ) ;
#42 = TOROIDAL_SURFACE ( 'NONE', #4764, 130.0000000000000000, 10.00000000000000000 ) ;
#43 = FACE_OUTER_BOUND ( 'NONE', #5378, .T. ) ;
#44 = CARTESIAN_POINT ( 'NONE',  ( 117.0000000016515713, 1.000000000000225597, 0.000000000000000000 ) ) ;
#45 = CARTESIAN_POINT ( 'NONE',  ( 0.000000000000000000, 540.3271830624646554, 25.00000000000000000 ) ) ;
#46 = EDGE_CURVE ( 'NONE', #3033, #2469, #5552, .T. ) ;
#47 = ORIENTED_EDGE ( 'NONE', *, *, #6111, .F. ) ;
#48 = CARTESIAN_POINT ( 'NONE',  ( 85.75091478043619020, 325.8932731598665669, -25.65222063129170138 ) ) ;
#49 = ORIENTED_EDGE ( 'NONE', *, *, #1104, .F. ) ;
#50 = CARTESIAN_POINT ( 'NONE',  ( -94.99999999999998579, 508.9999999999998863, 0.000000000000000000 ) ) ;
#51 = VERTEX_POINT ( 'NONE', #3446 ) ;
#52 = CARTESIAN_POINT ( 'NONE',  ( -98.99999999999880629, 1.989344536374230892E-12, 30.00000000000000000 ) ) ;
#53 = CARTESIAN_POINT ( 'NONE',  ( 87.14584108898678494, 315.7493360551338810, 21.46446609406723738 ) ) ;
#54 = CARTESIAN_POINT ( 'NONE',  ( 35.00000000000000000, 377.7200000000000273, -37.00000000000000711 ) ) ;
#55 = DIRECTION ( 'NONE',  ( -0.1391731009604045555, 0.9902680687415226224, -0.000000000000000000 ) ) ;
#56 = EDGE_CURVE ( 'NONE', #4251, #1137, #5543, .T. ) ;
#57 = EDGE_CURVE ( 'NONE', #6482, #2837, #6515, .T. ) ;
#58 = ORIENTED_EDGE ( 'NONE', *, *, #2350, .F. ) ;
#59 = PLANE ( 'NONE',  #2209 ) ;
#60 = FACE_OUTER_BOUND ( 'NONE', #6123, .T. ) ;
#61 = ORIENTED_EDGE ( 'NONE', *, *, #7565, .F. ) ;
#62 = DIRECTION ( 'NONE',  ( 0.000000000000000000, 0.000000000000000000, -1.000000000000000000 ) ) ;
#63 = AXIS2_PLACEMENT_3D ( 'NONE', #228, #1473, #826 ) ;
#64 = EDGE_CURVE ( 'NONE', #5562, #5348, #2197, .T. ) ;
#65 = B_SPLINE_CURVE_WITH_KNOTS ( 'NONE', 3,
 ( #657, #4694, #5814, #139, #4659, #904, #2095, #7892, #6011, #2813, #6614, #5331, #7288, #4114 ),
 .UNSPECIFIED., .F., .F.,
 ( 4, 2, 2, 2, 2, 2, 4 ),
 ( 0.000000000000000000, 0.001109992842591814213, 0.002219985685183628425, 0.004439971370367197870, 0.005549964212958979556, 0.006659957055550762978, 0.008879942740734328085 ),
 .UNSPECIFIED. ) ;
#66 = EDGE_CURVE ( 'NONE', #5175, #1434, #1397, .T. ) ;
#67 = VERTEX_POINT ( 'NONE', #1635 ) ;
#68 = CARTESIAN_POINT ( 'NONE',  ( -87.14584108898684178, 315.7493360551335968, -21.46446609406721961 ) ) ;
#69 = ORIENTED_EDGE ( 'NONE', *, *, #1123, .T. ) ;
#70 = DIRECTION ( 'NONE',  ( -0.1391731009596220703, -0.9902680687416326455, 0.000000000000000000 ) ) ;
#71 = FACE_OUTER_BOUND ( 'NONE', #472, .T. ) ;
#72 = CARTESIAN_POINT ( 'NONE',  ( 100.1552779659028829, 259.1088654696292224, -24.99999999999999645 ) ) ;
#73 = CARTESIAN_POINT ( 'NONE',  ( -85.64585522679047358, 325.6082026301210135, 23.28746268599953595 ) ) ;
#74 = LINE ( 'NONE', #1947, #7365 ) ;
#75 = CARTESIAN_POINT ( 'NONE',  ( 77.20974303121451499, 448.4375644618054366, 11.60212510878994507 ) ) ;
#76 = VERTEX_POINT ( 'NONE', #3527 ) ;
#77 = CARTESIAN_POINT ( 'NONE',  ( -60.00000000000000711, 389.7200000000000273, -29.00000000000015632 ) ) ;
#78 = CARTESIAN_POINT ( 'NONE',  ( -60.00000000000000000, 377.7200000000000273, -37.00000000000000711 ) ) ;
#79 = VECTOR ( 'NONE', #580, 1000.000000000000000 ) ;
#80 = VERTEX_POINT ( 'NONE', #6016 ) ;
#81 = DIRECTION ( 'NONE',  ( 1.000000000000000000, 0.000000000000000000, 0.000000000000000000 ) ) ;
#82 = CARTESIAN_POINT ( 'NONE',  ( 290.9999999983658086, 204.1311561622549107, -30.00000000000000000 ) ) ;
#83 = CARTESIAN_POINT ( 'NONE',  ( -111.9999999999999858, -59.00000000000001421, 24.99999999999999645 ) ) ;
#84 = DIRECTION ( 'NONE',  ( -0.1391731009596201274, -0.9902680687416328675, 0.000000000000000000 ) ) ;
#85 = ADVANCED_FACE ( 'NONE', ( #6102 ), #1795, .F. ) ;
#86 = ORIENTED_EDGE ( 'NONE', *, *, #8334, .F. ) ;
#87 = CIRCLE ( 'NONE', #2934, 2.999999999999993783 ) ;
#88 = LINE ( 'NONE', #5163, #1544 ) ;
#89 = DIRECTION ( 'NONE',  ( -1.000000000000000000, 0.000000000000000000, 0.000000000000000000 ) ) ;
#90 = ORIENTED_EDGE ( 'NONE', *, *, #6110, .F. ) ;
#91 = DIRECTION ( 'NONE',  ( -1.000000000000000000, 4.836415423477072525E-10, 0.000000000000000000 ) ) ;
#92 = CARTESIAN_POINT ( 'NONE',  ( -290.9999999983658086, 204.1311561622549107, -24.99999999999999289 ) ) ;
#93 = AXIS2_PLACEMENT_3D ( 'NONE', #5878, #807, #5962 ) ;
#94 = CARTESIAN_POINT ( 'NONE',  ( -85.78403742341184568, 314.8206117929165089, 17.23702049818594872 ) ) ;
#95 = CARTESIAN_POINT ( 'NONE',  ( 104.0000000000035385, 0.000000000000000000, 27.99999999999999645 ) ) ;
#96 = ORIENTED_EDGE ( 'NONE', *, *, #2627, .F. ) ;
#97 = CIRCLE ( 'NONE', #2141, 394.0000000000002274 ) ;
#98 = CARTESIAN_POINT ( 'NONE',  ( 141.8475409834426557, 19.93537181034424677, -27.99999999999999645 ) ) ;
#99 = DIRECTION ( 'NONE',  ( 0.000000000000000000, 1.000000000000000000, -0.000000000000000000 ) ) ;
#100 = ORIENTED_EDGE ( 'NONE', *, *, #4831, .F. ) ;
#101 = ADVANCED_FACE ( 'NONE', ( #265, #2903 ), #308, .F. ) ;
#102 = EDGE_CURVE ( 'NONE', #5207, #7521, #7877, .T. ) ;
#103 = CARTESIAN_POINT ( 'NONE',  ( -489.0000000000001137, 402.3800000000000523, 30.00000000000000000 ) ) ;
#104 = CARTESIAN_POINT ( 'NONE',  ( 59.00000000000019185, 389.7200000000000273, -37.00000000000000711 ) ) ;
#105 = AXIS2_PLACEMENT_3D ( 'NONE', #6581, #4634, #6544 ) ;
#106 = ORIENTED_EDGE ( 'NONE', *, *, #7623, .T. ) ;
#107 = CARTESIAN_POINT ( 'NONE',  ( -79.00000000000001421, 451.6028372400085118, 14.95428931272683037 ) ) ;
#108 = TOROIDAL_SURFACE ( 'NONE', #5104, 394.9999999999878924, 5.000000000000000000 ) ;
#109 = AXIS2_PLACEMENT_3D ( 'NONE', #4781, #7463, #7418 ) ;
#110 = ORIENTED_EDGE ( 'NONE', *, *, #4581, .T. ) ;
#111 = CARTESIAN_POINT ( 'NONE',  ( -133.9253964332668829, 18.82198700251885981, 24.99999999999999645 ) ) ;
#112 = ADVANCED_FACE ( 'NONE', ( #870 ), #2261, .T. ) ;
#113 = CARTESIAN_POINT ( 'NONE',  ( 0.000000000000000000, 540.3271830624646554, 25.00000000000000000 ) ) ;
#114 = EDGE_CURVE ( 'NONE', #7494, #3857, #407, .T. ) ;
#115 = CARTESIAN_POINT ( 'NONE',  ( -88.22482956454615532, 308.0719341253126231, -17.06215015488785625 ) ) ;
#116 = DIRECTION ( 'NONE',  ( 1.000000000000000000, 0.000000000000000000, 0.000000000000000000 ) ) ;
#117 = DIRECTION ( 'NONE',  ( -1.000000000000000000, -0.000000000000000000, -0.000000000000000000 ) ) ;
#118 = CARTESIAN_POINT ( 'NONE',  ( -76.12753965900223818, 438.8388138954405804, -21.86714102959350470 ) ) ;
#119 = AXIS2_PLACEMENT_3D ( 'NONE', #885, #3977, #242 ) ;
#120 = AXIS2_PLACEMENT_3D ( 'NONE', #45, #4525, #3944 ) ;
#121 = ORIENTED_EDGE ( 'NONE', *, *, #7884, .F. ) ;
#122 = CARTESIAN_POINT ( 'NONE',  ( -84.00000000000000000, 538.9999999999998863, -24.99999999999999289 ) ) ;
#123 = AXIS2_PLACEMENT_3D ( 'NONE', #8297, #4479, #5571 ) ;
#124 = EDGE_CURVE ( 'NONE', #2639, #5183, #6139, .T. ) ;
#125 = ORIENTED_EDGE ( 'NONE', *, *, #1852, .T. ) ;
#126 = CARTESIAN_POINT ( 'NONE',  ( -79.64826920390669329, 431.4042315133073089, 27.46385083114485326 ) ) ;
#127 = CARTESIAN_POINT ( 'NONE',  ( 79.00000000000001421, 444.7029275826948265, 19.00627177607254481 ) ) ;
#128 = CARTESIAN_POINT ( 'NONE',  ( 80.68884183885457162, 338.5639459934916999, -24.94633213673070316 ) ) ;
#129 = VECTOR ( 'NONE', #4898, 1000.000000000000000 ) ;
#130 = EDGE_LOOP ( 'NONE', ( #4559, #7811, #4638, #5156 ) ) ;
#131 = AXIS2_PLACEMENT_3D ( 'NONE', #5625, #2942, #5547 ) ;
#132 = ORIENTED_EDGE ( 'NONE', *, *, #215, .T. ) ;
#133 = CARTESIAN_POINT ( 'NONE',  ( 76.13679048190851972, 438.5910271985745794, 22.07106781186550037 ) ) ;
#134 = AXIS2_PLACEMENT_3D ( 'NONE', #1919, #2650, #7804 ) ;
#135 = CARTESIAN_POINT ( 'NONE',  ( -78.72528706160325385, 438.7931672467551039, -23.32808624195720526 ) ) ;
#136 = ORIENTED_EDGE ( 'NONE', *, *, #7153, .T. ) ;
#137 = CARTESIAN_POINT ( 'NONE',  ( -79.00000000000000000, 0.000000000000000000, 30.00000000000000000 ) ) ;
#138 = CARTESIAN_POINT ( 'NONE',  ( 87.12275131729508360, 310.0675510686952521, -15.24453978051658076 ) ) ;
#139 = CARTESIAN_POINT ( 'NONE',  ( -77.18027011410825367, 448.3068481270590837, 12.33001738131955172 ) ) ;
#140 = CARTESIAN_POINT ( 'NONE',  ( 76.12829888279364354, 439.3433066580129207, 21.46446609406726935 ) ) ;
#141 = VECTOR ( 'NONE', #3666, 1000.000000000000000 ) ;
#142 = ORIENTED_EDGE ( 'NONE', *, *, #3679, .F. ) ;
#143 = CARTESIAN_POINT ( 'NONE',  ( 0.000000000000000000, 377.7200000000000273, -49.00000000000000000 ) ) ;
#144 = DIRECTION ( 'NONE',  ( -0.000000000000000000, -1.000000000000000000, -0.000000000000000000 ) ) ;
#145 = ORIENTED_EDGE ( 'NONE', *, *, #3836, .T. ) ;
#146 = CARTESIAN_POINT ( 'NONE',  ( 117.0000000000000000, -59.00000000000001421, 24.99999999999999645 ) ) ;
#147 = DIRECTION ( 'NONE',  ( 0.1391731009600641056, 0.9902680687415704730, -0.000000000000000000 ) ) ;
#148 = CIRCLE ( 'NONE', #7574, 5.000000000000016875 ) ;
#149 = DIRECTION ( 'NONE',  ( 0.000000000000000000, 0.000000000000000000, -1.000000000000000000 ) ) ;
#150 = CIRCLE ( 'NONE', #6089, 409.3301270189269871 ) ;
#151 = VERTEX_POINT ( 'NONE', #4870 ) ;
#152 = CARTESIAN_POINT ( 'NONE',  ( -104.0000000000000000, 204.1300253685548398, 27.99999999999999645 ) ) ;
#153 = EDGE_LOOP ( 'NONE', ( #7085, #7000, #7304, #5720 ) ) ;
#154 = DIRECTION ( 'NONE',  ( 2.009438925630560469E-14, -1.000000000000000000, 0.000000000000000000 ) ) ;
#155 = LINE ( 'NONE', #1438, #2393 ) ;
#156 = AXIS2_PLACEMENT_3D ( 'NONE', #6663, #2860, #8053 ) ;
#157 = AXIS2_PLACEMENT_3D ( 'NONE', #4649, #4019, #806 ) ;
#158 = CARTESIAN_POINT ( 'NONE',  ( 79.66987298107781612, 0.000000000000000000, -27.50000000000000355 ) ) ;
#159 = CARTESIAN_POINT ( 'NONE',  ( -78.95051410231100419, 439.9531412019258028, -22.67297622107098221 ) ) ;
#160 = EDGE_CURVE ( 'NONE', #3310, #6545, #3545, .T. ) ;
#161 = EDGE_CURVE ( 'NONE', #937, #5556, #7325, .T. ) ;
#162 = VERTEX_POINT ( 'NONE', #7975 ) ;
#163 = DIRECTION ( 'NONE',  ( 0.000000000000000000, 0.000000000000000000, 1.000000000000000000 ) ) ;
#164 = VECTOR ( 'NONE', #2577, 1000.000000000000000 ) ;
#165 = ORIENTED_EDGE ( 'NONE', *, *, #1764, .F. ) ;
#166 = CARTESIAN_POINT ( 'NONE',  ( -290.9999999983658086, 204.1311561622549107, -24.99999999999999289 ) ) ;
#167 = CARTESIAN_POINT ( 'NONE',  ( -489.0000000000001137, 402.3800000000000523, 24.99999999999999645 ) ) ;
#168 = CARTESIAN_POINT ( 'NONE',  ( 489.0000000000001137, 402.3800000000000523, -30.00000000000000000 ) ) ;
#169 = DIRECTION ( 'NONE',  ( -0.000000000000000000, 0.000000000000000000, 1.000000000000000000 ) ) ;
#170 = AXIS2_PLACEMENT_3D ( 'NONE', #2752, #3456, #5903 ) ;
#171 = EDGE_CURVE ( 'NONE', #2388, #3752, #5293, .T. ) ;
#172 = ORIENTED_EDGE ( 'NONE', *, *, #1834, .F. ) ;
#173 = CARTESIAN_POINT ( 'NONE',  ( 85.64585522679055885, 325.6082026301203882, -23.28746268599946490 ) ) ;
#174 = AXIS2_PLACEMENT_3D ( 'NONE', #7176, #2017, #5981 ) ;
#175 = CARTESIAN_POINT ( 'NONE',  ( 103.9999999999988205, 2.089816482655758982E-12, -24.99999999999999645 ) ) ;
#176 = ORIENTED_EDGE ( 'NONE', *, *, #324, .T. ) ;
#177 = LINE ( 'NONE', #3439, #6287 ) ;
#178 = CARTESIAN_POINT ( 'NONE',  ( -80.68884183885452899, 338.5639459934920410, 24.94633213673070316 ) ) ;
#179 = CARTESIAN_POINT ( 'NONE',  ( -84.63162992337740320, 330.7184566370922312, -24.52267083839558737 ) ) ;
#180 = CARTESIAN_POINT ( 'NONE',  ( -79.00000000000001421, 444.7029275826975550, 19.00627177607091411 ) ) ;
#181 = CARTESIAN_POINT ( 'NONE',  ( 76.12482776071529145, 439.0896123767736299, 21.66495546555036356 ) ) ;
#182 = ORIENTED_EDGE ( 'NONE', *, *, #1727, .F. ) ;
#183 = VERTEX_POINT ( 'NONE', #1908 ) ;
#184 = FACE_OUTER_BOUND ( 'NONE', #5185, .T. ) ;
#185 = CARTESIAN_POINT ( 'NONE',  ( -104.0000000000000000, -59.00000000000001421, 27.99999999999999645 ) ) ;
#186 = ORIENTED_EDGE ( 'NONE', *, *, #5748, .F. ) ;
#187 = LINE ( 'NONE', #2825, #4590 ) ;
#188 = EDGE_CURVE ( 'NONE', #551, #5133, #1188, .T. ) ;
#189 = CARTESIAN_POINT ( 'NONE',  ( -79.00000000000000000, 445.1384320574995854, -22.63657428083170586 ) ) ;
#190 = EDGE_CURVE ( 'NONE', #1147, #5073, #586, .T. ) ;
#191 = VERTEX_POINT ( 'NONE', #7701 ) ;
#192 = DIRECTION ( 'NONE',  ( 1.000000000000000000, 0.000000000000000000, 0.000000000000000000 ) ) ;
#193 = ORIENTED_EDGE ( 'NONE', *, *, #5287, .F. ) ;
#194 = DIRECTION ( 'NONE',  ( 1.000000000000000000, 9.816110177783377414E-16, 0.000000000000000000 ) ) ;
#195 = CARTESIAN_POINT ( 'NONE',  ( -290.9999999983658086, 204.1311561622549107, 24.99999999999999645 ) ) ;
#196 = CARTESIAN_POINT ( 'NONE',  ( -84.41230869532034831, 332.0328814075725745, 24.74662328189711147 ) ) ;
#197 = CARTESIAN_POINT ( 'NONE',  ( -76.13679048190853393, 438.5910271985749205, -22.07106781186546485 ) ) ;
#198 = EDGE_LOOP ( 'NONE', ( #4414, #8261, #1483, #2973 ) ) ;
#199 = ORIENTED_EDGE ( 'NONE', *, *, #4711, .F. ) ;
#200 = DIRECTION ( 'NONE',  ( -0.1391731009604045555, 0.9902680687415226224, 0.000000000000000000 ) ) ;
#201 = ORIENTED_EDGE ( 'NONE', *, *, #6855, .T. ) ;
#202 = EDGE_LOOP ( 'NONE', ( #7844, #760, #6351, #1006 ) ) ;
#203 = CARTESIAN_POINT ( 'NONE',  ( 79.66987298126325356, 430.4357420940709176, -27.50000000032121150 ) ) ;
#204 = EDGE_CURVE ( 'NONE', #361, #3300, #980, .T. ) ;
#205 = EDGE_CURVE ( 'NONE', #6101, #319, #6785, .T. ) ;
#206 = LINE ( 'NONE', #6283, #4615 ) ;
#207 = CARTESIAN_POINT ( 'NONE',  ( -114.9999999999999858, -59.00000000000001421, -24.99999999999999289 ) ) ;
#208 = CARTESIAN_POINT ( 'NONE',  ( -87.84969157652561478, 307.3838525867838030, -13.53802734598973778 ) ) ;
#209 = VERTEX_POINT ( 'NONE', #7155 ) ;
#210 = VECTOR ( 'NONE', #340, 1000.000000000000000 ) ;
#211 = DIRECTION ( 'NONE',  ( 0.000000000000000000, 0.000000000000000000, -1.000000000000000000 ) ) ;
#212 = CARTESIAN_POINT ( 'NONE',  ( 104.0000000000000000, -59.00000000000001421, -24.99999999999999645 ) ) ;
#213 = ORIENTED_EDGE ( 'NONE', *, *, #6874, .T. ) ;
#214 = CARTESIAN_POINT ( 'NONE',  ( -76.12829888279337354, 439.3433066579943329, 21.46446609408198114 ) ) ;
#215 = EDGE_CURVE ( 'NONE', #1797, #8142, #7067, .T. ) ;
#216 = CARTESIAN_POINT ( 'NONE',  ( 290.9999999983658086, 204.1311561622549107, 30.00000000000000000 ) ) ;
#217 = EDGE_CURVE ( 'NONE', #5288, #67, #1661, .T. ) ;
#218 = CARTESIAN_POINT ( 'NONE',  ( -84.41222593022754950, 332.0333856540706279, -24.74670145750957317 ) ) ;
#219 = DIRECTION ( 'NONE',  ( -0.000000000000000000, 0.000000000000000000, 1.000000000000000000 ) ) ;
#220 = CARTESIAN_POINT ( 'NONE',  ( -78.99999999999636202, 440.1862244976283591, 22.52007178427187739 ) ) ;
#221 = EDGE_CURVE ( 'NONE', #243, #5859, #6384, .T. ) ;
#222 = AXIS2_PLACEMENT_3D ( 'NONE', #5765, #7731, #6878 ) ;
#223 = ORIENTED_EDGE ( 'NONE', *, *, #1519, .T. ) ;
#224 = DIRECTION ( 'NONE',  ( -0.000000000000000000, 0.000000000000000000, 1.000000000000000000 ) ) ;
#225 = DIRECTION ( 'NONE',  ( -0.000000000000000000, 0.000000000000000000, 1.000000000000000000 ) ) ;
#226 = VECTOR ( 'NONE', #4854, 1000.000000000000000 ) ;
#227 = ORIENTED_EDGE ( 'NONE', *, *, #1616, .F. ) ;
#228 = CARTESIAN_POINT ( 'NONE',  ( -133.9253964332668829, 18.82198700251885626, -24.99999999999999289 ) ) ;
#229 = DIRECTION ( 'NONE',  ( 1.000000000000000000, 0.000000000000000000, 0.000000000000000000 ) ) ;
#230 = EDGE_CURVE ( 'NONE', #2062, #2441, #2742, .T. ) ;
#231 = CARTESIAN_POINT ( 'NONE',  ( 83.87286294993538149, 325.2368642033140986, -21.66084403636514466 ) ) ;
#232 = AXIS2_PLACEMENT_3D ( 'NONE', #5445, #977, #292 ) ;
#233 = ORIENTED_EDGE ( 'NONE', *, *, #6991, .F. ) ;
#234 = EDGE_CURVE ( 'NONE', #1229, #8325, #4277, .T. ) ;
#235 = CARTESIAN_POINT ( 'NONE',  ( 79.88621320722877783, 341.1042618279730618, 30.00000000000000355 ) ) ;
#236 = ORIENTED_EDGE ( 'NONE', *, *, #4963, .T. ) ;
#237 = EDGE_CURVE ( 'NONE', #2314, #4795, #1254, .T. ) ;
#238 = LINE ( 'NONE', #2834, #2449 ) ;
#239 = AXIS2_PLACEMENT_3D ( 'NONE', #4127, #7475, #1598 ) ;
#240 = DIRECTION ( 'NONE',  ( -0.9902680687416325345, 0.1391731009596222646, 0.000000000000000000 ) ) ;
#241 = CARTESIAN_POINT ( 'NONE',  ( 144.8183451896672125, 20.35289111322546063, 24.99999999999999289 ) ) ;
#242 = DIRECTION ( 'NONE',  ( 0.000000000000000000, 0.000000000000000000, -1.000000000000000000 ) ) ;
#243 = VERTEX_POINT ( 'NONE', #3217 ) ;
#244 = AXIS2_PLACEMENT_3D ( 'NONE', #4424, #7613, #2499 ) ;
#245 = DIRECTION ( 'NONE',  ( 0.000000000000000000, 1.000000000000000000, 0.000000000000000000 ) ) ;
#246 = ORIENTED_EDGE ( 'NONE', *, *, #5437, .F. ) ;
#247 = AXIS2_PLACEMENT_3D ( 'NONE', #5747, #4941, #4314 ) ;
#248 = CARTESIAN_POINT ( 'NONE',  ( -88.76926981932648175, 304.1980404207888000, 11.20773660374628200 ) ) ;
#249 = CARTESIAN_POINT ( 'NONE',  ( -79.00000000000000000, 452.2987785557373854, -10.85786437626900280 ) ) ;
#250 = DIRECTION ( 'NONE',  ( 1.000000000000000000, 0.000000000000000000, 0.000000000000000000 ) ) ;
#251 = DIRECTION ( 'NONE',  ( -1.000000000000000000, 0.000000000000000000, 0.000000000000000000 ) ) ;
#252 = ORIENTED_EDGE ( 'NONE', *, *, #7582, .F. ) ;
#253 = ADVANCED_FACE ( 'NONE', ( #1324 ), #854, .F. ) ;
#254 = CARTESIAN_POINT ( 'NONE',  ( -83.87269652932945974, 325.2379360665098602, 21.66136008683351832 ) ) ;
#255 = CARTESIAN_POINT ( 'NONE',  ( -87.19142666961207055, 315.4249777947165967, -18.92774265665592637 ) ) ;
#256 = ORIENTED_EDGE ( 'NONE', *, *, #5437, .T. ) ;
#257 = CARTESIAN_POINT ( 'NONE',  ( 114.9999999999999858, 16.00000000000022382, 1.836970198721029589E-15 ) ) ;
#258 = DIRECTION ( 'NONE',  ( 9.251858538542961967E-16, -1.000000000000000000, 0.000000000000000000 ) ) ;
#259 = FACE_OUTER_BOUND ( 'NONE', #4315, .T. ) ;
#260 = AXIS2_PLACEMENT_3D ( 'NONE', #2806, #6090, #7495 ) ;
#261 = DIRECTION ( 'NONE',  ( 0.000000000000000000, 0.000000000000000000, -1.000000000000000000 ) ) ;
#262 = FACE_OUTER_BOUND ( 'NONE', #2295, .T. ) ;
#263 = ORIENTED_EDGE ( 'NONE', *, *, #6451, .T. ) ;
#264 = EDGE_CURVE ( 'NONE', #1968, #3902, #2327, .T. ) ;
#266 = ADVANCED_FACE ( 'NONE', ( #7790, #5831 ), #3134, .F. ) ;
#265 = FACE_BOUND ( 'NONE', #448, .T. ) ;
#267 = VECTOR ( 'NONE', #2019, 1000.000000000000000 ) ;
#268 = DIRECTION ( 'NONE',  ( 0.000000000000000000, -1.000000000000000000, 0.000000000000000000 ) ) ;
#269 = DIRECTION ( 'NONE',  ( -0.000000000000000000, -0.000000000000000000, -1.000000000000000000 ) ) ;
#270 = VERTEX_POINT ( 'NONE', #6339 ) ;
#271 = DIRECTION ( 'NONE',  ( 0.1391731009596220703, 0.9902680687416326455, 0.000000000000000000 ) ) ;
#272 = CYLINDRICAL_SURFACE ( 'NONE', #4064, 2.999999999999990674 ) ;
#273 = CIRCLE ( 'NONE', #4987, 5.000000000000002665 ) ;
#274 = CARTESIAN_POINT ( 'NONE',  ( 85.36157384111884028, 330.2148405793602706, 26.57773229540854132 ) ) ;
#275 = DIRECTION ( 'NONE',  ( -1.000000000000000000, 0.000000000000000000, 0.000000000000000000 ) ) ;
#276 =( BOUNDED_SURFACE ( )  B_SPLINE_SURFACE ( 3, 2, ( 
 ( #3054, #5703, #1703 ),
 ( #5656, #3180, #1068 ),
 ( #8300, #4311, #2423 ),
 ( #6897, #5614, #8172 ),
 ( #3725, #6295, #1245 ),
 ( #1110, #2466, #546 ),
 ( #1192, #2507, #5027 ),
 ( #8257, #3685, #6856 ),
 ( #6979, #2343, #3771 ),
 ( #3139, #8135, #5064 ),
 ( #6257, #7660, #464 ),
 ( #502, #2381, #1749 ),
 ( #4902, #4272, #5576 ),
 ( #7534, #424, #8211 ),
 ( #7620, #3645, #6215 ),
 ( #1830, #1872, #4939 ),
 ( #3095, #4982, #7577 ),
 ( #3018, #1792, #4350 ),
 ( #6937, #1153, #4434 ),
 ( #7027, #3817, #6389 ) ),
 .UNSPECIFIED., .F., .F., .F. ) 
 B_SPLINE_SURFACE_WITH_KNOTS ( ( 4, 2, 2, 2, 2, 2, 2, 2, 2, 4 ),
 ( 3, 3 ),
 ( -1.019150042136374168E-17, 0.001030311463999558294, 0.002060622927999126563, 0.004121245855998263534, 0.005151557319997831369, 0.006181868783997400071, 0.008242491711996537476, 0.01030311463999567315, 0.01236373756799481055, 0.01648498342399308536 ),
 ( 0.000000000000000000, 1.000000000000000000 ),
 .UNSPECIFIED. ) 
 GEOMETRIC_REPRESENTATION_ITEM ( )  RATIONAL_B_SPLINE_SURFACE ( (
 ( 1.000000000000000000, 0.9864768133727754851, 1.000000000000000000),
 ( 1.000000000000000000, 0.9864765631176747318, 1.000000000000000000),
 ( 1.000000000000000000, 0.9862505464101317676, 1.000000000000000000),
 ( 1.000000000000000000, 0.9853943481863617349, 1.000000000000000000),
 ( 1.000000000000000000, 0.9847589154054882110, 1.000000000000000000),
 ( 1.000000000000000000, 0.9823352493764497817, 1.000000000000000000),
 ( 1.000000000000000000, 0.9801056393303924086, 1.000000000000000000),
 ( 1.000000000000000000, 0.9761364950047283218, 1.000000000000000000),
 ( 1.000000000000000000, 0.9747081932825528705, 1.000000000000000000),
 ( 1.000000000000000000, 0.9717199149803382729, 1.000000000000000000),
 ( 1.000000000000000000, 0.9701532038991652618, 1.000000000000000000),
 ( 1.000000000000000000, 0.9652631189777095555, 1.000000000000000000),
 ( 1.000000000000000000, 0.9617513747699925064, 1.000000000000000000),
 ( 1.000000000000000000, 0.9543037513617366185, 1.000000000000000000),
 ( 1.000000000000000000, 0.9503602539054180065, 1.000000000000000000),
 ( 1.000000000000000000, 0.9421765314940676594, 1.000000000000000000),
 ( 1.000000000000000000, 0.9379250877915316087, 1.000000000000000000),
 ( 1.000000000000000000, 0.9247182692504982704, 1.000000000000000000),
 ( 1.000000000000000000, 0.9153112434422557842, 1.000000000000000000),
 ( 1.000000000000000000, 0.9053250720433919652, 1.000000000000000000) ) ) 
 REPRESENTATION_ITEM ( '' )  SURFACE ( )  );
#278 = EDGE_CURVE ( 'NONE', #8020, #5859, #4746, .T. ) ;
#277 = ORIENTED_EDGE ( 'NONE', *, *, #1361, .T. ) ;
#279 = DIRECTION ( 'NONE',  ( 1.000000000000000000, 0.000000000000000000, 0.000000000000000000 ) ) ;
#280 = AXIS2_PLACEMENT_3D ( 'NONE', #962, #3543, #8068 ) ;
#281 = VECTOR ( 'NONE', #861, 1000.000000000000000 ) ;
#282 = EDGE_LOOP ( 'NONE', ( #8359, #6112, #5258, #5338 ) ) ;
#283 = CARTESIAN_POINT ( 'NONE',  ( -489.0000000000001137, 402.3800000000000523, -30.00000000000000000 ) ) ;
#284 = CARTESIAN_POINT ( 'NONE',  ( 78.99999999999276667, 447.3963168074496934, 16.88946269896775831 ) ) ;
#285 = AXIS2_PLACEMENT_3D ( 'NONE', #1585, #5454, #8048 ) ;
#286 = VERTEX_POINT ( 'NONE', #77 ) ;
#287 = CARTESIAN_POINT ( 'NONE',  ( -92.00000000000000000, 538.9999999999998863, -30.00000000000000000 ) ) ;
#288 = VERTEX_POINT ( 'NONE', #5698 ) ;
#289 = AXIS2_PLACEMENT_3D ( 'NONE', #5465, #6790, #2268 ) ;
#290 = DIRECTION ( 'NONE',  ( 0.9902680687416326455, 0.1391731009596217650, 0.000000000000000000 ) ) ;
#291 = CARTESIAN_POINT ( 'NONE',  ( -79.00000000000000000, 451.8173402994697199, -14.17399904534405941 ) ) ;
#292 = DIRECTION ( 'NONE',  ( 1.000000000000000000, 0.000000000000000000, 0.000000000000000000 ) ) ;
#293 = CARTESIAN_POINT ( 'NONE',  ( -83.11586068029417618, 328.4641965924159308, -22.96615789793946050 ) ) ;
#294 = VECTOR ( 'NONE', #6420, 1000.000000000000000 ) ;
#295 = ORIENTED_EDGE ( 'NONE', *, *, #5581, .T. ) ;
#296 = CARTESIAN_POINT ( 'NONE',  ( 290.9999999983658086, 204.1311561622549107, -27.99999999999999289 ) ) ;
#297 = DIRECTION ( 'NONE',  ( -0.9902680687415233995, 0.1391731009603991709, 0.000000000000000000 ) ) ;
#298 = EDGE_LOOP ( 'NONE', ( #6203, #2782, #3252, #6690 ) ) ;
#299 = DIRECTION ( 'NONE',  ( -1.000000000000000000, 0.000000000000000000, 0.000000000000000000 ) ) ;
#300 = TOROIDAL_SURFACE ( 'NONE', #5696, 403.0000000000167688, 3.000000000000000000 ) ;
#301 = CARTESIAN_POINT ( 'NONE',  ( -117.0000000016510029, 204.1311561622549107, 30.00000000000000000 ) ) ;
#302 = CARTESIAN_POINT ( 'NONE',  ( -84.17419972766283820, 341.7068990327451843, -27.50000000000000000 ) ) ;
#303 = EDGE_CURVE ( 'NONE', #5442, #749, #8295, .T. ) ;
#304 = CARTESIAN_POINT ( 'NONE',  ( -79.00000000000000000, 452.2987785557373854, 10.85786437626889267 ) ) ;
#305 = CARTESIAN_POINT ( 'NONE',  ( -78.90653067803525289, 439.7211302673539990, 22.82885686267377068 ) ) ;
#306 = ORIENTED_EDGE ( 'NONE', *, *, #4101, .F. ) ;
#307 = CIRCLE ( 'NONE', #2889, 406.0000000000167688 ) ;
#308 = PLANE ( 'NONE',  #156 ) ;
#309 = LINE ( 'NONE', #2904, #8293 ) ;
#310 = CYLINDRICAL_SURFACE ( 'NONE', #8383, 2.999999999999999112 ) ;
#311 = EDGE_LOOP ( 'NONE', ( #2557, #810, #2501, #4465 ) ) ;
#312 = DIRECTION ( 'NONE',  ( 0.000000000000000000, 1.000000000000000000, 0.000000000000000000 ) ) ;
#313 = DIRECTION ( 'NONE',  ( 1.000000000000000000, 0.000000000000000000, 0.000000000000000000 ) ) ;
#314 = CARTESIAN_POINT ( 'NONE',  ( 86.28335765028386106, 321.8862246005892871, -21.58544394481804929 ) ) ;
#315 = ADVANCED_FACE ( 'NONE', ( #5914 ), #2614, .F. ) ;
#316 = CIRCLE ( 'NONE', #1132, 5.000000000000000888 ) ;
#317 = EDGE_CURVE ( 'NONE', #1647, #3561, #8004, .T. ) ;
#318 = FACE_BOUND ( 'NONE', #5307, .T. ) ;
#319 = VERTEX_POINT ( 'NONE', #4016 ) ;
#320 = CARTESIAN_POINT ( 'NONE',  ( 76.12753965900128605, 438.8388138954377951, -21.86714102959521711 ) ) ;
#321 = ORIENTED_EDGE ( 'NONE', *, *, #3502, .T. ) ;
#322 = DIRECTION ( 'NONE',  ( 0.000000000000000000, -0.000000000000000000, -1.000000000000000000 ) ) ;
#323 = CARTESIAN_POINT ( 'NONE',  ( 75.33974596215561803, 0.000000000000000000, 30.00000000000000355 ) ) ;
#324 = EDGE_CURVE ( 'NONE', #422, #3550, #7333, .T. ) ;
#325 = EDGE_CURVE ( 'NONE', #6252, #5684, #4606, .T. ) ;
#326 = DIRECTION ( 'NONE',  ( -1.000000000000000000, 0.000000000000000000, 0.000000000000000000 ) ) ;
#327 =( BOUNDED_SURFACE ( )  B_SPLINE_SURFACE ( 3, 2, ( 
 ( #4971, #4342, #1782 ),
 ( #2962, #6330, #4928 ),
 ( #8125, #6927, #1144 ),
 ( #3127, #3591, #2330 ),
 ( #7526, #494, #1695 ),
 ( #4893, #5567, #8289 ),
 ( #3085, #5647, #3759 ),
 ( #8246, #1820, #5016 ),
 ( #6845, #7491, #5692 ),
 ( #7610, #4262, #4377 ),
 ( #4304, #1058, #1098 ),
 ( #6205, #8164, #6887 ),
 ( #2374, #3675, #6967 ),
 ( #2496, #1182, #5052 ),
 ( #7648, #1862, #4421 ),
 ( #1018, #32, #4468 ) ),
 .UNSPECIFIED., .F., .F., .F. ) 
 B_SPLINE_SURFACE_WITH_KNOTS ( ( 4, 2, 2, 2, 2, 2, 2, 4 ),
 ( 3, 3 ),
 ( 0.000000000000000000, 0.004114936661423017512, 0.006172404992134526702, 0.008229873322846035025, 0.01028734165355754335, 0.01234480998426905340, 0.01440227831498056173, 0.01645974664569207005 ),
 ( 0.000000000000000000, 1.000000000000000000 ),
 .UNSPECIFIED. ) 
 GEOMETRIC_REPRESENTATION_ITEM ( )  RATIONAL_B_SPLINE_SURFACE ( (
 ( 1.000000000000000000, 0.9053250720433935195, 1.000000000000000000),
 ( 1.000000000000000000, 0.9153151495392897186, 1.000000000000000000),
 ( 1.000000000000000000, 0.9247205559201734371, 1.000000000000000000),
 ( 1.000000000000000000, 0.9379175678559195095, 1.000000000000000000),
 ( 1.000000000000000000, 0.9421645076076579084, 1.000000000000000000),
 ( 1.000000000000000000, 0.9503368226477921787, 1.000000000000000000),
 ( 1.000000000000000000, 0.9542663239349092885, 1.000000000000000000),
 ( 1.000000000000000000, 0.9617530472511249817, 1.000000000000000000),
 ( 1.000000000000000000, 0.9652832996057746362, 1.000000000000000000),
 ( 1.000000000000000000, 0.9718368775573772433, 1.000000000000000000),
 ( 1.000000000000000000, 0.9748752206174984281, 1.000000000000000000),
 ( 1.000000000000000000, 0.9801085412152286125, 1.000000000000000000),
 ( 1.000000000000000000, 0.9823316977715866871, 1.000000000000000000),
 ( 1.000000000000000000, 0.9855738711462195267, 1.000000000000000000),
 ( 1.000000000000000000, 0.9864753215166048861, 1.000000000000000000),
 ( 1.000000000000000000, 0.9864768133727754851, 1.000000000000000000) ) ) 
 REPRESENTATION_ITEM ( '' )  SURFACE ( )  );
#328 = ORIENTED_EDGE ( 'NONE', *, *, #3268, .F. ) ;
#329 = CARTESIAN_POINT ( 'NONE',  ( -85.96413638398576040, 324.1780883077123576, 25.19870568241122655 ) ) ;
#330 = ORIENTED_EDGE ( 'NONE', *, *, #6754, .T. ) ;
#331 = CARTESIAN_POINT ( 'NONE',  ( -87.61852088632166158, 312.3860445367817533, 17.73940981542027373 ) ) ;
#332 = CARTESIAN_POINT ( 'NONE',  ( -79.00000000000002842, 446.1459308109647282, -18.05570131115148058 ) ) ;
#333 = DIRECTION ( 'NONE',  ( 0.000000000000000000, 0.000000000000000000, 1.000000000000000000 ) ) ;
#334 = CARTESIAN_POINT ( 'NONE',  ( -290.9999999983658086, 204.1311561622549107, 27.99999999999999645 ) ) ;
#335 = ORIENTED_EDGE ( 'NONE', *, *, #1937, .F. ) ;
#336 = EDGE_CURVE ( 'NONE', #6142, #1701, #1533, .T. ) ;
#337 = CARTESIAN_POINT ( 'NONE',  ( 81.00000000000000000, 402.3800000000000523, -24.99999999999999289 ) ) ;
#338 = CARTESIAN_POINT ( 'NONE',  ( -87.61837638902926528, 312.3870726884597957, -17.73985049694084992 ) ) ;
#339 = ORIENTED_EDGE ( 'NONE', *, *, #7737, .T. ) ;
#340 = DIRECTION ( 'NONE',  ( -0.000000000000000000, -1.000000000000000000, -0.000000000000000000 ) ) ;
#341 = ADVANCED_FACE ( 'NONE', ( #2158 ), #2761, .F. ) ;
#342 = CARTESIAN_POINT ( 'NONE',  ( 489.0000000000001137, 402.3800000000000523, -27.50000000000272493 ) ) ;
#343 = CARTESIAN_POINT ( 'NONE',  ( 79.00000000000001421, 452.0177204175396923, 13.44176525575528203 ) ) ;
#344 = DIRECTION ( 'NONE',  ( 0.000000000000000000, 0.000000000000000000, 1.000000000000000000 ) ) ;
#345 = CARTESIAN_POINT ( 'NONE',  ( -79.00920761912580303, 441.4216607543497730, 25.30330085889775660 ) ) ;
#346 = VERTEX_POINT ( 'NONE', #4645 ) ;
#347 = CARTESIAN_POINT ( 'NONE',  ( -75.33974596215561803, 0.000000000000000000, -25.00000000000000000 ) ) ;
#348 = CARTESIAN_POINT ( 'NONE',  ( 100.9999999999999858, -58.99999999999997868, -24.99999999999999289 ) ) ;
#349 = DIRECTION ( 'NONE',  ( 0.000000000000000000, -1.000000000000000000, 0.000000000000000000 ) ) ;
#350 = ORIENTED_EDGE ( 'NONE', *, *, #6230, .F. ) ;
#351 = LINE ( 'NONE', #4993, #2059 ) ;
#352 = CARTESIAN_POINT ( 'NONE',  ( -290.9999999983658086, 204.1311561622549107, -24.99999999999999289 ) ) ;
#353 = AXIS2_PLACEMENT_3D ( 'NONE', #3169, #1317, #1903 ) ;
#354 = LINE ( 'NONE', #5507, #5965 ) ;
#355 = DIRECTION ( 'NONE',  ( 0.000000000000000000, 0.9999999999959849895, -2.833731016493591864E-06 ) ) ;
#356 = VECTOR ( 'NONE', #6352, 1000.000000000000000 ) ;
#357 = EDGE_LOOP ( 'NONE', ( #193, #3027, #1892, #1707 ) ) ;
#358 = AXIS2_PLACEMENT_3D ( 'NONE', #1894, #568, #5046 ) ;
#359 = CYLINDRICAL_SURFACE ( 'NONE', #36, 5.000000000000007994 ) ;
#360 = EDGE_CURVE ( 'NONE', #4861, #7054, #3465, .T. ) ;
#361 = VERTEX_POINT ( 'NONE', #7273 ) ;
#362 = ADVANCED_FACE ( 'NONE', ( #5356, #6680 ), #7194, .F. ) ;
#363 = CYLINDRICAL_SURFACE ( 'NONE', #4726, 5.000000000000004441 ) ;
#364 = CARTESIAN_POINT ( 'NONE',  ( 76.13679048190853393, 438.5910271985745794, 22.07106781186551814 ) ) ;
#365 = DIRECTION ( 'NONE',  ( 2.035408878479453763E-14, -1.000000000000000000, 0.000000000000000000 ) ) ;
#366 = CIRCLE ( 'NONE', #2264, 408.0000000000001137 ) ;
#367 = ORIENTED_EDGE ( 'NONE', *, *, #7053, .F. ) ;
#368 = PLANE ( 'NONE',  #6382 ) ;
#369 = ADVANCED_FACE ( 'NONE', ( #802 ), #7600, .T. ) ;
#370 = VECTOR ( 'NONE', #6163, 1000.000000000000000 ) ;
#371 = ORIENTED_EDGE ( 'NONE', *, *, #7774, .T. ) ;
#372 = EDGE_CURVE ( 'NONE', #3920, #5895, #2332, .T. ) ;
#373 = CARTESIAN_POINT ( 'NONE',  ( -88.38341061822841027, 306.9435712974166677, 14.42634054189264070 ) ) ;
#374 = FACE_OUTER_BOUND ( 'NONE', #2700, .T. ) ;
#375 = CARTESIAN_POINT ( 'NONE',  ( 104.0000000000035385, 204.1300253685548114, 30.00000000000000000 ) ) ;
#376 = AXIS2_PLACEMENT_3D ( 'NONE', #7903, #1352, #5815 ) ;
#377 = ORIENTED_EDGE ( 'NONE', *, *, #2870, .T. ) ;
#378 = EDGE_CURVE ( 'NONE', #5697, #4582, #6034, .T. ) ;
#379 = CARTESIAN_POINT ( 'NONE',  ( -117.0000000016510455, -14.00000000000001243, 0.000000000000000000 ) ) ;
#380 = AXIS2_PLACEMENT_3D ( 'NONE', #7612, #5694, #3131 ) ;
#381 = DIRECTION ( 'NONE',  ( 0.000000000000000000, -1.000000000000000000, 0.000000000000000000 ) ) ;
#382 = VECTOR ( 'NONE', #7698, 1000.000000000000000 ) ;
#383 = ORIENTED_EDGE ( 'NONE', *, *, #2002, .F. ) ;
#384 = DIRECTION ( 'NONE',  ( -1.000000000000000000, 0.000000000000000000, 0.000000000000000000 ) ) ;
#385 = FACE_OUTER_BOUND ( 'NONE', #1939, .T. ) ;
#386 = CARTESIAN_POINT ( 'NONE',  ( -79.00000000000000000, 450.4430401259128303, 17.26119282871801275 ) ) ;
#387 = CARTESIAN_POINT ( 'NONE',  ( -79.88621320722880625, 341.1042618279727776, -30.00000000000000355 ) ) ;
#388 = ORIENTED_EDGE ( 'NONE', *, *, #8386, .F. ) ;
#389 = VECTOR ( 'NONE', #3462, 1000.000000000000114 ) ;
#390 = TOROIDAL_SURFACE ( 'NONE', #7689, 405.0000000000001137, 3.000000000000000000 ) ;
#391 = DIRECTION ( 'NONE',  ( -0.1391731009604046665, -0.9902680687415226224, 0.000000000000000000 ) ) ;
#392 = CARTESIAN_POINT ( 'NONE',  ( 104.0000000016221549, 204.1311561622549107, -27.99999999999999289 ) ) ;
#393 = CONICAL_SURFACE ( 'NONE', #5117, 120.0000000000000284, 0.7853981633974524978 ) ;
#394 = PLANE ( 'NONE',  #8243 ) ;
#395 = ORIENTED_EDGE ( 'NONE', *, *, #5725, .T. ) ;
#396 = CARTESIAN_POINT ( 'NONE',  ( 83.99999999999994316, 402.3800000000000523, -27.99999999999999645 ) ) ;
#397 = DIRECTION ( 'NONE',  ( 0.000000000000000000, 0.000000000000000000, -1.000000000000000000 ) ) ;
#398 = DIRECTION ( 'NONE',  ( 0.1391842148782938549, -0.9902665067186273706, 0.000000000000000000 ) ) ;
#399 = DIRECTION ( 'NONE',  ( 0.1391731009596217095, -0.9902680687416327565, 0.000000000000000000 ) ) ;
#400 = CIRCLE ( 'NONE', #3923, 403.0000000000167688 ) ;
#401 = ORIENTED_EDGE ( 'NONE', *, *, #5131, .T. ) ;
#402 = CARTESIAN_POINT ( 'NONE',  ( -81.00000000000000000, 493.9999999999998863, 0.000000000000000000 ) ) ;
#403 = VERTEX_POINT ( 'NONE', #7995 ) ;
#404 = FACE_OUTER_BOUND ( 'NONE', #2678, .T. ) ;
#405 = CARTESIAN_POINT ( 'NONE',  ( 79.00000000000000000, 449.2324864094393888, 18.95352612910673074 ) ) ;
#406 = CARTESIAN_POINT ( 'NONE',  ( 79.00000000000000000, 452.2987785557373854, 10.85786437626888201 ) ) ;
#407 = B_SPLINE_CURVE_WITH_KNOTS ( 'NONE', 3,
 ( #3487, #2981, #6782, #995 ),
 .UNSPECIFIED., .F., .F.,
 ( 4, 4 ),
 ( 0.0009775000892785084845, 0.006711753826108856659 ),
 .UNSPECIFIED. ) ;
#408 = EDGE_LOOP ( 'NONE', ( #7256, #6453 ) ) ;
#409 = CARTESIAN_POINT ( 'NONE',  ( -98.99999999999846523, 16.00000000000000355, 1.836970198721029983E-15 ) ) ;
#410 = VERTEX_POINT ( 'NONE', #6556 ) ;
#411 = CARTESIAN_POINT ( 'NONE',  ( -85.49898474637906531, 315.8052513258943463, 17.56783563693673500 ) ) ;
#412 = FACE_OUTER_BOUND ( 'NONE', #457, .T. ) ;
#413 = VECTOR ( 'NONE', #3414, 1000.000000000000000 ) ;
#414 = AXIS2_PLACEMENT_3D ( 'NONE', #8058, #6746, #2267 ) ;
#415 = CARTESIAN_POINT ( 'NONE',  ( 87.49484236773540147, 313.2660629232447036, -20.33076990466237888 ) ) ;
#416 = CARTESIAN_POINT ( 'NONE',  ( 78.99999999999997158, 450.9546354083821029, -16.34752578528096123 ) ) ;
#417 = EDGE_CURVE ( 'NONE', #7529, #4782, #2749, .T. ) ;
#418 = ADVANCED_FACE ( 'NONE', ( #2202, #3507 ), #1570, .F. ) ;
#419 = ORIENTED_EDGE ( 'NONE', *, *, #5068, .F. ) ;
#420 = CIRCLE ( 'NONE', #7045, 5.000000000000000888 ) ;
#421 = CARTESIAN_POINT ( 'NONE',  ( -83.81555049218347619, 325.6439236863159294, 21.86339958471979728 ) ) ;
#422 = VERTEX_POINT ( 'NONE', #287 ) ;
#423 = CARTESIAN_POINT ( 'NONE',  ( -115.0000000000209184, 204.1300056674619157, -24.99999999999999289 ) ) ;
#424 = CARTESIAN_POINT ( 'NONE',  ( 87.94582890594604407, 310.0571269640126957, 16.59877427628621049 ) ) ;
#425 = CARTESIAN_POINT ( 'NONE',  ( 85.91496060409235724, 324.5736652630487811, -25.30330085889910663 ) ) ;
#426 = FACE_OUTER_BOUND ( 'NONE', #5991, .T. ) ;
#427 = AXIS2_PLACEMENT_3D ( 'NONE', #4202, #2818, #391 ) ;
#428 = EDGE_CURVE ( 'NONE', #5207, #8142, #2880, .T. ) ;
#429 = ORIENTED_EDGE ( 'NONE', *, *, #1238, .F. ) ;
#430 = CARTESIAN_POINT ( 'NONE',  ( 85.00518990959477605, 334.5076753595942023, -27.16927305405345194 ) ) ;
#431 = ORIENTED_EDGE ( 'NONE', *, *, #2187, .F. ) ;
#432 = AXIS2_PLACEMENT_3D ( 'NONE', #7141, #5011, #1354 ) ;
#433 = ORIENTED_EDGE ( 'NONE', *, *, #7199, .T. ) ;
#434 = DIRECTION ( 'NONE',  ( -0.09522540226919823381, -0.8804147036601320808, -0.4645450164857128361 ) ) ;
#435 = LINE ( 'NONE', #7630, #549 ) ;
#436 = CARTESIAN_POINT ( 'NONE',  ( 85.60672488810989478, 327.3752990857111058, 26.00839793717001314 ) ) ;
#437 = CARTESIAN_POINT ( 'NONE',  ( 88.76926981972893316, 304.1980404179250854, 10.85786437626894774 ) ) ;
#438 = AXIS2_PLACEMENT_3D ( 'NONE', #1889, #5718, #7044 ) ;
#439 = VERTEX_POINT ( 'NONE', #3346 ) ;
#440 = CARTESIAN_POINT ( 'NONE',  ( -85.91496060409237145, 324.5736652630487242, -25.30330085889911729 ) ) ;
#441 = FACE_OUTER_BOUND ( 'NONE', #2273, .T. ) ;
#442 = EDGE_LOOP ( 'NONE', ( #467, #5392, #7195, #4891 ) ) ;
#443 = CIRCLE ( 'NONE', #5173, 408.0000000000001137 ) ;
#444 = CARTESIAN_POINT ( 'NONE',  ( -85.91496060409237145, 324.5736652630487242, -25.30330085889911729 ) ) ;
#445 = LINE ( 'NONE', #2404, #3342 ) ;
#446 = EDGE_CURVE ( 'NONE', #4201, #7420, #5998, .T. ) ;
#447 = LINE ( 'NONE', #4134, #1730 ) ;
#448 = EDGE_LOOP ( 'NONE', ( #2483, #7709 ) ) ;
#449 = ORIENTED_EDGE ( 'NONE', *, *, #4505, .T. ) ;
#450 = VERTEX_POINT ( 'NONE', #8121 ) ;
#451 = DIRECTION ( 'NONE',  ( 0.1391731009596216817, -0.9902680687416326455, 0.000000000000000000 ) ) ;
#452 = ORIENTED_EDGE ( 'NONE', *, *, #5367, .T. ) ;
#453 = LINE ( 'NONE', #7361, #897 ) ;
#454 = CARTESIAN_POINT ( 'NONE',  ( 91.99999999999945999, -9.345311655093865387E-14, -30.00000000000000000 ) ) ;
#455 = CARTESIAN_POINT ( 'NONE',  ( -88.27822797942756949, 305.7617627650387249, 25.00000000000000000 ) ) ;
#456 = CYLINDRICAL_SURFACE ( 'NONE', #4033, 5.000000000000000888 ) ;
#457 = EDGE_LOOP ( 'NONE', ( #8147, #6961, #2448, #2020 ) ) ;
#459 = EDGE_CURVE ( 'NONE', #2067, #3310, #1611, .T. ) ;
#458 = DIRECTION ( 'NONE',  ( -1.000000000000000000, 0.000000000000000000, 0.000000000000000000 ) ) ;
#460 = ADVANCED_FACE ( 'NONE', ( #3003 ), #300, .F. ) ;
#461 = ORIENTED_EDGE ( 'NONE', *, *, #4319, .F. ) ;
#462 = CYLINDRICAL_SURFACE ( 'NONE', #3596, 5.000000000000000888 ) ;
#463 = AXIS2_PLACEMENT_3D ( 'NONE', #5303, #3450, #5984 ) ;
#464 = CARTESIAN_POINT ( 'NONE',  ( 88.40382766505638301, 306.7982964605733400, 15.92997055866619860 ) ) ;
#465 = CARTESIAN_POINT ( 'NONE',  ( -84.33712561902615334, 322.2466876411992303, 20.22121744950140965 ) ) ;
#466 = CARTESIAN_POINT ( 'NONE',  ( -489.0000000000001137, 402.3800000000000523, 25.00000000000000000 ) ) ;
#467 = ORIENTED_EDGE ( 'NONE', *, *, #4852, .T. ) ;
#468 = CARTESIAN_POINT ( 'NONE',  ( 78.28251124516700088, 430.2603661574847820, 25.09701898414493471 ) ) ;
#469 = EDGE_LOOP ( 'NONE', ( #5499, #708, #7962, #1243 ) ) ;
#470 = EDGE_CURVE ( 'NONE', #7435, #3114, #5020, .T. ) ;
#471 = CARTESIAN_POINT ( 'NONE',  ( 77.06593927929760923, 447.7988208721916408, -13.72599368303074385 ) ) ;
#472 = EDGE_LOOP ( 'NONE', ( #5839, #5612, #28, #4346 ) ) ;
#473 = CARTESIAN_POINT ( 'NONE',  ( 141.8475409834426557, 19.93537181034424677, -30.00000000000000000 ) ) ;
#474 = PLANE ( 'NONE',  #4074 ) ;
#475 = LINE ( 'NONE', #3190, #8005 ) ;
#476 = DIRECTION ( 'NONE',  ( -1.000000000000000000, -0.000000000000000000, -0.000000000000000000 ) ) ;
#477 = VERTEX_POINT ( 'NONE', #4179 ) ;
#478 = DIRECTION ( 'NONE',  ( -1.000000000000000000, -0.000000000000000000, -0.000000000000000000 ) ) ;
#479 = EDGE_CURVE ( 'NONE', #6818, #4757, #8161, .T. ) ;
#480 = CARTESIAN_POINT ( 'NONE',  ( 8.673617379884035472E-16, 261.0399999999990541, 25.00000000000000000 ) ) ;
#481 = ORIENTED_EDGE ( 'NONE', *, *, #5090, .F. ) ;
#482 = CARTESIAN_POINT ( 'NONE',  ( -84.00000000000000000, 0.000000000000000000, 24.99999999999999645 ) ) ;
#483 = DIRECTION ( 'NONE',  ( 0.000000000000000000, -0.000000000000000000, -1.000000000000000000 ) ) ;
#484 = DIRECTION ( 'NONE',  ( -1.000000000000000000, 0.000000000000000000, 0.000000000000000000 ) ) ;
#485 = EDGE_CURVE ( 'NONE', #6265, #4776, #3044, .T. ) ;
#486 = CIRCLE ( 'NONE', #1043, 3.000000000000002220 ) ;
#487 = ORIENTED_EDGE ( 'NONE', *, *, #1994, .F. ) ;
#488 = ORIENTED_EDGE ( 'NONE', *, *, #6312, .F. ) ;
#489 = CARTESIAN_POINT ( 'NONE',  ( 83.41492601175723109, 327.2580516581713823, 22.53650849864767380 ) ) ;
#490 = EDGE_CURVE ( 'NONE', #896, #3142, #3145, .T. ) ;
#491 = VERTEX_POINT ( 'NONE', #3548 ) ;
#492 = CIRCLE ( 'NONE', #1461, 4.999999999999998224 ) ;
#493 = CARTESIAN_POINT ( 'NONE',  ( -81.00000000000000000, 402.3799999999999955, 24.99999999999999645 ) ) ;
#494 = CARTESIAN_POINT ( 'NONE',  ( 87.70149683179630529, 311.7956400066479432, -17.47450931048220113 ) ) ;
#495 = CARTESIAN_POINT ( 'NONE',  ( 100.8149170533042565, 347.8241444236543316, -24.99999999999999289 ) ) ;
#496 = CARTESIAN_POINT ( 'NONE',  ( 79.00000000000001421, 451.5726532813962990, -14.91465725723731062 ) ) ;
#497 = ORIENTED_EDGE ( 'NONE', *, *, #935, .F. ) ;
#498 = VECTOR ( 'NONE', #5053, 1000.000000000000000 ) ;
#499 = CARTESIAN_POINT ( 'NONE',  ( -290.9999999983658086, 204.1311561622549107, 30.00000000000000000 ) ) ;
#500 = EDGE_LOOP ( 'NONE', ( #7523, #2787, #4276, #3174 ) ) ;
#501 = CARTESIAN_POINT ( 'NONE',  ( 78.50456774510062985, 436.4877104412742028, -24.23978309186370694 ) ) ;
#502 = CARTESIAN_POINT ( 'NONE',  ( 87.39448143610843545, 309.0742100386675588, 14.70532592905283487 ) ) ;
#503 = CARTESIAN_POINT ( 'NONE',  ( 85.91496060409230040, 324.5736652630491790, 25.30330085889914571 ) ) ;
#504 = AXIS2_PLACEMENT_3D ( 'NONE', #4335, #658, #6277 ) ;
#505 = DIRECTION ( 'NONE',  ( 1.000000000000000000, 0.000000000000000000, 0.000000000000000000 ) ) ;
#506 = EDGE_CURVE ( 'NONE', #6787, #3599, #7985, .T. ) ;
#507 = ADVANCED_FACE ( 'NONE', ( #2918 ), #4968, .T. ) ;
#508 = EDGE_LOOP ( 'NONE', ( #7799, #4307, #1045, #5782 ) ) ;
#509 = AXIS2_PLACEMENT_3D ( 'NONE', #6098, #2175, #4075 ) ;
#510 = CARTESIAN_POINT ( 'NONE',  ( 79.43902046421970908, 435.2739072629671000, 27.05127450113529264 ) ) ;
#511 = ORIENTED_EDGE ( 'NONE', *, *, #6080, .F. ) ;
#512 = DIRECTION ( 'NONE',  ( -1.000000000000000000, -1.023284752087778828E-15, -0.000000000000000000 ) ) ;
#513 = VERTEX_POINT ( 'NONE', #5478 ) ;
#514 = DIRECTION ( 'NONE',  ( -1.000000000000000000, -1.023284752087778828E-15, -0.000000000000000000 ) ) ;
#515 = DIRECTION ( 'NONE',  ( 1.000000000000000000, 0.000000000000000000, 0.000000000000000000 ) ) ;
#516 = CIRCLE ( 'NONE', #3766, 408.0000000000167688 ) ;
#517 = DIRECTION ( 'NONE',  ( -0.000000000000000000, -0.000000000000000000, -1.000000000000000000 ) ) ;
#518 = CARTESIAN_POINT ( 'NONE',  ( 88.76926981972894737, 304.1980404179250286, 11.20774106516976332 ) ) ;
#519 = EDGE_CURVE ( 'NONE', #5418, #6611, #7882, .T. ) ;
#520 = EDGE_CURVE ( 'NONE', #6435, #346, #5298, .T. ) ;
#521 = EDGE_LOOP ( 'NONE', ( #3506, #1212, #263, #1094 ) ) ;
#522 = DIRECTION ( 'NONE',  ( 1.000000000000000000, 0.000000000000000000, 0.000000000000000000 ) ) ;
#523 = CARTESIAN_POINT ( 'NONE',  ( 80.97273827159365567, 323.8790812111572563, 25.60660171779830563 ) ) ;
#524 = ORIENTED_EDGE ( 'NONE', *, *, #4665, .F. ) ;
#525 = DIRECTION ( 'NONE',  ( 1.000000000000000000, 0.000000000000000000, 0.000000000000000000 ) ) ;
#526 = CARTESIAN_POINT ( 'NONE',  ( -489.0000000000001137, 402.3800000000000523, 30.00000000000000000 ) ) ;
#527 = CARTESIAN_POINT ( 'NONE',  ( 100.9999999999990905, -13.99999999999979039, 0.000000000000000000 ) ) ;
#528 = AXIS2_PLACEMENT_3D ( 'NONE', #2504, #3814, #543 ) ;
#529 = AXIS2_PLACEMENT_3D ( 'NONE', #5847, #644, #8307 ) ;
#530 = ADVANCED_FACE ( 'NONE', ( #4889, #8077 ), #368, .F. ) ;
#531 = VERTEX_POINT ( 'NONE', #2281 ) ;
#532 = ORIENTED_EDGE ( 'NONE', *, *, #3595, .F. ) ;
#533 = LINE ( 'NONE', #5685, #6797 ) ;
#534 = CIRCLE ( 'NONE', #672, 389.9999999999878924 ) ;
#535 = ORIENTED_EDGE ( 'NONE', *, *, #8022, .F. ) ;
#536 = CARTESIAN_POINT ( 'NONE',  ( -88.74821243353879652, 304.3478715060556397, -12.22967161274408454 ) ) ;
#537 = CARTESIAN_POINT ( 'NONE',  ( -103.9999999999988205, 2.089816482655758982E-12, -24.99999999999999289 ) ) ;
#538 = CARTESIAN_POINT ( 'NONE',  ( -141.8475409834426841, 19.93537181034426808, 24.99999999999999645 ) ) ;
#539 = CARTESIAN_POINT ( 'NONE',  ( 75.91001913067300677, 434.9849936086918092, 24.05341780863502166 ) ) ;
#540 = DIRECTION ( 'NONE',  ( 1.000000000000000000, 0.000000000000000000, 0.000000000000000000 ) ) ;
#541 = ORIENTED_EDGE ( 'NONE', *, *, #694, .F. ) ;
#542 = CARTESIAN_POINT ( 'NONE',  ( 85.14916676944922358, 316.9951061200583240, 17.92893218813446410 ) ) ;
#543 = DIRECTION ( 'NONE',  ( -1.000000000000000000, 0.000000000000000000, 0.000000000000000000 ) ) ;
#544 = VERTEX_POINT ( 'NONE', #409 ) ;
#545 = CARTESIAN_POINT ( 'NONE',  ( 78.46461128863056445, 435.6640456937744830, -24.48945696558595486 ) ) ;
#546 = CARTESIAN_POINT ( 'NONE',  ( 88.67391972530946020, 304.8764915927860670, 13.51748292729400802 ) ) ;
#547 = DIRECTION ( 'NONE',  ( -0.9902680687415703620, 0.1391731009600660485, 0.000000000000000000 ) ) ;
#548 = CARTESIAN_POINT ( 'NONE',  ( -75.89773867770074389, 434.6540170217473360, 24.15471000070258967 ) ) ;
#549 = VECTOR ( 'NONE', #1922, 1000.000000000000000 ) ;
#550 = ORIENTED_EDGE ( 'NONE', *, *, #4836, .T. ) ;
#551 = VERTEX_POINT ( 'NONE', #4847 ) ;
#552 = ADVANCED_FACE ( 'NONE', ( #6157 ), #5986, .F. ) ;
#553 = DIRECTION ( 'NONE',  ( 0.000000000000000000, -0.000000000000000000, -1.000000000000000000 ) ) ;
#554 = ORIENTED_EDGE ( 'NONE', *, *, #5923, .T. ) ;
#555 = LINE ( 'NONE', #7806, #356 ) ;
#556 = CARTESIAN_POINT ( 'NONE',  ( -88.27822797942756949, 305.7617627650387249, 10.85786437626894774 ) ) ;
#557 = AXIS2_PLACEMENT_3D ( 'NONE', #1278, #2582, #7188 ) ;
#558 = DIRECTION ( 'NONE',  ( -1.000000000000000000, 0.000000000000000000, 0.000000000000000000 ) ) ;
#559 = CARTESIAN_POINT ( 'NONE',  ( 88.40382766512432511, 306.7982964600897162, 15.92997055921773608 ) ) ;
#560 = AXIS2_PLACEMENT_3D ( 'NONE', #5459, #4744, #3568 ) ;
#561 = ORIENTED_EDGE ( 'NONE', *, *, #5040, .F. ) ;
#562 = CARTESIAN_POINT ( 'NONE',  ( 83.81568688001178202, 325.6428183443138096, 21.86282965764406683 ) ) ;
#563 = DIRECTION ( 'NONE',  ( -0.1391731009596217095, 0.9902680687416327565, -0.000000000000000000 ) ) ;
#564 = VERTEX_POINT ( 'NONE', #3123 ) ;
#565 = EDGE_CURVE ( 'NONE', #8350, #6413, #2628, .T. ) ;
#566 = EDGE_CURVE ( 'NONE', #2771, #6920, #5161, .T. ) ;
#567 = LINE ( 'NONE', #3159, #1237 ) ;
#568 = DIRECTION ( 'NONE',  ( -2.009438925630560469E-14, -1.000000000000000000, 0.000000000000000000 ) ) ;
#569 = ADVANCED_FACE ( 'NONE', ( #4548, #1940 ), #5095, .T. ) ;
#570 = AXIS2_PLACEMENT_3D ( 'NONE', #1778, #6922, #7441 ) ;
#571 = CARTESIAN_POINT ( 'NONE',  ( 35.00000000000000000, 377.7200000000000273, -25.00000000000000000 ) ) ;
#572 = ORIENTED_EDGE ( 'NONE', *, *, #459, .T. ) ;
#573 = VERTEX_POINT ( 'NONE', #4415 ) ;
#574 = CARTESIAN_POINT ( 'NONE',  ( 83.97879119449959262, 334.6964198143729163, 25.08135194120659861 ) ) ;
#575 = AXIS2_PLACEMENT_3D ( 'NONE', #4957, #6148, #8114 ) ;
#576 = ORIENTED_EDGE ( 'NONE', *, *, #2371, .T. ) ;
#577 = EDGE_CURVE ( 'NONE', #5365, #1392, #7058, .T. ) ;
#578 = CARTESIAN_POINT ( 'NONE',  ( 290.9999999983658086, 204.1311561622549107, -24.99999999999999289 ) ) ;
#579 = ADVANCED_FACE ( 'NONE', ( #1177 ), #8145, .T. ) ;
#580 = DIRECTION ( 'NONE',  ( -1.000000000000000000, -1.023284752087778828E-15, -0.000000000000000000 ) ) ;
#581 = CARTESIAN_POINT ( 'NONE',  ( -76.19132307818755123, 443.8574745705746523, -17.92893218813444633 ) ) ;
#582 = CARTESIAN_POINT ( 'NONE',  ( -86.07263358525820252, 323.3856042330247647, -25.00000000000421707 ) ) ;
#583 = DIRECTION ( 'NONE',  ( 0.1391731009596220703, 0.9902680687416326455, -0.000000000000000000 ) ) ;
#584 = LINE ( 'NONE', #1864, #6187 ) ;
#585 = ORIENTED_EDGE ( 'NONE', *, *, #3997, .T. ) ;
#586 = LINE ( 'NONE', #38, #5285 ) ;
#587 = B_SPLINE_CURVE_WITH_KNOTS ( 'NONE', 3,
 ( #7246, #2654, #94, #5170, #2734, #2694, #2097, #4660, #817, #5296, #1424, #5849, #7766, #7928, #2611, #4031, #4534, #775 ),
 .UNSPECIFIED., .F., .F.,
 ( 4, 2, 2, 2, 2, 2, 2, 2, 4 ),
 ( 3.469446951953613804E-18, 0.003548420435242344382, 0.007096840870484685294, 0.008871051088105855534, 0.01064526130572702664, 0.01153236641453761306, 0.01241947152334820295, 0.01330657663215878937, 0.01419368174096937926 ),
 .UNSPECIFIED. ) ;
#588 = CARTESIAN_POINT ( 'NONE',  ( 86.07263358526058994, 323.3856042330077116, -24.99999999999999645 ) ) ;
#589 = ORIENTED_EDGE ( 'NONE', *, *, #2396, .T. ) ;
#590 = CARTESIAN_POINT ( 'NONE',  ( 78.62825569049250873, 438.0643711945966174, -23.65790379915057784 ) ) ;
#591 = LINE ( 'NONE', #1449, #5673 ) ;
#592 = DIRECTION ( 'NONE',  ( 0.9902680687416014482, -0.1391731009598440871, 0.000000000000000000 ) ) ;
#593 = CARTESIAN_POINT ( 'NONE',  ( -75.85367022427111294, 433.4850422995630197, 24.50912756632469325 ) ) ;
#594 = ORIENTED_EDGE ( 'NONE', *, *, #8311, .F. ) ;
#595 = EDGE_CURVE ( 'NONE', #5141, #270, #1980, .T. ) ;
#596 =( NAMED_UNIT ( * ) SI_UNIT ( $, .STERADIAN. ) SOLID_ANGLE_UNIT ( ) );
#597 = ORIENTED_EDGE ( 'NONE', *, *, #5996, .T. ) ;
#598 = EDGE_CURVE ( 'NONE', #6409, #191, #1928, .T. ) ;
#599 = EDGE_CURVE ( 'NONE', #5709, #410, #4086, .T. ) ;
#600 = CARTESIAN_POINT ( 'NONE',  ( 75.93303096303569077, 436.1109319238919397, -23.55033148084255501 ) ) ;
#601 = ORIENTED_EDGE ( 'NONE', *, *, #1890, .F. ) ;
#602 = DIRECTION ( 'NONE',  ( -1.000000000000000000, 0.000000000000000000, 0.000000000000000000 ) ) ;
#603 = CARTESIAN_POINT ( 'NONE',  ( 0.000000000000000000, 0.000000000000000000, 30.00000000000000000 ) ) ;
#604 = CARTESIAN_POINT ( 'NONE',  ( -96.99999999999945999, -9.853209027653314565E-14, 24.99999999999999645 ) ) ;
#605 = CARTESIAN_POINT ( 'NONE',  ( -75.86808159358500347, 433.8030782014144506, -24.42368664646013698 ) ) ;
#606 = VERTEX_POINT ( 'NONE', #8242 ) ;
#607 = FACE_OUTER_BOUND ( 'NONE', #878, .T. ) ;
#608 = FACE_OUTER_BOUND ( 'NONE', #1131, .T. ) ;
#609 = ORIENTED_EDGE ( 'NONE', *, *, #4099, .T. ) ;
#610 = DIRECTION ( 'NONE',  ( 0.000000000000000000, 0.000000000000000000, -1.000000000000000000 ) ) ;
#611 = CYLINDRICAL_SURFACE ( 'NONE', #358, 3.000000000000002665 ) ;
#612 = CARTESIAN_POINT ( 'NONE',  ( -111.0482160718710389, 260.6398453591721704, 30.00000000000000000 ) ) ;
#613 = ORIENTED_EDGE ( 'NONE', *, *, #7207, .F. ) ;
#614 = EDGE_CURVE ( 'NONE', #1870, #5570, #1534, .T. ) ;
#615 = ORIENTED_EDGE ( 'NONE', *, *, #5238, .T. ) ;
#616 = VECTOR ( 'NONE', #6093, 1000.000000000000000 ) ;
#617 = DIRECTION ( 'NONE',  ( -0.000000000000000000, -0.000000000000000000, -1.000000000000000000 ) ) ;
#618 = EDGE_LOOP ( 'NONE', ( #7597, #7383, #7185, #3004 ) ) ;
#619 = DIRECTION ( 'NONE',  ( -0.1391731009600660485, -0.9902680687415703620, -0.000000000000000000 ) ) ;
#620 = CARTESIAN_POINT ( 'NONE',  ( -74.01841523825177660, 441.4216607543468172, -25.60660171779821681 ) ) ;
#621 = DIRECTION ( 'NONE',  ( 0.000000000000000000, 0.000000000000000000, 1.000000000000000000 ) ) ;
#622 = CARTESIAN_POINT ( 'NONE',  ( -86.01652424666569630, 323.7848429219907871, -25.09844689851518851 ) ) ;
#623 = AXIS2_PLACEMENT_3D ( 'NONE', #1011, #2195, #7355 ) ;
#624 = CARTESIAN_POINT ( 'NONE',  ( 35.00000000000000000, 389.7200000000000273, -30.00000000000001776 ) ) ;
#625 = CARTESIAN_POINT ( 'NONE',  ( -111.9999999999999858, 0.000000000000000000, 30.00000000000000000 ) ) ;
#626 = EDGE_CURVE ( 'NONE', #1392, #4389, #7606, .T. ) ;
#627 = EDGE_LOOP ( 'NONE', ( #2768, #3924, #5821, #7723 ) ) ;
#628 = CARTESIAN_POINT ( 'NONE',  ( 144.8183451896672125, 20.35289111322546063, -25.00000000000002132 ) ) ;
#629 = VECTOR ( 'NONE', #3223, 1000.000000000000000 ) ;
#630 = DIRECTION ( 'NONE',  ( 1.000000000000000000, -1.015794745118904234E-15, 0.000000000000000000 ) ) ;
#631 = ORIENTED_EDGE ( 'NONE', *, *, #2216, .T. ) ;
#632 = CARTESIAN_POINT ( 'NONE',  ( 76.13679048190851972, 438.5910271985748068, -22.07106781186551103 ) ) ;
#633 = DIRECTION ( 'NONE',  ( 1.000000000000000000, 0.000000000000000000, 0.000000000000000000 ) ) ;
#634 = CARTESIAN_POINT ( 'NONE',  ( -111.9999999999999858, -59.00000000000001421, -24.99999999999999645 ) ) ;
#635 = DIRECTION ( 'NONE',  ( 0.000000000000000000, 0.000000000000000000, 1.000000000000000000 ) ) ;
#636 = AXIS2_PLACEMENT_3D ( 'NONE', #1566, #6239, #8159 ) ;
#637 = EDGE_CURVE ( 'NONE', #7594, #6165, #533, .T. ) ;
#638 = ORIENTED_EDGE ( 'NONE', *, *, #7090, .T. ) ;
#639 = SURFACE_SIDE_STYLE ('',( #2512 ) ) ;
#640 = ORIENTED_EDGE ( 'NONE', *, *, #2443, .T. ) ;
#641 = CARTESIAN_POINT ( 'NONE',  ( -79.31794751070692939, 436.8057032612485955, -26.75894635202214999 ) ) ;
#642 = CIRCLE ( 'NONE', #6858, 4.999999999999999112 ) ;
#643 = ORIENTED_EDGE ( 'NONE', *, *, #5708, .T. ) ;
#644 = DIRECTION ( 'NONE',  ( -0.000000000000000000, -0.000000000000000000, -1.000000000000000000 ) ) ;
#645 = CARTESIAN_POINT ( 'NONE',  ( 87.84926377101091077, 307.3854555223966258, -13.53934502381826377 ) ) ;
#646 = CARTESIAN_POINT ( 'NONE',  ( -100.1552701557799026, 259.1089210392215705, -30.00000000000000000 ) ) ;
#647 = CARTESIAN_POINT ( 'NONE',  ( -100.9999999999987779, 1.000000000000002442, 0.000000000000000000 ) ) ;
#648 = B_SPLINE_CURVE_WITH_KNOTS ( 'NONE', 3,
 ( #2565, #8270, #2480, #5716, #5080, #7674, #605, #1260, #6400, #2695, #5888, #697 ),
 .UNSPECIFIED., .F., .F.,
 ( 4, 2, 2, 2, 2, 4 ),
 ( 0.000000000000000000, 0.002475508953738891644, 0.003713263430608338116, 0.004951017907477783288, 0.007426526861216673631, 0.009902035814955564841 ),
 .UNSPECIFIED. ) ;
#649 = AXIS2_PLACEMENT_3D ( 'NONE', #3879, #484, #1773 ) ;
#650 = ORIENTED_EDGE ( 'NONE', *, *, #6636, .T. ) ;
#651 = CARTESIAN_POINT ( 'NONE',  ( 489.0000000000001137, 402.3800000000000523, 27.99999999999999645 ) ) ;
#652 = VECTOR ( 'NONE', #7809, 1000.000000000000000 ) ;
#653 = CARTESIAN_POINT ( 'NONE',  ( -489.0000000000001137, 402.3800000000000523, -27.99999999999999289 ) ) ;
#654 = ORIENTED_EDGE ( 'NONE', *, *, #970, .T. ) ;
#655 = DIRECTION ( 'NONE',  ( -0.000000000000000000, 0.000000000000000000, 1.000000000000000000 ) ) ;
#656 = CIRCLE ( 'NONE', #509, 15.00000000000002487 ) ;
#657 = CARTESIAN_POINT ( 'NONE',  ( -77.21739130434782794, 448.4714566206622521, 10.85786437626888201 ) ) ;
#658 = DIRECTION ( 'NONE',  ( -1.000000000000000000, 0.000000000000000000, 0.000000000000000000 ) ) ;
#659 = ORIENTED_EDGE ( 'NONE', *, *, #3378, .T. ) ;
#660 = ORIENTED_EDGE ( 'NONE', *, *, #907, .T. ) ;
#661 = DIRECTION ( 'NONE',  ( -0.1279686916634571736, -0.9105445540782414193, -0.3931063838102859531 ) ) ;
#662 = ORIENTED_EDGE ( 'NONE', *, *, #598, .F. ) ;
#663 = CARTESIAN_POINT ( 'NONE',  ( -88.38679590856602886, 306.9194837050678188, -14.42635551482005773 ) ) ;
#664 = CIRCLE ( 'NONE', #1629, 5.000000000000000888 ) ;
#665 = EDGE_CURVE ( 'NONE', #6036, #3905, #6243, .T. ) ;
#666 = CARTESIAN_POINT ( 'NONE',  ( -84.33712561902468963, 322.2466876412088368, -20.22121744950590738 ) ) ;
#667 = CARTESIAN_POINT ( 'NONE',  ( -87.99081760131181795, 309.7370157631912093, -18.27188472689564591 ) ) ;
#668 = CARTESIAN_POINT ( 'NONE',  ( 117.0000000016515855, -13.99999999999977263, 0.000000000000000000 ) ) ;
#669 = CARTESIAN_POINT ( 'NONE',  ( 86.07263358526051888, 323.3856042330082232, 24.99999999999999645 ) ) ;
#670 = DIRECTION ( 'NONE',  ( -1.000000000000000000, -0.000000000000000000, -0.000000000000000000 ) ) ;
#671 = ORIENTED_EDGE ( 'NONE', *, *, #7042, .F. ) ;
#672 = AXIS2_PLACEMENT_3D ( 'NONE', #4331, #6913, #3702 ) ;
#673 = DIRECTION ( 'NONE',  ( -0.1391731009604045555, 0.9902680687415226224, -0.000000000000000000 ) ) ;
#674 = FACE_OUTER_BOUND ( 'NONE', #6341, .T. ) ;
#675 = ORIENTED_EDGE ( 'NONE', *, *, #7883, .T. ) ;
#676 = CARTESIAN_POINT ( 'NONE',  ( 83.93619253030961147, 324.8289773764569190, 21.46446609406723383 ) ) ;
#677 = CIRCLE ( 'NONE', #6777, 4.999999999999999112 ) ;
#678 = ADVANCED_FACE ( 'NONE', ( #2705 ), #1407, .F. ) ;
#679 = DIRECTION ( 'NONE',  ( -0.000000000000000000, -1.000000000000000000, -0.000000000000000000 ) ) ;
#680 = EDGE_CURVE ( 'NONE', #6413, #2401, #307, .T. ) ;
#681 = CARTESIAN_POINT ( 'NONE',  ( -87.94143215966424521, 346.0148941111710883, 24.99999999999999645 ) ) ;
#682 = DIRECTION ( 'NONE',  ( 0.000000000000000000, 0.000000000000000000, -1.000000000000000000 ) ) ;
#683 = ORIENTED_EDGE ( 'NONE', *, *, #6099, .F. ) ;
#684 = VERTEX_POINT ( 'NONE', #1480 ) ;
#685 = AXIS2_PLACEMENT_3D ( 'NONE', #2670, #5227, #2754 ) ;
#686 = CARTESIAN_POINT ( 'NONE',  ( -75.84929256821381216, 433.4015764872696082, 24.53027162508119474 ) ) ;
#687 = ORIENTED_EDGE ( 'NONE', *, *, #2023, .T. ) ;
#688 = B_SPLINE_CURVE_WITH_KNOTS ( 'NONE', 3,
 ( #3116, #2444, #1133, #6364 ),
 .UNSPECIFIED., .F., .F.,
 ( 4, 4 ),
 ( 0.000000000000000000, 0.008679843527279599777 ),
 .UNSPECIFIED. ) ;
#689 = CARTESIAN_POINT ( 'NONE',  ( -79.03074986586925377, 440.5684048369119523, -25.65777687754250280 ) ) ;
#690 = VERTEX_POINT ( 'NONE', #152 ) ;
#691 = CARTESIAN_POINT ( 'NONE',  ( 290.9999999983658086, 204.1311561622549107, 30.00000000000000000 ) ) ;
#692 = ADVANCED_FACE ( 'NONE', ( #2025 ), #7987, .F. ) ;
#693 = CARTESIAN_POINT ( 'NONE',  ( 117.0000000016515571, 16.00000000000022737, 1.836970198721029589E-15 ) ) ;
#694 = EDGE_CURVE ( 'NONE', #6983, #6710, #4890, .T. ) ;
#695 = DIRECTION ( 'NONE',  ( 1.000000000000000000, 0.000000000000000000, 0.000000000000000000 ) ) ;
#696 = VECTOR ( 'NONE', #3284, 1000.000000000000000 ) ;
#697 = CARTESIAN_POINT ( 'NONE',  ( -76.13679048190853393, 438.5910271985749205, -22.07106781186546485 ) ) ;
#698 = TOROIDAL_SURFACE ( 'NONE', #5409, 394.9999999999878924, 3.000000000000000000 ) ;
#699 = VERTEX_POINT ( 'NONE', #1561 ) ;
#700 = CARTESIAN_POINT ( 'NONE',  ( -76.12750580968061342, 438.8397205544216604, -21.86639485519085113 ) ) ;
#701 = VECTOR ( 'NONE', #5836, 1000.000000000000000 ) ;
#702 = DIRECTION ( 'NONE',  ( 1.000000000000000000, 0.000000000000000000, 0.000000000000000000 ) ) ;
#703 = ORIENTED_EDGE ( 'NONE', *, *, #5428, .T. ) ;
#704 = CARTESIAN_POINT ( 'NONE',  ( -130.9545922270419567, 18.40446769963999074, 24.99999999999999645 ) ) ;
#705 = DIRECTION ( 'NONE',  ( -0.000000000000000000, 0.000000000000000000, 1.000000000000000000 ) ) ;
#706 = AXIS2_PLACEMENT_3D ( 'NONE', #6697, #4161, #1674 ) ;
#707 = CIRCLE ( 'NONE', #5421, 113.1021356237323516 ) ;
#708 = ORIENTED_EDGE ( 'NONE', *, *, #2579, .T. ) ;
#709 = DIRECTION ( 'NONE',  ( 0.000000000000000000, 0.000000000000000000, 1.000000000000000000 ) ) ;
#710 = ORIENTED_EDGE ( 'NONE', *, *, #4220, .F. ) ;
#711 = ADVANCED_FACE ( 'NONE', ( #879 ), #3965, .T. ) ;
#712 = DIRECTION ( 'NONE',  ( -1.000000000000000000, 0.000000000000000000, 0.000000000000000000 ) ) ;
#713 = DIRECTION ( 'NONE',  ( -0.000000000000000000, -0.000000000000000000, -1.000000000000000000 ) ) ;
#714 = CARTESIAN_POINT ( 'NONE',  ( 117.0000000016515713, 1.000000000000225597, 0.000000000000000000 ) ) ;
#715 = DIRECTION ( 'NONE',  ( -0.000000000000000000, 0.000000000000000000, 1.000000000000000000 ) ) ;
#716 = CARTESIAN_POINT ( 'NONE',  ( 133.9253964332667692, 18.82198700251879231, 24.99999999999999645 ) ) ;
#717 = LINE ( 'NONE', #625, #3900 ) ;
#718 = CIRCLE ( 'NONE', #5564, 5.000000000000004441 ) ;
#719 = EDGE_LOOP ( 'NONE', ( #6513, #8092, #6138, #2193 ) ) ;
#720 = ADVANCED_FACE ( 'NONE', ( #4006 ), #4130, .F. ) ;
#721 = CARTESIAN_POINT ( 'NONE',  ( 75.33974596215561803, 402.3800000000000523, 30.00000000000000355 ) ) ;
#722 = DIRECTION ( 'NONE',  ( 0.000000000000000000, 1.000000000000000000, 0.000000000000000000 ) ) ;
#723 = ORIENTED_EDGE ( 'NONE', *, *, #7099, .F. ) ;
#724 = CARTESIAN_POINT ( 'NONE',  ( 78.28250642448394103, 430.2602869953202571, -25.09701063455953829 ) ) ;
#725 = VECTOR ( 'NONE', #4078, 1000.000000000000114 ) ;
#726 = CARTESIAN_POINT ( 'NONE',  ( 79.00000000000000000, 443.6500996525036271, 23.81531135359928086 ) ) ;
#727 = DIRECTION ( 'NONE',  ( 0.1391839635391997620, -0.9902665420448772959, 0.000000000000000000 ) ) ;
#728 = DIRECTION ( 'NONE',  ( 0.9902680687416326455, -0.1391731009596221258, 0.000000000000000000 ) ) ;
#729 = VERTEX_POINT ( 'NONE', #7905 ) ;
#730 = EDGE_CURVE ( 'NONE', #8281, #6574, #6459, .T. ) ;
#731 = EDGE_CURVE ( 'NONE', #7676, #1283, #2750, .T. ) ;
#732 = LINE ( 'NONE', #2729, #4096 ) ;
#733 = ORIENTED_EDGE ( 'NONE', *, *, #6366, .T. ) ;
#734 = CARTESIAN_POINT ( 'NONE',  ( -79.00920761912588830, 441.4216607543468740, -25.30330085889908531 ) ) ;
#735 = ORIENTED_EDGE ( 'NONE', *, *, #2356, .T. ) ;
#736 = FACE_OUTER_BOUND ( 'NONE', #7237, .T. ) ;
#737 = CARTESIAN_POINT ( 'NONE',  ( 88.01981293824051988, 306.7438018476049706, -12.94506107274259499 ) ) ;
#738 = CYLINDRICAL_SURFACE ( 'NONE', #3627, 6.999999999999988454 ) ;
#739 = DIRECTION ( 'NONE',  ( 0.9902680687416326455, -0.1391731009596221258, 0.000000000000000000 ) ) ;
#741 = EDGE_CURVE ( 'NONE', #2431, #8348, #7678, .T. ) ;
#740 = ORIENTED_EDGE ( 'NONE', *, *, #4930, .T. ) ;
#742 = CARTESIAN_POINT ( 'NONE',  ( -79.00000000000000000, 452.2987785557373854, 30.00000000000000000 ) ) ;
#743 = EDGE_CURVE ( 'NONE', #1083, #5768, #718, .T. ) ;
#744 = FACE_OUTER_BOUND ( 'NONE', #7750, .T. ) ;
#745 = ORIENTED_EDGE ( 'NONE', *, *, #2216, .F. ) ;
#746 = DIRECTION ( 'NONE',  ( -0.000000000000000000, -0.000000000000000000, -1.000000000000000000 ) ) ;
#747 = DIRECTION ( 'NONE',  ( -1.000000000000000000, 0.000000000000000000, 0.000000000000000000 ) ) ;
#748 = CARTESIAN_POINT ( 'NONE',  ( -76.19132307818752281, 443.8574745705747091, -17.92893218813443923 ) ) ;
#750 = EDGE_CURVE ( 'NONE', #5133, #1768, #3040, .T. ) ;
#749 = VERTEX_POINT ( 'NONE', #1646 ) ;
#751 = CARTESIAN_POINT ( 'NONE',  ( -86.07263358525857200, 323.3856042330221499, -24.99999999999999289 ) ) ;
#752 = ORIENTED_EDGE ( 'NONE', *, *, #8319, .T. ) ;
#753 = LINE ( 'NONE', #3338, #3 ) ;
#754 = DIRECTION ( 'NONE',  ( -0.000000000000000000, -0.000000000000000000, -1.000000000000000000 ) ) ;
#755 = CARTESIAN_POINT ( 'NONE',  ( -87.82883210115497263, 310.8896024864762921, -19.00165422841973495 ) ) ;
#756 = CARTESIAN_POINT ( 'NONE',  ( -85.38049335601648693, 330.0233222484164344, 26.53053656411903916 ) ) ;
#757 = CARTESIAN_POINT ( 'NONE',  ( 117.0000000016510455, 509.0000000000001137, 0.000000000000000000 ) ) ;
#758 = CARTESIAN_POINT ( 'NONE',  ( 77.07342186915909110, 447.8322861206095808, 13.73996354959390054 ) ) ;
#759 = EDGE_CURVE ( 'NONE', #3081, #6, #1935, .T. ) ;
#760 = ORIENTED_EDGE ( 'NONE', *, *, #325, .F. ) ;
#761 = CARTESIAN_POINT ( 'NONE',  ( -60.00000000000000000, 389.7200000000000273, -37.00000000000000711 ) ) ;
#762 = VECTOR ( 'NONE', #1231, 1000.000000000000000 ) ;
#763 = ORIENTED_EDGE ( 'NONE', *, *, #5121, .T. ) ;
#764 = CARTESIAN_POINT ( 'NONE',  ( 76.13679048190853393, 438.5910271985745794, 22.07106781186551814 ) ) ;
#765 = CARTESIAN_POINT ( 'NONE',  ( -85.91496060409230040, 324.5736652630491790, 25.30330085889915637 ) ) ;
#766 = DIRECTION ( 'NONE',  ( 1.000000000000000000, 0.000000000000000000, 0.000000000000000000 ) ) ;
#767 = CARTESIAN_POINT ( 'NONE',  ( 84.00000000000000000, 538.9999999999998863, -30.00000000000000000 ) ) ;
#768 = ORIENTED_EDGE ( 'NONE', *, *, #1048, .T. ) ;
#769 = CARTESIAN_POINT ( 'NONE',  ( 84.63170362907779065, 330.7180231194465136, -24.52258924794359629 ) ) ;
#770 = DIRECTION ( 'NONE',  ( 0.000000000000000000, 0.000000000000000000, 1.000000000000000000 ) ) ;
#771 = ORIENTED_EDGE ( 'NONE', *, *, #5725, .F. ) ;
#772 = DIRECTION ( 'NONE',  ( -0.1391731009596216817, 0.9902680687416326455, -0.000000000000000000 ) ) ;
#773 = CARTESIAN_POINT ( 'NONE',  ( -85.74153377186820535, 325.9687353242373433, 25.67217370979291857 ) ) ;
#774 = AXIS2_PLACEMENT_3D ( 'NONE', #4236, #4940, #7535 ) ;
#775 = CARTESIAN_POINT ( 'NONE',  ( -88.27822797942756949, 305.7617627650387249, 10.85786437626894774 ) ) ;
#776 = DIRECTION ( 'NONE',  ( 0.000000000000000000, 1.000000000000000000, 0.000000000000000000 ) ) ;
#777 = ORIENTED_EDGE ( 'NONE', *, *, #5228, .T. ) ;
#778 = CIRCLE ( 'NONE', #5229, 5.000000000000004441 ) ;
#779 = CARTESIAN_POINT ( 'NONE',  ( 85.14916676944930884, 316.9951061200580398, -17.92893218813447476 ) ) ;
#780 = CARTESIAN_POINT ( 'NONE',  ( 104.0000000016221264, 204.1311561622549107, 30.00000000000000000 ) ) ;
#781 = ORIENTED_EDGE ( 'NONE', *, *, #2839, .T. ) ;
#782 = CARTESIAN_POINT ( 'NONE',  ( 88.27822797942752686, 305.7617627650388386, 11.16055092737930821 ) ) ;
#783 = CARTESIAN_POINT ( 'NONE',  ( 111.0482130184905714, 260.6398670843315699, 30.00000000000000000 ) ) ;
#784 = ADVANCED_FACE ( 'NONE', ( #7478 ), #2910, .T. ) ;
#785 = ADVANCED_FACE ( 'NONE', ( #4794 ), #1722, .F. ) ;
#786 = DIRECTION ( 'NONE',  ( 0.000000000000000000, 0.000000000000000000, 1.000000000000000000 ) ) ;
#787 = AXIS2_PLACEMENT_3D ( 'NONE', #104, #3330, #149 ) ;
#788 = ORIENTED_EDGE ( 'NONE', *, *, #730, .T. ) ;
#789 = AXIS2_PLACEMENT_3D ( 'NONE', #3593, #2331, #5363 ) ;
#790 = CIRCLE ( 'NONE', #5511, 127.0710678118657171 ) ;
#791 = VERTEX_POINT ( 'NONE', #5592 ) ;
#792 = DIRECTION ( 'NONE',  ( -1.000000000000000000, -0.000000000000000000, -0.000000000000000000 ) ) ;
#793 = LINE ( 'NONE', #5188, #4400 ) ;
#794 = CARTESIAN_POINT ( 'NONE',  ( 74.00000000000000000, 452.2987785557373854, 25.00000000000000000 ) ) ;
#795 = AXIS2_PLACEMENT_3D ( 'NONE', #1509, #695, #5210 ) ;
#796 = EDGE_CURVE ( 'NONE', #1757, #491, #8187, .T. ) ;
#797 = CARTESIAN_POINT ( 'NONE',  ( -85.61960399230162011, 327.2390016671018884, 25.97677749543437287 ) ) ;
#798 = CYLINDRICAL_SURFACE ( 'NONE', #2566, 15.00000000000000000 ) ;
#799 = CIRCLE ( 'NONE', #7421, 408.0000000000001137 ) ;
#800 = CIRCLE ( 'NONE', #7276, 4.999999999999997335 ) ;
#801 = ORIENTED_EDGE ( 'NONE', *, *, #1500, .T. ) ;
#802 = FACE_OUTER_BOUND ( 'NONE', #618, .T. ) ;
#803 = AXIS2_PLACEMENT_3D ( 'NONE', #7046, #5634, #2485 ) ;
#804 = EDGE_LOOP ( 'NONE', ( #1250, #1513 ) ) ;
#805 = LINE ( 'NONE', #4103, #7792 ) ;
#806 = DIRECTION ( 'NONE',  ( 0.000000000000000000, -0.6239876012543612571, -0.7814342413030211931 ) ) ;
#807 = DIRECTION ( 'NONE',  ( -1.000000000000000000, -0.000000000000000000, -0.000000000000000000 ) ) ;
#808 = CARTESIAN_POINT ( 'NONE',  ( 0.000000000000000000, -59.00000000000001421, -27.99999999999999645 ) ) ;
#809 = CIRCLE ( 'NONE', #5524, 3.000000000000002665 ) ;
#810 = ORIENTED_EDGE ( 'NONE', *, *, #2500, .F. ) ;
#811 = CARTESIAN_POINT ( 'NONE',  ( 82.26725572997585800, 332.2019252943028391, -24.02079000206306247 ) ) ;
#812 = LINE ( 'NONE', #6610, #281 ) ;
#813 = VERTEX_POINT ( 'NONE', #3579 ) ;
#814 = CARTESIAN_POINT ( 'NONE',  ( -79.00000000000002842, 444.7029275826948265, 19.00627177607255192 ) ) ;
#815 = CARTESIAN_POINT ( 'NONE',  ( 88.16422122599657030, 306.1965449165959399, -12.25776183054362534 ) ) ;
#816 = CARTESIAN_POINT ( 'NONE',  ( -85.20662080606307143, 332.1492004551426476, -26.87076033990645030 ) ) ;
#817 = CARTESIAN_POINT ( 'NONE',  ( -87.66254144656542735, 308.0832871988996544, 14.08164561011064642 ) ) ;
#818 = CARTESIAN_POINT ( 'NONE',  ( 76.45337304069565221, 445.0501025456156867, -17.09225829091655768 ) ) ;
#819 = CIRCLE ( 'NONE', #2586, 389.9999999999878924 ) ;
#820 = ORIENTED_EDGE ( 'NONE', *, *, #5618, .F. ) ;
#821 = ORIENTED_EDGE ( 'NONE', *, *, #1013, .F. ) ;
#822 =( BOUNDED_SURFACE ( )  B_SPLINE_SURFACE ( 3, 2, ( 
 ( #1463, #3405, #140 ),
 ( #5975, #7128, #181 ),
 ( #1299, #5297, #4661 ),
 ( #1343, #5171, #5252 ) ),
 .UNSPECIFIED., .F., .F., .F. ) 
 B_SPLINE_SURFACE_WITH_KNOTS ( ( 4, 4 ),
 ( 3, 3 ),
 ( 0.05398186449265940379, 0.05493491505995333479 ),
 ( 0.000000000000000000, 1.000000000000000000 ),
 .UNSPECIFIED. ) 
 GEOMETRIC_REPRESENTATION_ITEM ( )  RATIONAL_B_SPLINE_SURFACE ( (
 ( 1.000000000000000000, 0.8442925371453685601, 1.000000000000000000),
 ( 1.000000000000000000, 0.8482847834466663572, 1.000000000000000000),
 ( 1.000000000000000000, 0.8522178679127009326, 1.000000000000000000),
 ( 1.000000000000000000, 0.8560923022222640677, 1.000000000000000000) ) ) 
 REPRESENTATION_ITEM ( '' )  SURFACE ( )  );
#823 = DIRECTION ( 'NONE',  ( 0.000000000000000000, -1.000000000000000000, 0.000000000000000000 ) ) ;
#824 = LINE ( 'NONE', #1302, #2574 ) ;
#825 = VERTEX_POINT ( 'NONE', #402 ) ;
#826 = DIRECTION ( 'NONE',  ( -0.9902680687416325345, 0.1391731009596222646, 0.000000000000000000 ) ) ;
#827 = VECTOR ( 'NONE', #2784, 1000.000000000000000 ) ;
#828 = CARTESIAN_POINT ( 'NONE',  ( 84.97062795343929054, 345.5973748082924430, 30.00000000000000000 ) ) ;
#829 = VECTOR ( 'NONE', #4913, 1000.000000000000000 ) ;
#830 = DIRECTION ( 'NONE',  ( 0.000000000000000000, -1.000000000000000000, 0.000000000000000000 ) ) ;
#831 = VECTOR ( 'NONE', #2392, 1000.000000000000000 ) ;
#832 = ORIENTED_EDGE ( 'NONE', *, *, #1361, .F. ) ;
#833 = ADVANCED_FACE ( 'NONE', ( #2994 ), #4091, .F. ) ;
#834 = CARTESIAN_POINT ( 'NONE',  ( -83.93619253030963989, 324.8289773764569190, 21.46446609406724093 ) ) ;
#835 = EDGE_CURVE ( 'NONE', #151, #4723, #3823, .T. ) ;
#836 = ORIENTED_EDGE ( 'NONE', *, *, #160, .F. ) ;
#837 = ADVANCED_FACE ( 'NONE', ( #6071 ), #359, .F. ) ;
#838 = DIRECTION ( 'NONE',  ( 0.000000000000000000, -0.000000000000000000, -1.000000000000000000 ) ) ;
#839 = CYLINDRICAL_SURFACE ( 'NONE', #6708, 2.999999999999999112 ) ;
#840 = AXIS2_PLACEMENT_3D ( 'NONE', #3308, #5873, #5060 ) ;
#841 = CIRCLE ( 'NONE', #1656, 4.999999999999999112 ) ;
#842 = CARTESIAN_POINT ( 'NONE',  ( -84.63170362907246158, 330.7180231194681141, 24.52258924794369932 ) ) ;
#843 = CARTESIAN_POINT ( 'NONE',  ( 76.79857163362359529, 446.6047564644537715, 15.55974222985417121 ) ) ;
#844 = ORIENTED_EDGE ( 'NONE', *, *, #2719, .F. ) ;
#845 = EDGE_LOOP ( 'NONE', ( #4443, #638, #7047, #3651 ) ) ;
#846 = ADVANCED_FACE ( 'NONE', ( #2232 ), #8155, .T. ) ;
#847 = AXIS2_PLACEMENT_3D ( 'NONE', #8283, #5727, #5820 ) ;
#848 = ADVANCED_FACE ( 'NONE', ( #1602 ), #6848, .F. ) ;
#849 = EDGE_CURVE ( 'NONE', #2902, #2489, #4366, .T. ) ;
#850 = EDGE_LOOP ( 'NONE', ( #6803, #6914, #7455, #4339, #3121, #165, #6890, #6279, #5359, #4884, #2121, #7442 ) ) ;
#851 = CARTESIAN_POINT ( 'NONE',  ( -79.56230652852110552, 433.4609724864941995, 27.30542804984099448 ) ) ;
#852 = CARTESIAN_POINT ( 'NONE',  ( -78.99999999998546230, 449.9699847844096894, -11.69295997379015439 ) ) ;
#853 = DIRECTION ( 'NONE',  ( 0.000000000000000000, 0.000000000000000000, -1.000000000000000000 ) ) ;
#854 =( BOUNDED_SURFACE ( )  B_SPLINE_SURFACE ( 3, 2, ( 
 ( #542, #3935, #6861 ),
 ( #1867, #2589, #5152 ),
 ( #7834, #7108, #2679 ),
 ( #3895, #6469, #3266 ) ),
 .UNSPECIFIED., .F., .F., .F. ) 
 B_SPLINE_SURFACE_WITH_KNOTS ( ( 4, 4 ),
 ( 3, 3 ),
 ( 0.000000000000000000, 0.008483116471232225730 ),
 ( 0.000000000000000000, 1.000000000000000000 ),
 .UNSPECIFIED. ) 
 GEOMETRIC_REPRESENTATION_ITEM ( )  RATIONAL_B_SPLINE_SURFACE ( (
 ( 1.000000000000000000, 0.9053250720433912990, 1.000000000000000000),
 ( 1.000000000000000000, 0.9033289978428448164, 1.000000000000000000),
 ( 1.000000000000000000, 0.9012686981041597711, 1.000000000000000000),
 ( 1.000000000000000000, 0.8991790343835333044, 1.000000000000000000) ) ) 
 REPRESENTATION_ITEM ( '' )  SURFACE ( )  );
#855 = DIRECTION ( 'NONE',  ( 1.000000000000000000, 4.811724380761228754E-10, 0.000000000000000000 ) ) ;
#856 = VECTOR ( 'NONE', #4664, 1000.000000000000000 ) ;
#857 = ORIENTED_EDGE ( 'NONE', *, *, #1880, .T. ) ;
#858 = EDGE_CURVE ( 'NONE', #5700, #7950, #2646, .T. ) ;
#859 = DIRECTION ( 'NONE',  ( 0.000000000000000000, 0.000000000000000000, -1.000000000000000000 ) ) ;
#860 = VECTOR ( 'NONE', #3918, 1000.000000000000000 ) ;
#861 = DIRECTION ( 'NONE',  ( -0.000000000000000000, -0.000000000000000000, -1.000000000000000000 ) ) ;
#862 = ORIENTED_EDGE ( 'NONE', *, *, #56, .F. ) ;
#863 = CARTESIAN_POINT ( 'NONE',  ( -76.14880969103562336, 440.8423824452107169, 20.27977733759332324 ) ) ;
#864 = DIRECTION ( 'NONE',  ( 1.000000000000000000, 0.000000000000000000, 0.000000000000000000 ) ) ;
#865 = CARTESIAN_POINT ( 'NONE',  ( -79.88621320722880625, 341.1042618279727776, -25.00000000000000355 ) ) ;
#866 = CARTESIAN_POINT ( 'NONE',  ( -79.00000000000356692, 447.9608415439021769, 16.24677591973168944 ) ) ;
#867 = EDGE_CURVE ( 'NONE', #7761, #8325, #3420, .T. ) ;
#868 = VERTEX_POINT ( 'NONE', #1215 ) ;
#869 = ADVANCED_FACE ( 'NONE', ( #1969 ), #4454, .T. ) ;
#870 = FACE_OUTER_BOUND ( 'NONE', #7166, .T. ) ;
#871 = CARTESIAN_POINT ( 'NONE',  ( -290.9999999983658086, 204.1311561622549107, 24.99999999999999645 ) ) ;
#872 = CARTESIAN_POINT ( 'NONE',  ( -76.45329411605523262, 445.0497446004492872, -17.09252846331443365 ) ) ;
#873 = VERTEX_POINT ( 'NONE', #6315 ) ;
#874 = CARTESIAN_POINT ( 'NONE',  ( 85.47019033122532505, 315.9031913261500790, 17.59755842021370853 ) ) ;
#875 = FACE_OUTER_BOUND ( 'NONE', #1865, .T. ) ;
#876 = DIRECTION ( 'NONE',  ( 1.000000000000000000, 0.000000000000000000, 0.000000000000000000 ) ) ;
#877 =( BOUNDED_SURFACE ( )  B_SPLINE_SURFACE ( 3, 2, ( 
 ( #4158, #220, #6661 ),
 ( #1670, #2816, #2933 ),
 ( #3605, #305, #7376 ),
 ( #1633, #5377, #345 ) ),
 .UNSPECIFIED., .F., .F., .T. ) 
 B_SPLINE_SURFACE_WITH_KNOTS ( ( 4, 4 ),
 ( 3, 3 ),
 ( 0.05398186449262651343, 0.05493491505989296642 ),
 ( 0.000000000000000000, 1.000000000000000000 ),
 .UNSPECIFIED. ) 
 GEOMETRIC_REPRESENTATION_ITEM ( )  RATIONAL_B_SPLINE_SURFACE ( (
 ( 1.000000000000000000, 0.8442925371456623251, 1.000000000000000000),
 ( 1.000000000000000000, 0.8482847834468303372, 1.000000000000000000),
 ( 1.000000000000000000, 0.8522178679127602186, 1.000000000000000000),
 ( 1.000000000000000000, 0.8560923022222118872, 1.000000000000000000) ) ) 
 REPRESENTATION_ITEM ( '' )  SURFACE ( )  );
#878 = EDGE_LOOP ( 'NONE', ( #5094, #675, #7357, #7178 ) ) ;
#879 = FACE_OUTER_BOUND ( 'NONE', #4526, .T. ) ;
#880 = VERTEX_POINT ( 'NONE', #2439 ) ;
#881 = CIRCLE ( 'NONE', #463, 2.999999999999999112 ) ;
#882 = DIRECTION ( 'NONE',  ( -0.000000000000000000, 0.000000000000000000, 1.000000000000000000 ) ) ;
#883 = CARTESIAN_POINT ( 'NONE',  ( 79.00000000000001421, 449.9699847857181680, 10.85786437626888379 ) ) ;
#884 = CARTESIAN_POINT ( 'NONE',  ( -108.0774164457364463, 260.2222934685545965, 24.99999999999999645 ) ) ;
#885 = CARTESIAN_POINT ( 'NONE',  ( -59.00000000000019185, 389.7200000000000273, -37.00000000000000711 ) ) ;
#886 = EDGE_CURVE ( 'NONE', #7538, #5062, #3017, .T. ) ;
#887 = ORIENTED_EDGE ( 'NONE', *, *, #6932, .F. ) ;
#888 = DIRECTION ( 'NONE',  ( -0.000000000000000000, 0.000000000000000000, 1.000000000000000000 ) ) ;
#889 = VERTEX_POINT ( 'NONE', #7770 ) ;
#890 = CARTESIAN_POINT ( 'NONE',  ( -88.65365335145125414, 305.0206943358021476, 11.14781647555092547 ) ) ;
#891 = CARTESIAN_POINT ( 'NONE',  ( -76.96930885305712877, 447.3683334532653362, -14.51763864891214517 ) ) ;
#892 = PLANE ( 'NONE',  #7126 ) ;
#893 = DIRECTION ( 'NONE',  ( 1.000000000000000000, 0.000000000000000000, 0.000000000000000000 ) ) ;
#894 = ADVANCED_FACE ( 'NONE', ( #6359 ), #8153, .T. ) ;
#895 = EDGE_CURVE ( 'NONE', #1929, #825, #1268, .T. ) ;
#896 = VERTEX_POINT ( 'NONE', #3155 ) ;
#897 = VECTOR ( 'NONE', #4261, 1000.000000000000000 ) ;
#898 = CARTESIAN_POINT ( 'NONE',  ( 80.09661728454389618, 340.4694332900464246, -25.00000000000000000 ) ) ;
#899 = CARTESIAN_POINT ( 'NONE',  ( -98.99999999999469935, 204.1300253685547261, 24.99999999999999645 ) ) ;
#900 = EDGE_LOOP ( 'NONE', ( #1159, #2841, #4572, #1300 ) ) ;
#901 = CARTESIAN_POINT ( 'NONE',  ( 290.9999999983658086, 204.1311561622549107, -24.99999999999999289 ) ) ;
#902 = B_SPLINE_CURVE_WITH_KNOTS ( 'NONE', 3,
 ( #444, #7989, #2194, #4760 ),
 .UNSPECIFIED., .F., .F.,
 ( 4, 4 ),
 ( 0.000000000000000000, 0.001236260972071231328 ),
 .UNSPECIFIED. ) ;
#903 = CARTESIAN_POINT ( 'NONE',  ( -95.20393762187492825, 258.4129999647863087, -24.99999999999999289 ) ) ;
#904 = CARTESIAN_POINT ( 'NONE',  ( -77.07342186915910531, 447.8322861206096377, 13.73996354959340493 ) ) ;
#905 = CARTESIAN_POINT ( 'NONE',  ( -79.00000000000000000, 449.9699847847894034, 11.69129586437391133 ) ) ;
#906 = LINE ( 'NONE', #4867, #6467 ) ;
#907 = EDGE_CURVE ( 'NONE', #3885, #6497, #8284, .T. ) ;
#908 = VERTEX_POINT ( 'NONE', #7677 ) ;
#909 = DIRECTION ( 'NONE',  ( 0.1391731009604045832, -0.9902680687415227334, 0.000000000000000000 ) ) ;
#910 = CARTESIAN_POINT ( 'NONE',  ( 111.9999999999999858, -59.00000000000001421, 30.00000000000000000 ) ) ;
#911 = CYLINDRICAL_SURFACE ( 'NONE', #7022, 408.0000000000001137 ) ;
#912 = VECTOR ( 'NONE', #1913, 1000.000000000000000 ) ;
#913 = ORIENTED_EDGE ( 'NONE', *, *, #479, .F. ) ;
#914 = CYLINDRICAL_SURFACE ( 'NONE', #63, 2.999999999999993783 ) ;
#915 = CARTESIAN_POINT ( 'NONE',  ( 489.0000000000001137, 402.3800000000000523, -27.99999999999999289 ) ) ;
#916 = DIRECTION ( 'NONE',  ( -1.000000000000000000, 0.000000000000000000, 0.000000000000000000 ) ) ;
#917 = VECTOR ( 'NONE', #4642, 1000.000000000000000 ) ;
#918 = ORIENTED_EDGE ( 'NONE', *, *, #264, .F. ) ;
#919 = CARTESIAN_POINT ( 'NONE',  ( 78.99999999999387512, 440.1862244976169904, -22.52007178427947309 ) ) ;
#920 = ORIENTED_EDGE ( 'NONE', *, *, #3369, .T. ) ;
#921 = DIRECTION ( 'NONE',  ( 0.000000000000000000, 0.000000000000000000, 1.000000000000000000 ) ) ;
#922 = CYLINDRICAL_SURFACE ( 'NONE', #3066, 5.000000000000004441 ) ;
#923 = CARTESIAN_POINT ( 'NONE',  ( -92.00000000000000000, 538.9999999999998863, 24.99999999999999645 ) ) ;
#924 = EDGE_LOOP ( 'NONE', ( #7021, #5167, #3193, #1712 ) ) ;
#925 = AXIS2_PLACEMENT_3D ( 'NONE', #647, #4624, #4032 ) ;
#926 = DIRECTION ( 'NONE',  ( -1.000000000000000000, 0.000000000000000000, 0.000000000000000000 ) ) ;
#927 = ORIENTED_EDGE ( 'NONE', *, *, #5787, .F. ) ;
#928 = VECTOR ( 'NONE', #2086, 1000.000000000000000 ) ;
#929 = CARTESIAN_POINT ( 'NONE',  ( -87.65775906655636618, 308.1001393916485540, 14.07837000397713823 ) ) ;
#930 = CARTESIAN_POINT ( 'NONE',  ( -76.82628071798004044, 446.7289358868169415, -15.40996553462929519 ) ) ;
#931 = FACE_OUTER_BOUND ( 'NONE', #1457, .T. ) ;
#932 = CARTESIAN_POINT ( 'NONE',  ( -83.76585374409977192, 326.0466849473704087, -22.07106781186546485 ) ) ;
#933 = ORIENTED_EDGE ( 'NONE', *, *, #3059, .F. ) ;
#935 = EDGE_CURVE ( 'NONE', #80, #1283, #1541, .T. ) ;
#934 = CARTESIAN_POINT ( 'NONE',  ( 75.33974596215561803, 431.9154099485842266, 25.00000000000000000 ) ) ;
#936 = EDGE_CURVE ( 'NONE', #2431, #3723, #5433, .T. ) ;
#937 = VERTEX_POINT ( 'NONE', #6402 ) ;
#938 = CARTESIAN_POINT ( 'NONE',  ( -91.99999999999945999, -9.345311655093862863E-14, 24.99999999999999645 ) ) ;
#939 = CARTESIAN_POINT ( 'NONE',  ( -87.94143215966393257, 346.0148941111733052, -30.00000000000000000 ) ) ;
#940 = CARTESIAN_POINT ( 'NONE',  ( -82.68444343210580882, 330.3311402633144667, -23.53374367905535891 ) ) ;
#941 = VECTOR ( 'NONE', #722, 1000.000000000000000 ) ;
#942 = DIRECTION ( 'NONE',  ( 1.000000000000000000, 1.068062656601449089E-14, 0.000000000000000000 ) ) ;
#943 = AXIS2_PLACEMENT_3D ( 'NONE', #3951, #3105, #3283 ) ;
#944 = DIRECTION ( 'NONE',  ( 2.009438925630560469E-14, -1.000000000000000000, 0.000000000000000000 ) ) ;
#945 = VERTEX_POINT ( 'NONE', #1129 ) ;
#946 = VECTOR ( 'NONE', #3927, 1000.000000000000114 ) ;
#947 = DIRECTION ( 'NONE',  ( 0.1391731009596220703, 0.9902680687416326455, -0.000000000000000000 ) ) ;
#948 = CARTESIAN_POINT ( 'NONE',  ( 85.36156952086291483, 330.2148926419777126, -26.57774203025998716 ) ) ;
#949 = ADVANCED_FACE ( 'NONE', ( #607 ), #2342, .F. ) ;
#950 = EDGE_CURVE ( 'NONE', #7521, #1443, #4349, .T. ) ;
#951 = CARTESIAN_POINT ( 'NONE',  ( -76.63258762771350519, 445.8588659163452235, -16.35634277066032638 ) ) ;
#952 = ORIENTED_EDGE ( 'NONE', *, *, #5946, .F. ) ;
#953 = CARTESIAN_POINT ( 'NONE',  ( 96.99999999999985789, 402.3800000000000523, -24.99999999999999289 ) ) ;
#954 = DIRECTION ( 'NONE',  ( 0.9902680687415226224, -0.1391731009604053604, 0.000000000000000000 ) ) ;
#955 = VECTOR ( 'NONE', #4245, 1000.000000000000000 ) ;
#956 = LINE ( 'NONE', #1040, #18 ) ;
#957 = DIRECTION ( 'NONE',  ( -0.1391731009596216817, 0.9902680687416326455, -0.000000000000000000 ) ) ;
#958 = VERTEX_POINT ( 'NONE', #17 ) ;
#959 = DIRECTION ( 'NONE',  ( 0.1391731009596220703, 0.9902680687416326455, 0.000000000000000000 ) ) ;
#960 = CIRCLE ( 'NONE', #5668, 405.0000000000001137 ) ;
#961 = ORIENTED_EDGE ( 'NONE', *, *, #230, .T. ) ;
#962 = CARTESIAN_POINT ( 'NONE',  ( 111.9999999999999858, 0.000000000000000000, 24.99999999999999645 ) ) ;
#963 = CARTESIAN_POINT ( 'NONE',  ( 79.00000000000001421, 446.1428846072556098, 18.05751714110533612 ) ) ;
#964 = DIRECTION ( 'NONE',  ( 0.9902680687415233995, 0.1391731009603990321, 0.000000000000000000 ) ) ;
#965 = AXIS2_PLACEMENT_3D ( 'NONE', #1507, #4071, #864 ) ;
#966 = EDGE_CURVE ( 'NONE', #3081, #4934, #2617, .T. ) ;
#967 = ORIENTED_EDGE ( 'NONE', *, *, #7251, .F. ) ;
#968 = ORIENTED_EDGE ( 'NONE', *, *, #7152, .T. ) ;
#969 = DIRECTION ( 'NONE',  ( -0.1391731009596216817, 0.9902680687416326455, -0.000000000000000000 ) ) ;
#970 = EDGE_CURVE ( 'NONE', #1453, #2830, #3073, .T. ) ;
#971 = B_SPLINE_CURVE_WITH_KNOTS ( 'NONE', 3,
 ( #8026, #1681, #231, #5387 ),
 .UNSPECIFIED., .F., .F.,
 ( 4, 4 ),
 ( 6.938893903907228378E-18, 0.001371055314122635385 ),
 .UNSPECIFIED. ) ;
#972 = ORIENTED_EDGE ( 'NONE', *, *, #5319, .T. ) ;
#973 = AXIS2_PLACEMENT_3D ( 'NONE', #2183, #6579, #2103 ) ;
#974 = CIRCLE ( 'NONE', #4478, 5.000000000000002665 ) ;
#975 = CARTESIAN_POINT ( 'NONE',  ( -87.82906574880698258, 310.8879399970472832, 19.00068159439789284 ) ) ;
#976 = CARTESIAN_POINT ( 'NONE',  ( -76.87695968943316416, 446.9557464302330345, -15.11896151131558774 ) ) ;
#977 = DIRECTION ( 'NONE',  ( -0.000000000000000000, 0.000000000000000000, 1.000000000000000000 ) ) ;
#978 = CARTESIAN_POINT ( 'NONE',  ( -80.30500995182441670, 339.8406735527879050, -25.00000000000000355 ) ) ;
#979 = EDGE_CURVE ( 'NONE', #3114, #7435, #5979, .T. ) ;
#980 = CIRCLE ( 'NONE', #5688, 403.0000000000167688 ) ;
#981 = VERTEX_POINT ( 'NONE', #3743 ) ;
#982 = CARTESIAN_POINT ( 'NONE',  ( 104.0000000016221264, 204.1311561622549107, 24.99999999999999645 ) ) ;
#983 = CARTESIAN_POINT ( 'NONE',  ( -85.83920857611229849, 314.6300355031764866, -17.17313472871207125 ) ) ;
#984 = VERTEX_POINT ( 'NONE', #5672 ) ;
#985 = CYLINDRICAL_SURFACE ( 'NONE', #6285, 15.00000000000000000 ) ;
#986 = VECTOR ( 'NONE', #451, 1000.000000000000114 ) ;
#987 = FACE_OUTER_BOUND ( 'NONE', #4975, .T. ) ;
#988 = DIRECTION ( 'NONE',  ( -1.000000000000000000, 0.000000000000000000, 0.000000000000000000 ) ) ;
#989 = DIRECTION ( 'NONE',  ( -1.000000000000000000, 0.000000000000000000, 0.000000000000000000 ) ) ;
#990 = B_SPLINE_CURVE_WITH_KNOTS ( 'NONE', 3,
 ( #6259, #465, #1027, #6172 ),
 .UNSPECIFIED., .F., .F.,
 ( 4, 4 ),
 ( 0.001400639186948325707, 0.01008048271422792158 ),
 .UNSPECIFIED. ) ;
#991 = CARTESIAN_POINT ( 'NONE',  ( -95.00000000000000000, 538.9999999999998863, 30.00000000000000000 ) ) ;
#992 = EDGE_CURVE ( 'NONE', #1190, #4488, #8273, .T. ) ;
#993 = ORIENTED_EDGE ( 'NONE', *, *, #1197, .F. ) ;
#994 = B_SPLINE_CURVE_WITH_KNOTS ( 'NONE', 3,
 ( #6308, #6868, #3065, #4950, #1255, #4994, #5626, #2562, #7589, #7671 ),
 .UNSPECIFIED., .F., .F.,
 ( 4, 2, 2, 2, 4 ),
 ( 0.000000000000000000, 0.003094800246762265550, 0.006189600493524531101, 0.009284400740286797085, 0.01237920098704906220 ),
 .UNSPECIFIED. ) ;
#995 = CARTESIAN_POINT ( 'NONE',  ( -76.19132307818755123, 443.8574745705746523, -17.92893218813444633 ) ) ;
#996 = DIRECTION ( 'NONE',  ( -0.000000000000000000, -0.000000000000000000, -1.000000000000000000 ) ) ;
#997 = FACE_OUTER_BOUND ( 'NONE', #3202, .T. ) ;
#998 = ORIENTED_EDGE ( 'NONE', *, *, #6721, .F. ) ;
#999 = LINE ( 'NONE', #473, #2433 ) ;
#1000 = CARTESIAN_POINT ( 'NONE',  ( -81.00000000000000000, 538.9999999999998863, 24.99999999999999645 ) ) ;
#1001 = CARTESIAN_POINT ( 'NONE',  ( 84.55621964920472067, 338.8249440328019091, 27.46189909131684459 ) ) ;
#1002 = PRESENTATION_LAYER_ASSIGNMENT (  '', '', ( #2347 ) ) ;
#1003 = CYLINDRICAL_SURFACE ( 'NONE', #2147, 408.0000000000167688 ) ;
#1004 = ADVANCED_FACE ( 'NONE', ( #4036 ), #59, .F. ) ;
#1005 = EDGE_CURVE ( 'NONE', #3163, #1176, #1673, .T. ) ;
#1006 = ORIENTED_EDGE ( 'NONE', *, *, #1048, .F. ) ;
#1007 = B_SPLINE_CURVE_WITH_KNOTS ( 'NONE', 3,
 ( #7631, #1298, #2435, #5127, #4995, #6309, #7719, #7039, #5803, #3783, #6399, #1842, #3740, #5757, #4951, #3067, #7591, #3828, #3107, #7083 ),
 .UNSPECIFIED., .F., .F.,
 ( 4, 2, 2, 2, 2, 2, 2, 2, 2, 4 ),
 ( 2.081668171172168513E-17, 0.001030311463999602746, 0.002060622927999184676, 0.004121245855998287820, 0.005151557319997844379, 0.006181868783997400071, 0.008242491711996506251, 0.01030311463999561243, 0.01236373756799471514, 0.01648498342399292577 ),
 .UNSPECIFIED. ) ;
#1008 = DIRECTION ( 'NONE',  ( -0.000000000000000000, -0.000000000000000000, -1.000000000000000000 ) ) ;
#1009 = VERTEX_POINT ( 'NONE', #3290 ) ;
#1010 = CARTESIAN_POINT ( 'NONE',  ( 8.673617379884035472E-16, 261.0399999999990541, 14.99999999999995026 ) ) ;
#1011 = CARTESIAN_POINT ( 'NONE',  ( -290.9999999983658086, 204.1311561622549107, 24.99999999999999645 ) ) ;
#1012 = CARTESIAN_POINT ( 'NONE',  ( -83.39629223315739637, 338.0926964915545909, 25.19286692146558337 ) ) ;
#1013 = EDGE_CURVE ( 'NONE', #4757, #7878, #6923, .T. ) ;
#1014 = VERTEX_POINT ( 'NONE', #5382 ) ;
#1015 = CARTESIAN_POINT ( 'NONE',  ( 100.9999999999987921, 1.000000000000209166, 0.000000000000000000 ) ) ;
#1016 = ORIENTED_EDGE ( 'NONE', *, *, #5898, .T. ) ;
#1017 = CARTESIAN_POINT ( 'NONE',  ( -88.17612735746104136, 308.4184683350329124, 15.59858184782050117 ) ) ;
#1018 = CARTESIAN_POINT ( 'NONE',  ( 88.27822797942752686, 305.7617627650387249, -10.85786437626900103 ) ) ;
#1019 = DIRECTION ( 'NONE',  ( -0.9902680687416326455, -0.1391731009596216817, 0.000000000000000000 ) ) ;
#1020 = CARTESIAN_POINT ( 'NONE',  ( -88.20457195426790520, 306.0428812012350477, -12.00101457053836462 ) ) ;
#1021 = VERTEX_POINT ( 'NONE', #4538 ) ;
#1022 = FACE_OUTER_BOUND ( 'NONE', #3319, .T. ) ;
#1023 = CARTESIAN_POINT ( 'NONE',  ( -88.23922982816519323, 305.9111153689542562, -11.77240253410727711 ) ) ;
#1024 = ORIENTED_EDGE ( 'NONE', *, *, #7239, .F. ) ;
#1025 = DIRECTION ( 'NONE',  ( -1.000000000000000000, 0.000000000000000000, 0.000000000000000000 ) ) ;
#1026 = CYLINDRICAL_SURFACE ( 'NONE', #1783, 5.000000000000004441 ) ;
#1027 = CARTESIAN_POINT ( 'NONE',  ( -84.74143566488275781, 319.6370472065250397, 19.03908348334589107 ) ) ;
#1028 = FACE_OUTER_BOUND ( 'NONE', #6731, .T. ) ;
#1029 = AXIS2_PLACEMENT_3D ( 'NONE', #4069, #1583, #5372 ) ;
#1030 = CARTESIAN_POINT ( 'NONE',  ( 79.00000000000000000, 452.2987785557373854, -10.85786437626900280 ) ) ;
#1031 = ORIENTED_EDGE ( 'NONE', *, *, #7332, .T. ) ;
#1032 = AXIS2_PLACEMENT_3D ( 'NONE', #6646, #3939, #7838 ) ;
#1033 = DIRECTION ( 'NONE',  ( -1.850371707708594760E-14, 0.000000000000000000, -1.000000000000000000 ) ) ;
#1034 = FACE_OUTER_BOUND ( 'NONE', #3486, .T. ) ;
#1035 = DIRECTION ( 'NONE',  ( 0.000000000000000000, -1.000000000000000000, 0.000000000000000000 ) ) ;
#1036 = EDGE_LOOP ( 'NONE', ( #4375, #2505, #2588, #6700 ) ) ;
#1037 = DIRECTION ( 'NONE',  ( -0.000000000000000000, 0.000000000000000000, 1.000000000000000000 ) ) ;
#1038 = CYLINDRICAL_SURFACE ( 'NONE', #414, 392.0000000000002274 ) ;
#1039 = CIRCLE ( 'NONE', #1032, 5.000000000000000888 ) ;
#1040 = CARTESIAN_POINT ( 'NONE',  ( -0.000000000000000000, 538.9999999999998863, -30.00000000000000000 ) ) ;
#1041 = FACE_OUTER_BOUND ( 'NONE', #5111, .T. ) ;
#1042 = ORIENTED_EDGE ( 'NONE', *, *, #2243, .F. ) ;
#1043 = AXIS2_PLACEMENT_3D ( 'NONE', #7990, #6029, #4255 ) ;
#1044 = CARTESIAN_POINT ( 'NONE',  ( -84.37644269003742181, 340.2678655816952755, -27.50000000000000000 ) ) ;
#1045 = ORIENTED_EDGE ( 'NONE', *, *, #5629, .F. ) ;
#1046 = ADVANCED_FACE ( 'NONE', ( #184 ), #2759, .F. ) ;
#1047 = LINE ( 'NONE', #2317, #2724 ) ;
#1048 = EDGE_CURVE ( 'NONE', #8348, #1248, #6538, .T. ) ;
#1049 = CARTESIAN_POINT ( 'NONE',  ( 77.21739130385140015, 448.4714566202449078, 11.55483251989950411 ) ) ;
#1050 = CARTESIAN_POINT ( 'NONE',  ( 95.86357670959664290, 347.1282789188523452, -27.99999999999999645 ) ) ;
#1051 = TOROIDAL_SURFACE ( 'NONE', #6298, 134.1421356237309510, 10.00000000000000000 ) ;
#1052 = ORIENTED_EDGE ( 'NONE', *, *, #7197, .F. ) ;
#1053 = CARTESIAN_POINT ( 'NONE',  ( 290.9999999983658086, 204.1311561622549107, -24.99999999999999289 ) ) ;
#1054 = VECTOR ( 'NONE', #2963, 1000.000000000000000 ) ;
#1055 = ORIENTED_EDGE ( 'NONE', *, *, #4654, .T. ) ;
#1056 = EDGE_CURVE ( 'NONE', #403, #889, #316, .T. ) ;
#1057 = CARTESIAN_POINT ( 'NONE',  ( -87.70173094652197676, 311.7939741938309908, 17.47376412164105375 ) ) ;
#1058 = CARTESIAN_POINT ( 'NONE',  ( 88.38679590856602886, 306.9194837050295632, -14.42635551481706990 ) ) ;
#1059 = DIRECTION ( 'NONE',  ( -0.000000000000000000, -0.000000000000000000, -1.000000000000000000 ) ) ;
#1060 = CARTESIAN_POINT ( 'NONE',  ( 79.00000000000000000, 446.6320201490439104, -21.46446609406715567 ) ) ;
#1061 = AXIS2_PLACEMENT_3D ( 'NONE', #8061, #355, #2269 ) ;
#1062 = ORIENTED_EDGE ( 'NONE', *, *, #2361, .T. ) ;
#1063 = CIRCLE ( 'NONE', #5777, 394.9999999999878924 ) ;
#1064 = CARTESIAN_POINT ( 'NONE',  ( 290.9999999983658086, 204.1311561622549107, -24.99999999999999289 ) ) ;
#1065 = CIRCLE ( 'NONE', #7539, 391.9999999999878924 ) ;
#1066 = VERTEX_POINT ( 'NONE', #5215 ) ;
#1067 = DIRECTION ( 'NONE',  ( -0.000000000000000000, -0.000000000000000000, -1.000000000000000000 ) ) ;
#1068 = CARTESIAN_POINT ( 'NONE',  ( 88.76926981932905392, 304.1980404207704396, 11.20773660374669944 ) ) ;
#1069 = CARTESIAN_POINT ( 'NONE',  ( 79.00000000000000000, 451.2026007851186478, 15.90614613609853123 ) ) ;
#1070 = FACE_OUTER_BOUND ( 'NONE', #4181, .T. ) ;
#1071 = VERTEX_POINT ( 'NONE', #5300 ) ;
#1072 = CARTESIAN_POINT ( 'NONE',  ( -79.00000000000000000, 452.2987785557373854, -10.85786437626900458 ) ) ;
#1073 = ORIENTED_EDGE ( 'NONE', *, *, #2455, .F. ) ;
#1074 = EDGE_CURVE ( 'NONE', #2079, #3015, #1413, .T. ) ;
#1075 = CIRCLE ( 'NONE', #260, 3.000000000000002665 ) ;
#1076 = CARTESIAN_POINT ( 'NONE',  ( 79.00000000000001421, 449.9699847857181680, -10.85786437626900458 ) ) ;
#1077 = ORIENTED_EDGE ( 'NONE', *, *, #835, .F. ) ;
#1078 = FACE_OUTER_BOUND ( 'NONE', #2046, .T. ) ;
#1079 = CARTESIAN_POINT ( 'NONE',  ( -96.99999999999985789, 402.3799999999999955, -24.99999999999999645 ) ) ;
#1080 = CARTESIAN_POINT ( 'NONE',  ( 85.25052108676273122, 331.6430404735147022, 26.81025122007200423 ) ) ;
#1081 = CARTESIAN_POINT ( 'NONE',  ( 87.74642017354624102, 311.4759938209484744, 19.34560630520423530 ) ) ;
#1082 = AXIS2_PLACEMENT_3D ( 'NONE', #3664, #4367, #6234 ) ;
#1083 = VERTEX_POINT ( 'NONE', #4583 ) ;
#1084 = CARTESIAN_POINT ( 'NONE',  ( 78.86848041429503553, 439.4905264837723848, -22.98764549214254771 ) ) ;
#1085 = CARTESIAN_POINT ( 'NONE',  ( 117.0000000000000000, 204.1299999999999670, 30.00000000000000000 ) ) ;
#1086 = ORIENTED_EDGE ( 'NONE', *, *, #5366, .T. ) ;
#1087 = AXIS2_PLACEMENT_3D ( 'NONE', #2027, #2071, #5350 ) ;
#1088 = CARTESIAN_POINT ( 'NONE',  ( -35.00000000000000000, 377.7200000000000273, -25.00000000000000000 ) ) ;
#1089 = DIRECTION ( 'NONE',  ( 0.000000000000000000, 0.000000000000000000, 1.000000000000000000 ) ) ;
#1090 = CARTESIAN_POINT ( 'NONE',  ( -84.27837967556592957, 340.9656201862038643, 27.50000000010856738 ) ) ;
#1091 = EDGE_CURVE ( 'NONE', #7285, #7665, #5935, .T. ) ;
#1092 = EDGE_CURVE ( 'NONE', #6265, #1654, #2780, .T. ) ;
#1093 = VECTOR ( 'NONE', #7861, 1000.000000000000000 ) ;
#1094 = ORIENTED_EDGE ( 'NONE', *, *, #5345, .T. ) ;
#1095 = CARTESIAN_POINT ( 'NONE',  ( -103.9999999999988205, 2.089816482655758982E-12, -24.99999999999999289 ) ) ;
#1096 = EDGE_LOOP ( 'NONE', ( #2707, #2001, #1849, #6662 ) ) ;
#1097 = CARTESIAN_POINT ( 'NONE',  ( -88.50506849077596883, 306.0779305546502087, 13.53965221691879073 ) ) ;
#1098 = CARTESIAN_POINT ( 'NONE',  ( 88.50665647334615471, 306.0666314714771943, -15.18316017971235432 ) ) ;
#1099 = TOROIDAL_SURFACE ( 'NONE', #6088, 108.9600000000013864, 10.00000000000000000 ) ;
#1100 = CIRCLE ( 'NONE', #3269, 389.9999999999878924 ) ;
#1101 = DIRECTION ( 'NONE',  ( 0.000000000000000000, 0.000000000000000000, 1.000000000000000000 ) ) ;
#1102 = CARTESIAN_POINT ( 'NONE',  ( 111.9999999999999858, 0.000000000000000000, 27.99999999999999645 ) ) ;
#1103 = EDGE_CURVE ( 'NONE', #7771, #1505, #4497, .T. ) ;
#1104 = EDGE_CURVE ( 'NONE', #1453, #7594, #6251, .T. ) ;
#1105 = ORIENTED_EDGE ( 'NONE', *, *, #1994, .T. ) ;
#1106 = AXIS2_PLACEMENT_3D ( 'NONE', #6908, #6269, #558 ) ;
#1107 = DIRECTION ( 'NONE',  ( -0.000000000000000000, 0.000000000000000000, 1.000000000000000000 ) ) ;
#1108 = ORIENTED_EDGE ( 'NONE', *, *, #3452, .T. ) ;
#1109 = DIRECTION ( 'NONE',  ( -1.000000000000000000, -1.023284752087778828E-15, -0.000000000000000000 ) ) ;
#1110 = CARTESIAN_POINT ( 'NONE',  ( 88.10098542557459211, 306.4368351976224858, 12.63094341011141175 ) ) ;
#1111 = CARTESIAN_POINT ( 'NONE',  ( 85.96377873789023738, 324.1809652637622321, 25.19946638342184642 ) ) ;
#1112 = CARTESIAN_POINT ( 'NONE',  ( -75.50942428551869057, 430.1860036405032020, 25.00000000000000000 ) ) ;
#1113 = VECTOR ( 'NONE', #1445, 1000.000000000000000 ) ;
#1114 = CIRCLE ( 'NONE', #6910, 15.00000000000000000 ) ;
#1115 = EDGE_CURVE ( 'NONE', #8079, #564, #7132, .T. ) ;
#1116 = ORIENTED_EDGE ( 'NONE', *, *, #8335, .T. ) ;
#1117 = PRESENTATION_STYLE_ASSIGNMENT (( #3232 ) ) ;
#1118 = VERTEX_POINT ( 'NONE', #779 ) ;
#1119 = CARTESIAN_POINT ( 'NONE',  ( 114.9999999999999858, -59.00000000000001421, 30.00000000000000000 ) ) ;
#1120 = EDGE_LOOP ( 'NONE', ( #961, #2157, #4417, #5645 ) ) ;
#1121 = CARTESIAN_POINT ( 'NONE',  ( 75.33974596215561803, 402.3800000000000523, -25.00000000000000000 ) ) ;
#1122 = CARTESIAN_POINT ( 'NONE',  ( 112.0000000016510029, 204.1311561622549107, 27.99999999999999645 ) ) ;
#1123 = EDGE_CURVE ( 'NONE', #8286, #7494, #6037, .T. ) ;
#1124 = LINE ( 'NONE', #604, #4741 ) ;
#1125 = CARTESIAN_POINT ( 'NONE',  ( -94.99999999999945999, -9.650050078629534389E-14, 24.99999999999999645 ) ) ;
#1126 = ADVANCED_FACE ( 'NONE', ( #4703 ), #5851, .F. ) ;
#1127 = AXIS2_PLACEMENT_3D ( 'NONE', #7086, #3112, #5042 ) ;
#1128 = VERTEX_POINT ( 'NONE', #6017 ) ;
#1129 = CARTESIAN_POINT ( 'NONE',  ( 85.14916676944922358, 316.9951061200583240, 17.92893218813446055 ) ) ;
#1130 = DIRECTION ( 'NONE',  ( -0.000000000000000000, -0.000000000000000000, -1.000000000000000000 ) ) ;
#1131 = EDGE_LOOP ( 'NONE', ( #2728, #5532, #7932, #7699, #3709, #5235, #2731 ) ) ;
#1132 = AXIS2_PLACEMENT_3D ( 'NONE', #6575, #823, #3408 ) ;
#1133 = CARTESIAN_POINT ( 'NONE',  ( 84.33712561902615334, 322.2466876411992303, 20.22121744950140609 ) ) ;
#1134 = CARTESIAN_POINT ( 'NONE',  ( -86.28335765036138127, 321.8862246005945167, -21.58544394484994555 ) ) ;
#1135 = CARTESIAN_POINT ( 'NONE',  ( -98.99999999999876366, 1.000000000000004663, 0.000000000000000000 ) ) ;
#1136 = ORIENTED_EDGE ( 'NONE', *, *, #1675, .F. ) ;
#1137 = VERTEX_POINT ( 'NONE', #2697 ) ;
#1138 = CARTESIAN_POINT ( 'NONE',  ( 489.0000000000001137, 402.3800000000000523, 27.99999999999999645 ) ) ;
#1139 = ORIENTED_EDGE ( 'NONE', *, *, #7823, .T. ) ;
#1140 = EDGE_CURVE ( 'NONE', #2902, #531, #1347, .T. ) ;
#1141 = DIRECTION ( 'NONE',  ( -1.000000000000000000, 0.000000000000000000, 0.000000000000000000 ) ) ;
#1142 = PRODUCT_RELATED_PRODUCT_CATEGORY ( 'part', '', ( #5651 ) ) ;
#1143 = EDGE_CURVE ( 'NONE', #896, #1542, #5031, .T. ) ;
#1144 = CARTESIAN_POINT ( 'NONE',  ( 87.49484236776881119, 313.2660629230069276, -20.33076990516661908 ) ) ;
#1145 = CARTESIAN_POINT ( 'NONE',  ( 86.01652424666626473, 323.7848429219860691, -25.09844689850753241 ) ) ;
#1146 = CARTESIAN_POINT ( 'NONE',  ( 290.9999999983658086, 204.1311561622549107, -24.99999999999999289 ) ) ;
#1147 = VERTEX_POINT ( 'NONE', #910 ) ;
#1148 = LINE ( 'NONE', #3177, #4845 ) ;
#1149 = ORIENTED_EDGE ( 'NONE', *, *, #3621, .F. ) ;
#1150 = CARTESIAN_POINT ( 'NONE',  ( 79.00920761912588830, 441.4216607543467603, -25.30330085889913150 ) ) ;
#1151 = EDGE_CURVE ( 'NONE', #6087, #1400, #7071, .T. ) ;
#1152 = AXIS2_PLACEMENT_3D ( 'NONE', #7831, #3305, #1988 ) ;
#1153 = CARTESIAN_POINT ( 'NONE',  ( 87.19135969791820173, 315.4254543234031303, 18.92788894562086455 ) ) ;
#1154 = ADVANCED_FACE ( 'NONE', ( #1034 ), #2180, .F. ) ;
#1155 = DIRECTION ( 'NONE',  ( -0.000000000000000000, -0.000000000000000000, -1.000000000000000000 ) ) ;
#1156 = CARTESIAN_POINT ( 'NONE',  ( -78.44961548236436499, 435.2431716382268974, 24.60087413131719103 ) ) ;
#1157 = ORIENTED_EDGE ( 'NONE', *, *, #6099, .T. ) ;
#1158 =( NAMED_UNIT ( * ) PLANE_ANGLE_UNIT ( ) SI_UNIT ( $, .RADIAN. ) );
#1159 = ORIENTED_EDGE ( 'NONE', *, *, #1731, .F. ) ;
#1160 = CARTESIAN_POINT ( 'NONE',  ( 76.47182349670315205, 445.1337069509783078, -17.02715140403777738 ) ) ;
#1161 = VERTEX_POINT ( 'NONE', #2262 ) ;
#1162 = CARTESIAN_POINT ( 'NONE',  ( -80.97273827159364146, 323.8790812111573132, 25.60660171779831629 ) ) ;
#1163 = DIRECTION ( 'NONE',  ( -0.000000000000000000, 0.000000000000000000, 1.000000000000000000 ) ) ;
#1164 = EDGE_CURVE ( 'NONE', #1959, #6182, #2629, .T. ) ;
#1165 = CARTESIAN_POINT ( 'NONE',  ( 114.9999999999999858, 1.000000000000223599, 0.000000000000000000 ) ) ;
#1166 = CARTESIAN_POINT ( 'NONE',  ( 87.14584108898678494, 315.7493360551338810, 21.46446609406723738 ) ) ;
#1167 = ORIENTED_EDGE ( 'NONE', *, *, #5090, .T. ) ;
#1168 = DIRECTION ( 'NONE',  ( 0.000000000000000000, -0.000000000000000000, -1.000000000000000000 ) ) ;
#1169 = DIRECTION ( 'NONE',  ( 0.000000000000000000, 0.000000000000000000, 1.000000000000000000 ) ) ;
#1170 = ORIENTED_EDGE ( 'NONE', *, *, #6152, .T. ) ;
#1171 = CARTESIAN_POINT ( 'NONE',  ( -83.81568688001127043, 325.6428183443182434, -21.86282965764655728 ) ) ;
#1172 = CARTESIAN_POINT ( 'NONE',  ( -104.0000000000000000, -59.00000000000001421, -27.99999999999999645 ) ) ;
#1173 = DIRECTION ( 'NONE',  ( 0.000000000000000000, 1.000000000000000000, 0.000000000000000000 ) ) ;
#1174 = AXIS2_PLACEMENT_3D ( 'NONE', #4640, #4596, #5311 ) ;
#1175 = ORIENTED_EDGE ( 'NONE', *, *, #3434, .T. ) ;
#1176 = VERTEX_POINT ( 'NONE', #1710 ) ;
#1177 = FACE_OUTER_BOUND ( 'NONE', #5021, .T. ) ;
#1178 = ORIENTED_EDGE ( 'NONE', *, *, #56, .T. ) ;
#1179 = DIRECTION ( 'NONE',  ( -0.000000000000000000, -0.000000000000000000, -1.000000000000000000 ) ) ;
#1180 = CIRCLE ( 'NONE', #6982, 405.0000000000001137 ) ;
#1181 = CARTESIAN_POINT ( 'NONE',  ( -125.3494233923987906, 17.61671259297396830, 30.00000000000000355 ) ) ;
#1182 = CARTESIAN_POINT ( 'NONE',  ( 88.63217859987119596, 305.1734951328415946, -11.99553855608381170 ) ) ;
#1183 = CARTESIAN_POINT ( 'NONE',  ( 75.86808159358501769, 433.8030782014140527, 24.42368664646014409 ) ) ;
#1184 = FACE_OUTER_BOUND ( 'NONE', #198, .T. ) ;
#1185 = DIRECTION ( 'NONE',  ( -0.000000000000000000, 0.000000000000000000, 1.000000000000000000 ) ) ;
#1186 = VERTEX_POINT ( 'NONE', #4871 ) ;
#1187 = AXIS2_PLACEMENT_3D ( 'NONE', #5101, #1905, #4470 ) ;
#1188 = LINE ( 'NONE', #3854, #294 ) ;
#1189 = DIRECTION ( 'NONE',  ( 1.000000000000000000, 1.756682000989225673E-15, 0.000000000000000000 ) ) ;
#1190 = VERTEX_POINT ( 'NONE', #1637 ) ;
#1191 = CARTESIAN_POINT ( 'NONE',  ( 76.02891012439930307, 437.9283352819302308, -22.53699656310850230 ) ) ;
#1192 = CARTESIAN_POINT ( 'NONE',  ( 88.00637861849685351, 306.7952910186714348, 13.01963344005677570 ) ) ;
#1193 = DIRECTION ( 'NONE',  ( 0.000000000000000000, 0.000000000000000000, 1.000000000000000000 ) ) ;
#1194 = CIRCLE ( 'NONE', #8084, 4.999999999999995559 ) ;
#1195 = CARTESIAN_POINT ( 'NONE',  ( -75.76896032033248218, 432.2698527958538648, 24.76749787286922100 ) ) ;
#1196 = ORIENTED_EDGE ( 'NONE', *, *, #2954, .T. ) ;
#1197 = EDGE_CURVE ( 'NONE', #3989, #1525, #1521, .T. ) ;
#1198 = VECTOR ( 'NONE', #8203, 1000.000000000000000 ) ;
#1199 = ADVANCED_FACE ( 'NONE', ( #8102 ), #42, .T. ) ;
#1200 = AXIS2_PLACEMENT_3D ( 'NONE', #2460, #3262, #2637 ) ;
#1201 = ORIENTED_EDGE ( 'NONE', *, *, #6152, .F. ) ;
#1202 = CARTESIAN_POINT ( 'NONE',  ( 79.00000000000000000, 450.4501289878164698, -17.24951007893748312 ) ) ;
#1203 = ORIENTED_EDGE ( 'NONE', *, *, #4293, .F. ) ;
#1204 = PLANE ( 'NONE',  #1452 ) ;
#1205 = CARTESIAN_POINT ( 'NONE',  ( -97.00000000000000000, 538.9999999999998863, 24.99999999999999645 ) ) ;
#1206 = VECTOR ( 'NONE', #6816, 1000.000000000000000 ) ;
#1207 = DIRECTION ( 'NONE',  ( 1.000000000000000000, 0.000000000000000000, 0.000000000000000000 ) ) ;
#1208 = DIRECTION ( 'NONE',  ( -0.9902680687416325345, -0.1391731009596222646, 1.272130549049661165E-14 ) ) ;
#1209 = CIRCLE ( 'NONE', #119, 6.999999999999985789 ) ;
#1210 = AXIS2_PLACEMENT_3D ( 'NONE', #8391, #2597, #251 ) ;
#1211 = EDGE_CURVE ( 'NONE', #749, #3336, #5569, .T. ) ;
#1213 = EDGE_CURVE ( 'NONE', #2830, #5768, #4242, .T. ) ;
#1212 = ORIENTED_EDGE ( 'NONE', *, *, #1115, .T. ) ;
#1214 = TOROIDAL_SURFACE ( 'NONE', #6750, 405.0000000000001137, 5.000000000000000000 ) ;
#1215 = CARTESIAN_POINT ( 'NONE',  ( -79.88621320722879204, 341.1042618279730050, 25.00000000000000000 ) ) ;
#1216 = LINE ( 'NONE', #7596, #7693 ) ;
#1217 = VERTEX_POINT ( 'NONE', #392 ) ;
#1218 = CARTESIAN_POINT ( 'NONE',  ( -79.00000000000000000, 452.2987785557373854, 10.85786437626888201 ) ) ;
#1219 = AXIS2_PLACEMENT_3D ( 'NONE', #137, #7286, #5292 ) ;
#1220 = DIRECTION ( 'NONE',  ( 0.000000000000000000, -0.000000000000000000, -1.000000000000000000 ) ) ;
#1221 = DIRECTION ( 'NONE',  ( 0.1391731009520260909, -0.9902680686819458344, -1.096934003687872142E-05 ) ) ;
#1222 = UNCERTAINTY_MEASURE_WITH_UNIT (LENGTH_MEASURE( 1.000000000000000082E-05 ), #7772, 'distance_accuracy_value', 'NONE');
#1223 = LINE ( 'NONE', #2748, #5631 ) ;
#1224 = CIRCLE ( 'NONE', #4856, 2.999999999999999112 ) ;
#1225 = ORIENTED_EDGE ( 'NONE', *, *, #3721, .F. ) ;
#1226 = ORIENTED_EDGE ( 'NONE', *, *, #7874, .F. ) ;
#1227 = CARTESIAN_POINT ( 'NONE',  ( 84.38196125152809657, 340.2285989772110497, 27.50000000020678215 ) ) ;
#1228 = CIRCLE ( 'NONE', #4444, 397.0000000000001705 ) ;
#1229 = VERTEX_POINT ( 'NONE', #1554 ) ;
#1230 = DIRECTION ( 'NONE',  ( 0.9902680687415703620, -0.1391731009600660485, 0.000000000000000000 ) ) ;
#1231 = DIRECTION ( 'NONE',  ( -0.000000000000000000, -0.000000000000000000, -1.000000000000000000 ) ) ;
#1232 = CARTESIAN_POINT ( 'NONE',  ( 97.00000000000000000, 538.9999999999998863, -24.99999999999999289 ) ) ;
#1233 = DIRECTION ( 'NONE',  ( -1.000000000000000000, 0.000000000000000000, 0.000000000000000000 ) ) ;
#1234 = EDGE_CURVE ( 'NONE', #896, #5759, #8054, .T. ) ;
#1235 = LINE ( 'NONE', #7651, #7681 ) ;
#1236 = CARTESIAN_POINT ( 'NONE',  ( 77.21739130434782794, 448.4714566206622521, 25.00000000000000000 ) ) ;
#1237 = VECTOR ( 'NONE', #8276, 1000.000000000000000 ) ;
#1238 = EDGE_CURVE ( 'NONE', #7878, #606, #2894, .T. ) ;
#1239 = EDGE_LOOP ( 'NONE', ( #6964, #3908, #1323, #2797, #3325, #176, #2941, #6900 ) ) ;
#1240 = DIRECTION ( 'NONE',  ( 0.000000000000000000, 0.9999999999959849895, -2.833731016493591864E-06 ) ) ;
#1241 = DIRECTION ( 'NONE',  ( 0.000000000000000000, -0.000000000000000000, -1.000000000000000000 ) ) ;
#1242 = AXIS2_PLACEMENT_3D ( 'NONE', #352, #6144, #313 ) ;
#1243 = ORIENTED_EDGE ( 'NONE', *, *, #485, .F. ) ;
#1244 = CARTESIAN_POINT ( 'NONE',  ( 79.00000000000000000, 402.3800000000000523, -24.99999999999999645 ) ) ;
#1245 = CARTESIAN_POINT ( 'NONE',  ( 88.72951744227741244, 304.4808932808372788, 12.55390229801638036 ) ) ;
#1246 = CARTESIAN_POINT ( 'NONE',  ( -75.33974596215561803, 429.3405386945347573, 25.00000000000000000 ) ) ;
#1247 = CIRCLE ( 'NONE', #2320, 4.999999999999994671 ) ;
#1248 = VERTEX_POINT ( 'NONE', #1072 ) ;
#1249 = CARTESIAN_POINT ( 'NONE',  ( 79.57390637439219461, 433.1489332498459248, 27.32641963023464626 ) ) ;
#1250 = ORIENTED_EDGE ( 'NONE', *, *, #4906, .T. ) ;
#1251 = CARTESIAN_POINT ( 'NONE',  ( 79.00000000000000000, 451.4799303899189340, -15.16005833635097844 ) ) ;
#1252 = ORIENTED_EDGE ( 'NONE', *, *, #7710, .T. ) ;
#1253 = FACE_OUTER_BOUND ( 'NONE', #4160, .T. ) ;
#1254 = CIRCLE ( 'NONE', #5964, 5.000000000000000888 ) ;
#1255 = CARTESIAN_POINT ( 'NONE',  ( 79.49772632926348592, 434.4843165247447132, -27.18300269548909398 ) ) ;
#1256 = CIRCLE ( 'NONE', #2462, 403.0000000000167688 ) ;
#1257 = ADVANCED_FACE ( 'NONE', ( #6820 ), #8144, .F. ) ;
#1258 = DIRECTION ( 'NONE',  ( -0.9902680687415702510, -0.1391731009600660485, 0.000000000000000000 ) ) ;
#1259 = EDGE_CURVE ( 'NONE', #2388, #1014, #8072, .T. ) ;
#1260 = CARTESIAN_POINT ( 'NONE',  ( -75.91001913067296414, 434.9849936086919797, -24.05341780863500389 ) ) ;
#1261 = AXIS2_PLACEMENT_3D ( 'NONE', #1817, #4509, #1273 ) ;
#1262 = VERTEX_POINT ( 'NONE', #4163 ) ;
#1263 = CARTESIAN_POINT ( 'NONE',  ( 83.76585374409970086, 326.0466849473708635, 22.07106781186551814 ) ) ;
#1264 = PLANE ( 'NONE',  #7013 ) ;
#1265 = VERTEX_POINT ( 'NONE', #4203 ) ;
#1266 = DIRECTION ( 'NONE',  ( 1.000000000000000000, 0.000000000000000000, 0.000000000000000000 ) ) ;
#1267 = CARTESIAN_POINT ( 'NONE',  ( 100.1552779655830676, 259.1088654695843161, -24.99999999999999645 ) ) ;
#1268 = CIRCLE ( 'NONE', #5702, 15.00000000000002487 ) ;
#1269 = EDGE_CURVE ( 'NONE', #5365, #937, #309, .T. ) ;
#1270 = CARTESIAN_POINT ( 'NONE',  ( -79.00000000000000000, 447.4533961704370881, -20.81988304973732085 ) ) ;
#1271 = VERTEX_POINT ( 'NONE', #6140 ) ;
#1272 = VERTEX_POINT ( 'NONE', #348 ) ;
#1273 = DIRECTION ( 'NONE',  ( 0.000000000000000000, 0.000000000000000000, -1.000000000000000000 ) ) ;
#1274 = MECHANICAL_DESIGN_GEOMETRIC_PRESENTATION_REPRESENTATION (  '', ( #2347 ), #6668 ) ;
#1275 = ORIENTED_EDGE ( 'NONE', *, *, #2128, .T. ) ;
#1276 = CARTESIAN_POINT ( 'NONE',  ( -88.00651101486599259, 306.7947688227391154, -13.01854883253940010 ) ) ;
#1277 = DIRECTION ( 'NONE',  ( 0.000000000000000000, 1.000000000000000000, -0.000000000000000000 ) ) ;
#1278 = CARTESIAN_POINT ( 'NONE',  ( -94.99999999999998579, 508.9999999999998863, 0.000000000000000000 ) ) ;
#1279 = EDGE_CURVE ( 'NONE', #813, #5809, #4356, .T. ) ;
#1280 = CARTESIAN_POINT ( 'NONE',  ( 85.73285351711280100, 325.2214417901746515, -23.12402105297114474 ) ) ;
#1281 = CARTESIAN_POINT ( 'NONE',  ( -92.00000000000000000, 0.000000000000000000, 27.99999999999999645 ) ) ;
#1282 = DIRECTION ( 'NONE',  ( 0.000000000000000000, 0.000000000000000000, 1.000000000000000000 ) ) ;
#1283 = VERTEX_POINT ( 'NONE', #7713 ) ;
#1284 = CARTESIAN_POINT ( 'NONE',  ( 83.99999999999994316, 402.3800000000000523, -24.99999999999999645 ) ) ;
#1285 = CYLINDRICAL_SURFACE ( 'NONE', #5520, 3.000000000000002665 ) ;
#1286 = VERTEX_POINT ( 'NONE', #5072 ) ;
#1287 = FACE_OUTER_BOUND ( 'NONE', #442, .T. ) ;
#1288 = DIRECTION ( 'NONE',  ( -0.000000000000000000, 0.000000000000000000, 1.000000000000000000 ) ) ;
#1289 = DIRECTION ( 'NONE',  ( 1.000000000000000000, 0.000000000000000000, 0.000000000000000000 ) ) ;
#1290 = FACE_OUTER_BOUND ( 'NONE', #7896, .T. ) ;
#1291 = ORIENTED_EDGE ( 'NONE', *, *, #8108, .T. ) ;
#1292 = CARTESIAN_POINT ( 'NONE',  ( 79.19638830368579363, 438.2748445341400156, 26.39497786249815547 ) ) ;
#1293 = ORIENTED_EDGE ( 'NONE', *, *, #3331, .T. ) ;
#1294 = CARTESIAN_POINT ( 'NONE',  ( -78.42339411329776055, 434.3846889498032056, -24.79202087537981569 ) ) ;
#1295 = ORIENTED_EDGE ( 'NONE', *, *, #7661, .T. ) ;
#1296 = FACE_OUTER_BOUND ( 'NONE', #4671, .T. ) ;
#1297 = CARTESIAN_POINT ( 'NONE',  ( -75.33974596215561803, 402.3799999999999955, 25.00000000000000000 ) ) ;
#1298 = CARTESIAN_POINT ( 'NONE',  ( -88.76926981972891895, 304.1980404179251423, 11.20774106516975976 ) ) ;
#1299 = CARTESIAN_POINT ( 'NONE',  ( 79.00301108005406547, 441.6670963265098635, 25.20133728352508840 ) ) ;
#1300 = ORIENTED_EDGE ( 'NONE', *, *, #5630, .T. ) ;
#1301 = CARTESIAN_POINT ( 'NONE',  ( -290.9999999983658086, 204.1311561622549107, -24.99999999999999289 ) ) ;
#1302 = CARTESIAN_POINT ( 'NONE',  ( 84.00000000000000000, 0.000000000000000000, 30.00000000000000000 ) ) ;
#1303 = ORIENTED_EDGE ( 'NONE', *, *, #1103, .F. ) ;
#1304 = APPLICATION_PROTOCOL_DEFINITION ( 'draft international standard', 'automotive_design', 1998, #7318 ) ;
#1305 = CARTESIAN_POINT ( 'NONE',  ( 98.99999999999877787, 1.000000000000207168, 0.000000000000000000 ) ) ;
#1306 = B_SPLINE_CURVE_WITH_KNOTS ( 'NONE', 3,
 ( #7791, #7068, #5195, #5874 ),
 .UNSPECIFIED., .F., .F.,
 ( 4, 4 ),
 ( 3.469446951953613804E-18, 0.0008042645312971635546 ),
 .UNSPECIFIED. ) ;
#1307 = CARTESIAN_POINT ( 'NONE',  ( 114.9999999999999858, 204.1299999999999670, -24.99999999999999289 ) ) ;
#1308 = MANIFOLD_SOLID_BREP ( 'Chamfer2', #4621 ) ;
#1309 = CARTESIAN_POINT ( 'NONE',  ( 489.0000000000001137, 402.3800000000000523, -25.00000000000000000 ) ) ;
#1310 = VERTEX_POINT ( 'NONE', #3061 ) ;
#1311 = ORIENTED_EDGE ( 'NONE', *, *, #5468, .F. ) ;
#1312 = AXIS2_PLACEMENT_3D ( 'NONE', #7498, #1109, #6255 ) ;
#1313 = EDGE_CURVE ( 'NONE', #1310, #6435, #2556, .T. ) ;
#1314 = ADVANCED_FACE ( 'NONE', ( #8262 ), #4412, .F. ) ;
#1315 = ORIENTED_EDGE ( 'NONE', *, *, #5481, .F. ) ;
#1316 = CARTESIAN_POINT ( 'NONE',  ( -88.67383794962766785, 304.8770734569963565, -13.51912217637882030 ) ) ;
#1317 = DIRECTION ( 'NONE',  ( 0.000000000000000000, 0.000000000000000000, 1.000000000000000000 ) ) ;
#1318 = CARTESIAN_POINT ( 'NONE',  ( -88.43998862698745711, 306.5409978469159000, -15.68873817110021029 ) ) ;
#1319 = CARTESIAN_POINT ( 'NONE',  ( 83.76585374409980034, 326.0466849473703519, -22.07106781186546485 ) ) ;
#1320 = VECTOR ( 'NONE', #4739, 1000.000000000000000 ) ;
#1321 = CARTESIAN_POINT ( 'NONE',  ( 79.00295820084319587, 441.6691907921781990, -25.20046716016388189 ) ) ;
#1322 = DIRECTION ( 'NONE',  ( 0.000000000000000000, 0.000000000000000000, -1.000000000000000000 ) ) ;
#1323 = ORIENTED_EDGE ( 'NONE', *, *, #4147, .T. ) ;
#1324 = FACE_OUTER_BOUND ( 'NONE', #7805, .T. ) ;
#1325 = EDGE_CURVE ( 'NONE', #6902, #4357, #732, .T. ) ;
#1326 = VECTOR ( 'NONE', #1956, 1000.000000000000000 ) ;
#1327 = DIRECTION ( 'NONE',  ( 0.000000000000000000, -1.000000000000000000, 0.000000000000000000 ) ) ;
#1328 = ORIENTED_EDGE ( 'NONE', *, *, #5789, .F. ) ;
#1329 = CYLINDRICAL_SURFACE ( 'NONE', #2386, 2.999999999999999112 ) ;
#1330 = CARTESIAN_POINT ( 'NONE',  ( 76.12829888279362933, 439.3433066580129207, 21.46446609406725514 ) ) ;
#1331 = CARTESIAN_POINT ( 'NONE',  ( 75.33974596215561803, 0.000000000000000000, -30.00000000000000355 ) ) ;
#1332 = LINE ( 'NONE', #3225, #5113 ) ;
#1333 = CIRCLE ( 'NONE', #2814, 15.00000000000001421 ) ;
#1334 = ORIENTED_EDGE ( 'NONE', *, *, #8086, .T. ) ;
#1335 = CARTESIAN_POINT ( 'NONE',  ( -75.89579195060244388, 434.5827097810485498, 24.17964799972041945 ) ) ;
#1336 = VERTEX_POINT ( 'NONE', #3397 ) ;
#1337 = CARTESIAN_POINT ( 'NONE',  ( -79.08810854227276366, 439.6800995088448190, -25.97770986024082873 ) ) ;
#1338 = AXIS2_PLACEMENT_3D ( 'NONE', #6749, #6146, #5429 ) ;
#1339 = ORIENTED_EDGE ( 'NONE', *, *, #3785, .T. ) ;
#1340 = CARTESIAN_POINT ( 'NONE',  ( -489.0000000000001137, 402.3800000000000523, -24.99999999999999289 ) ) ;
#1341 = CARTESIAN_POINT ( 'NONE',  ( 86.78382266370697096, 318.3252309973235583, 22.57654868383624702 ) ) ;
#1342 = DIRECTION ( 'NONE',  ( -0.000000000000000000, 0.000000000000000000, 1.000000000000000000 ) ) ;
#1343 = CARTESIAN_POINT ( 'NONE',  ( 79.00920761912588830, 441.4216607543464761, 25.30330085889913860 ) ) ;
#1344 = CIRCLE ( 'NONE', #6049, 5.000000000000004441 ) ;
#1345 = EDGE_CURVE ( 'NONE', #1434, #2067, #443, .T. ) ;
#1346 = ORIENTED_EDGE ( 'NONE', *, *, #1211, .F. ) ;
#1347 = LINE ( 'NONE', #5255, #860 ) ;
#1348 = CIRCLE ( 'NONE', #7417, 15.00000000000000000 ) ;
#1349 = CARTESIAN_POINT ( 'NONE',  ( 81.00000000000000000, 538.9999999999998863, 30.00000000000000000 ) ) ;
#1350 = EDGE_LOOP ( 'NONE', ( #4823, #1178, #5024, #7608, #7848, #3022, #3230 ) ) ;
#1351 = CARTESIAN_POINT ( 'NONE',  ( 78.99999999999998579, 440.1862244976146599, -22.52007178428505085 ) ) ;
#1352 = DIRECTION ( 'NONE',  ( 0.000000000000000000, 0.000000000000000000, 1.000000000000000000 ) ) ;
#1353 = EDGE_LOOP ( 'NONE', ( #6716, #7657, #1116, #733 ) ) ;
#1354 = DIRECTION ( 'NONE',  ( 1.000000000000000000, 0.000000000000000000, 0.000000000000000000 ) ) ;
#1355 = ORIENTED_EDGE ( 'NONE', *, *, #3583, .T. ) ;
#1356 = CARTESIAN_POINT ( 'NONE',  ( -141.8475409834426557, 19.93537181034426098, 30.00000000000000000 ) ) ;
#1357 = AXIS2_PLACEMENT_3D ( 'NONE', #7572, #1241, #6385 ) ;
#1358 = CARTESIAN_POINT ( 'NONE',  ( 0.000000000000000000, 538.9999999999998863, 30.00000000000000000 ) ) ;
#1359 = DIRECTION ( 'NONE',  ( 0.000000000000000000, 1.000000000000000000, 0.000000000000000000 ) ) ;
#1360 = LINE ( 'NONE', #158, #6589 ) ;
#1361 = EDGE_CURVE ( 'NONE', #3015, #791, #88, .T. ) ;
#1362 = LINE ( 'NONE', #1236, #382 ) ;
#1363 = EDGE_CURVE ( 'NONE', #6574, #4959, #6543, .T. ) ;
#1364 = ORIENTED_EDGE ( 'NONE', *, *, #1234, .T. ) ;
#1365 = AXIS2_PLACEMENT_3D ( 'NONE', #4827, #1592, #2307 ) ;
#1366 = DIRECTION ( 'NONE',  ( 0.000000000000000000, 0.000000000000000000, -1.000000000000000000 ) ) ;
#1367 = DIRECTION ( 'NONE',  ( 1.015794745118904037E-15, -1.000000000000000000, 0.000000000000000000 ) ) ;
#1368 = ORIENTED_EDGE ( 'NONE', *, *, #46, .T. ) ;
#1369 = CARTESIAN_POINT ( 'NONE',  ( -104.0000000000000000, -59.00000000000001421, -24.99999999999999289 ) ) ;
#1370 = AXIS2_PLACEMENT_3D ( 'NONE', #7345, #6666, #4039 ) ;
#1371 = LINE ( 'NONE', #6473, #2186 ) ;
#1372 = DIRECTION ( 'NONE',  ( 1.000000000000000000, 9.796237371916055266E-15, 0.000000000000000000 ) ) ;
#1373 = CARTESIAN_POINT ( 'NONE',  ( 290.9999999983658086, 204.1311561622549107, 24.99999999999999645 ) ) ;
#1374 = ADVANCED_FACE ( 'NONE', ( #4025 ), #7898, .F. ) ;
#1375 = ORIENTED_EDGE ( 'NONE', *, *, #4495, .T. ) ;
#1376 = CIRCLE ( 'NONE', #7306, 2.999999999999999112 ) ;
#1377 = CARTESIAN_POINT ( 'NONE',  ( 489.0000000000001137, 402.3800000000000523, -24.99999999999999289 ) ) ;
#1378 = ORIENTED_EDGE ( 'NONE', *, *, #5328, .F. ) ;
#1379 = CARTESIAN_POINT ( 'NONE',  ( -111.9999999999999858, -59.00000000000001421, -24.99999999999999645 ) ) ;
#1380 = ORIENTED_EDGE ( 'NONE', *, *, #7312, .T. ) ;
#1381 = DIRECTION ( 'NONE',  ( -1.000000000000000000, 2.009438925630560469E-14, 0.000000000000000000 ) ) ;
#1382 = CARTESIAN_POINT ( 'NONE',  ( 87.66520580561736153, 308.0733785493995924, -14.07479625658909050 ) ) ;
#1383 = CARTESIAN_POINT ( 'NONE',  ( -79.00000000000000000, 447.4529178928072497, 20.82025838329359502 ) ) ;
#1384 = AXIS2_PLACEMENT_3D ( 'NONE', #4632, #147, #2622 ) ;
#1385 = AXIS2_PLACEMENT_3D ( 'NONE', #1759, #6948, #3149 ) ;
#1386 = CARTESIAN_POINT ( 'NONE',  ( -84.00000000000000000, 0.000000000000000000, -24.99999999999999289 ) ) ;
#1387 = EDGE_CURVE ( 'NONE', #286, #6619, #7347, .T. ) ;
#1388 = EDGE_LOOP ( 'NONE', ( #3251, #4461, #6211, #7143, #6565, #4309 ) ) ;
#1389 = DIRECTION ( 'NONE',  ( -1.000000000000000000, -0.000000000000000000, -0.000000000000000000 ) ) ;
#1390 = AXIS2_PLACEMENT_3D ( 'NONE', #7879, #2083, #6426 ) ;
#1391 = CARTESIAN_POINT ( 'NONE',  ( 117.0000000016510455, 509.0000000000001137, 0.000000000000000000 ) ) ;
#1392 = VERTEX_POINT ( 'NONE', #6810 ) ;
#1393 = DIRECTION ( 'NONE',  ( -0.000000000000000000, -1.000000000000000000, -0.000000000000000000 ) ) ;
#1394 = CARTESIAN_POINT ( 'NONE',  ( -111.9999999999999858, -59.00000000000001421, -30.00000000000000000 ) ) ;
#1395 = EDGE_CURVE ( 'NONE', #2062, #2314, #7409, .T. ) ;
#1396 = PLANE ( 'NONE',  #3224 ) ;
#1397 = CIRCLE ( 'NONE', #2876, 2.999999999999999112 ) ;
#1398 = VERTEX_POINT ( 'NONE', #7369 ) ;
#1399 = CARTESIAN_POINT ( 'NONE',  ( -79.00000000000000000, 448.2083972182249454, 20.11449043396164882 ) ) ;
#1400 = VERTEX_POINT ( 'NONE', #1663 ) ;
#1401 = DIRECTION ( 'NONE',  ( -0.1391731009604046665, -0.9902680687415226224, -0.000000000000000000 ) ) ;
#1402 = DIRECTION ( 'NONE',  ( -0.000000000000000000, -1.000000000000000000, 0.000000000000000000 ) ) ;
#1403 = DIRECTION ( 'NONE',  ( -0.1391731009596278712, 0.9902680687416319794, 0.000000000000000000 ) ) ;
#1404 = CARTESIAN_POINT ( 'NONE',  ( 103.9999999999947136, 204.1300108711995733, -27.99999999999999645 ) ) ;
#1405 = DIRECTION ( 'NONE',  ( 1.000000000000000000, 0.000000000000000000, 0.000000000000000000 ) ) ;
#1406 = CARTESIAN_POINT ( 'NONE',  ( -76.12829888279340196, 439.3433066579945034, -21.46446609408205219 ) ) ;
#1407 =( BOUNDED_SURFACE ( )  B_SPLINE_SURFACE ( 3, 2, ( 
 ( #6671, #4636, #4672 ),
 ( #5308, #7184, #3299 ),
 ( #5265, #7305, #2831 ),
 ( #6026, #5391, #834 ) ),
 .UNSPECIFIED., .F., .F., .F. ) 
 B_SPLINE_SURFACE_WITH_KNOTS ( ( 4, 4 ),
 ( 3, 3 ),
 ( 0.000000000000000000, 0.008483116471232225730 ),
 ( 0.000000000000000000, 1.000000000000000000 ),
 .UNSPECIFIED. ) 
 GEOMETRIC_REPRESENTATION_ITEM ( )  RATIONAL_B_SPLINE_SURFACE ( (
 ( 1.000000000000000000, 0.9053250720433912990, 1.000000000000000000),
 ( 1.000000000000000000, 0.9033289978428450384, 1.000000000000000000),
 ( 1.000000000000000000, 0.9012686981041598822, 1.000000000000000000),
 ( 1.000000000000000000, 0.8991790343835331933, 1.000000000000000000) ) ) 
 REPRESENTATION_ITEM ( '' )  SURFACE ( )  );
#1408 = AXIS2_PLACEMENT_3D ( 'NONE', #1301, #3701, #2569 ) ;
#1409 = EDGE_LOOP ( 'NONE', ( #5600, #972, #3834, #6323 ) ) ;
#1410 = CARTESIAN_POINT ( 'NONE',  ( 92.00000000000000000, 538.9999999999998863, -24.99999999999999289 ) ) ;
#1411 = ORIENTED_EDGE ( 'NONE', *, *, #979, .T. ) ;
#1412 = CARTESIAN_POINT ( 'NONE',  ( -79.66987298107784454, 430.3734441214344884, 27.50000000000000000 ) ) ;
#1413 = CIRCLE ( 'NONE', #4355, 2.999999999999999112 ) ;
#1414 = CARTESIAN_POINT ( 'NONE',  ( 104.0000000000000000, -59.00000000000001421, 24.99999999999999645 ) ) ;
#1415 = CARTESIAN_POINT ( 'NONE',  ( 82.26973845015895392, 332.2086862030565158, -24.04006145833461261 ) ) ;
#1416 = ORIENTED_EDGE ( 'NONE', *, *, #5228, .F. ) ;
#1418 = EDGE_CURVE ( 'NONE', #4723, #491, #6615, .T. ) ;
#1417 = DIRECTION ( 'NONE',  ( 0.000000000000000000, 0.000000000000000000, 1.000000000000000000 ) ) ;
#1419 = ADVANCED_FACE ( 'NONE', ( #8131 ), #2926, .T. ) ;
#1420 = DIRECTION ( 'NONE',  ( -1.000000000000000000, -1.015794745118904037E-15, 0.000000000000000000 ) ) ;
#1421 = ORIENTED_EDGE ( 'NONE', *, *, #6706, .F. ) ;
#1422 = CARTESIAN_POINT ( 'NONE',  ( -79.00000000000000000, 442.1664864017459422, 24.99999999999999645 ) ) ;
#1423 = CARTESIAN_POINT ( 'NONE',  ( 88.20442893257454386, 306.0434250918116277, -12.00143689654603918 ) ) ;
#1424 = CARTESIAN_POINT ( 'NONE',  ( -87.90657351370336414, 307.1703550425619937, 13.35671220785993718 ) ) ;
#1425 = CARTESIAN_POINT ( 'NONE',  ( -60.00000000000000000, 389.7200000000000273, -44.99999999999984368 ) ) ;
#1426 = ORIENTED_EDGE ( 'NONE', *, *, #1418, .T. ) ;
#1427 = CARTESIAN_POINT ( 'NONE',  ( -84.00000000000000000, 538.9999999999998863, 24.99999999999999645 ) ) ;
#1428 = EDGE_CURVE ( 'NONE', #151, #6944, #3242, .T. ) ;
#1429 = DIRECTION ( 'NONE',  ( 9.251858538542961967E-16, -1.000000000000000000, 0.000000000000000000 ) ) ;
#1430 = ORIENTED_EDGE ( 'NONE', *, *, #459, .F. ) ;
#1431 = LINE ( 'NONE', #7901, #6077 ) ;
#1432 = DIRECTION ( 'NONE',  ( 0.000000000000000000, -1.000000000000000000, 0.000000000000000000 ) ) ;
#1433 = CARTESIAN_POINT ( 'NONE',  ( -79.00000000000000000, 443.6500996524931111, -23.81531135360453533 ) ) ;
#1434 = VERTEX_POINT ( 'NONE', #337 ) ;
#1435 = CARTESIAN_POINT ( 'NONE',  ( -79.00000000000001421, 452.1226934123407091, 12.93020908221356891 ) ) ;
#1436 = ORIENTED_EDGE ( 'NONE', *, *, #1627, .F. ) ;
#1437 = CARTESIAN_POINT ( 'NONE',  ( 80.30500995182437407, 339.8406735527881892, 25.00000000000000355 ) ) ;
#1438 = CARTESIAN_POINT ( 'NONE',  ( -98.99999999999469935, 204.1300253685547261, 30.00000000000000000 ) ) ;
#1439 = FACE_OUTER_BOUND ( 'NONE', #8115, .T. ) ;
#1440 = DIRECTION ( 'NONE',  ( -0.9902665420448769629, 0.1391839635392023433, 0.000000000000000000 ) ) ;
#1441 = CARTESIAN_POINT ( 'NONE',  ( 125.3494233923986911, 17.61671259297390080, -25.00000000000000000 ) ) ;
#1442 = EDGE_CURVE ( 'NONE', #5724, #5081, #664, .T. ) ;
#1443 = VERTEX_POINT ( 'NONE', #2211 ) ;
#1444 = B_SPLINE_CURVE_WITH_KNOTS ( 'NONE', 3,
 ( #2862, #5383, #872, #951, #3530, #6821, #7296, #4123, #8055, #6141, #3570, #6786, #8104, #2263, #5422, #5461 ),
 .UNSPECIFIED., .F., .F.,
 ( 4, 2, 2, 2, 2, 2, 2, 4 ),
 ( 6.059128614320847718E-17, 0.002213860497108328246, 0.003320790745662518823, 0.004427720994216709401, 0.005534651242770899544, 0.006641581491325091423, 0.007748511739879281567, 0.008855441988433472578 ),
 .UNSPECIFIED. ) ;
#1445 = DIRECTION ( 'NONE',  ( -1.000000000000000000, -1.023284752087778828E-15, -0.000000000000000000 ) ) ;
#1446 = VECTOR ( 'NONE', #2296, 1000.000000000000000 ) ;
#1447 = EDGE_LOOP ( 'NONE', ( #6169, #3525, #8087, #683 ) ) ;
#1448 = CARTESIAN_POINT ( 'NONE',  ( -88.76400995127215765, 304.2354663266862644, 11.55026475576619838 ) ) ;
#1449 = CARTESIAN_POINT ( 'NONE',  ( -83.99999999999994316, 0.000000000000000000, 27.99999999999999645 ) ) ;
#1450 = FACE_BOUND ( 'NONE', #2794, .T. ) ;
#1451 = DIRECTION ( 'NONE',  ( 0.000000000000000000, -0.000000000000000000, -1.000000000000000000 ) ) ;
#1452 = AXIS2_PLACEMENT_3D ( 'NONE', #5713, #3826, #6397 ) ;
#1453 = VERTEX_POINT ( 'NONE', #5533 ) ;
#1454 = AXIS2_PLACEMENT_3D ( 'NONE', #526, #483, #3077 ) ;
#1455 = DIRECTION ( 'NONE',  ( -1.000000000000000000, 0.000000000000000000, 0.000000000000000000 ) ) ;
#1456 = CARTESIAN_POINT ( 'NONE',  ( 76.02731267004951121, 437.9185223865516150, -22.54389586144364088 ) ) ;
#1457 = EDGE_LOOP ( 'NONE', ( #2118, #920, #371, #401, #5753, #4396, #2408, #5139 ) ) ;
#1458 = CYLINDRICAL_SURFACE ( 'NONE', #7839, 391.9999999999878924 ) ;
#1459 = DIRECTION ( 'NONE',  ( 1.000000000000000000, 0.000000000000000000, 0.000000000000000000 ) ) ;
#1460 = CARTESIAN_POINT ( 'NONE',  ( -85.61955282509605070, 327.2395580589882229, -25.97690069403186541 ) ) ;
#1461 = AXIS2_PLACEMENT_3D ( 'NONE', #4435, #5199, #592 ) ;
#1462 = CARTESIAN_POINT ( 'NONE',  ( 83.81792947602076538, 303.5021749131269644, -10.85786437626901701 ) ) ;
#1463 = CARTESIAN_POINT ( 'NONE',  ( 79.00000000000001421, 442.1664864017591867, 25.00000000000000711 ) ) ;
#1464 = ADVANCED_FACE ( 'NONE', ( #7451, #3558 ), #3475, .T. ) ;
#1465 = EDGE_CURVE ( 'NONE', #4925, #7581, #3917, .T. ) ;
#1466 = VERTEX_POINT ( 'NONE', #379 ) ;
#1467 = ADVANCED_FACE ( 'NONE', ( #8088 ), #1580, .F. ) ;
#1468 = ORIENTED_EDGE ( 'NONE', *, *, #278, .F. ) ;
#1469 = CIRCLE ( 'NONE', #5623, 408.0000000000167688 ) ;
#1470 = CARTESIAN_POINT ( 'NONE',  ( 96.99999999999985789, 402.3800000000000523, 24.99999999999999645 ) ) ;
#1471 = CARTESIAN_POINT ( 'NONE',  ( 8.673617379884035472E-16, 261.0399999999990541, -10.85786437626901701 ) ) ;
#1472 = VERTEX_POINT ( 'NONE', #5449 ) ;
#1473 = DIRECTION ( 'NONE',  ( 0.1391731009596220703, 0.9902680687416326455, 0.000000000000000000 ) ) ;
#1474 = CARTESIAN_POINT ( 'NONE',  ( -113.0287491559736281, 260.9182132862523531, -24.99999999999999645 ) ) ;
#1475 = CARTESIAN_POINT ( 'NONE',  ( -79.00000000000000000, 442.1664864017461127, -25.00000000001063327 ) ) ;
#1476 = VECTOR ( 'NONE', #275, 1000.000000000000000 ) ;
#1477 = EDGE_CURVE ( 'NONE', #6435, #7378, #1075, .T. ) ;
#1478 = ADVANCED_FACE ( 'NONE', ( #1022 ), #2115, .F. ) ;
#1479 = ORIENTED_EDGE ( 'NONE', *, *, #1211, .T. ) ;
#1480 = CARTESIAN_POINT ( 'NONE',  ( -111.9999999999999858, 204.1300141686550660, 30.00000000000000000 ) ) ;
#1481 = VECTOR ( 'NONE', #5649, 1000.000000000000000 ) ;
#1482 = CIRCLE ( 'NONE', #2555, 15.00000000000001421 ) ;
#1483 = ORIENTED_EDGE ( 'NONE', *, *, #6289, .T. ) ;
#1484 = DIRECTION ( 'NONE',  ( -0.000000000000000000, 0.000000000000000000, 1.000000000000000000 ) ) ;
#1485 = CARTESIAN_POINT ( 'NONE',  ( -85.14916676944930884, 316.9951061200580398, -17.92893218813447476 ) ) ;
#1486 = CARTESIAN_POINT ( 'NONE',  ( -82.68451296682403040, 330.3308308833137517, 23.53365588527976016 ) ) ;
#1487 = CARTESIAN_POINT ( 'NONE',  ( -87.94143215966393257, 346.0148941111733052, 30.00000000000000000 ) ) ;
#1488 = ADVANCED_FACE ( 'NONE', ( #3014 ), #7656, .T. ) ;
#1489 = AXIS2_PLACEMENT_3D ( 'NONE', #2803, #2887, #6128 ) ;
#1490 = ORIENTED_EDGE ( 'NONE', *, *, #5468, .T. ) ;
#1491 = EDGE_LOOP ( 'NONE', ( #601, #2230, #2598, #90 ) ) ;
#1492 = DIRECTION ( 'NONE',  ( 2.213818437740777674E-12, -0.7814342413038724011, -0.6239876012532953320 ) ) ;
#1493 = VECTOR ( 'NONE', #1723, 1000.000000000000000 ) ;
#1494 = ADVANCED_FACE ( 'NONE', ( #2544 ), #2840, .F. ) ;
#1495 = ORIENTED_EDGE ( 'NONE', *, *, #599, .F. ) ;
#1496 = DIRECTION ( 'NONE',  ( 0.000000000000000000, 0.000000000000000000, 1.000000000000000000 ) ) ;
#1497 = CARTESIAN_POINT ( 'NONE',  ( -76.33630609352843521, 444.5194962229612088, -17.49926451659299431 ) ) ;
#1498 = CARTESIAN_POINT ( 'NONE',  ( 83.11586239197886528, 328.4641884665889506, -22.96615595722065351 ) ) ;
#1499 = CARTESIAN_POINT ( 'NONE',  ( -79.88621320722880625, 341.1042618279727776, -25.00000000000000000 ) ) ;
#1500 = EDGE_CURVE ( 'NONE', #5562, #8325, #3767, .T. ) ;
#1501 = VECTOR ( 'NONE', #3919, 1000.000000000000000 ) ;
#1502 = EDGE_LOOP ( 'NONE', ( #7641, #4755, #7316, #1953 ) ) ;
#1503 = CARTESIAN_POINT ( 'NONE',  ( 81.38995579738737263, 335.9809834540037059, -24.71052547871266469 ) ) ;
#1504 = DIRECTION ( 'NONE',  ( 1.000000000000000000, 0.000000000000000000, 0.000000000000000000 ) ) ;
#1505 = VERTEX_POINT ( 'NONE', #4430 ) ;
#1506 = CARTESIAN_POINT ( 'NONE',  ( -78.99999999996053646, 441.6842264109950520, 21.34421046555650037 ) ) ;
#1507 = CARTESIAN_POINT ( 'NONE',  ( 8.673617379884035472E-16, 261.0399999999990541, -15.00000000000000178 ) ) ;
#1508 = CARTESIAN_POINT ( 'NONE',  ( -83.75614868786591671, 336.0526183858025320, -25.17101417230159299 ) ) ;
#1509 = CARTESIAN_POINT ( 'NONE',  ( 59.00000000000019185, 389.7200000000000273, -37.00000000000000711 ) ) ;
#1510 = B_SPLINE_CURVE_WITH_KNOTS ( 'NONE', 3,
 ( #7827, #3380, #7947, #1528 ),
 .UNSPECIFIED., .F., .F.,
 ( 4, 4 ),
 ( 3.892836981869516052E-15, 0.005734253736835652308 ),
 .UNSPECIFIED. ) ;
#1511 = CARTESIAN_POINT ( 'NONE',  ( 117.0000000016510597, 494.0000000000001137, 0.000000000000000000 ) ) ;
#1512 = AXIS2_PLACEMENT_3D ( 'NONE', #111, #70, #7225 ) ;
#1513 = ORIENTED_EDGE ( 'NONE', *, *, #8227, .T. ) ;
#1514 = EDGE_LOOP ( 'NONE', ( #1495, #1916, #2316, #2511 ) ) ;
#1515 = CARTESIAN_POINT ( 'NONE',  ( 489.0000000000001137, 402.3800000000000523, 30.00000000000000355 ) ) ;
#1516 = FACE_OUTER_BOUND ( 'NONE', #924, .T. ) ;
#1517 = ORIENTED_EDGE ( 'NONE', *, *, #3470, .F. ) ;
#1518 = DIRECTION ( 'NONE',  ( -1.000000000000000000, 9.764252921617360809E-15, 0.000000000000000000 ) ) ;
#1519 = EDGE_CURVE ( 'NONE', #4776, #209, #8103, .T. ) ;
#1520 = FACE_OUTER_BOUND ( 'NONE', #1664, .T. ) ;
#1521 = B_SPLINE_CURVE_WITH_KNOTS ( 'NONE', 3,
 ( #4826, #5502, #7466, #5580 ),
 .UNSPECIFIED., .F., .F.,
 ( 4, 4 ),
 ( 0.000000000000000000, 0.008483116471232239608 ),
 .UNSPECIFIED. ) ;
#1522 = AXIS2_PLACEMENT_3D ( 'NONE', #5158, #7198, #6520 ) ;
#1523 = ORIENTED_EDGE ( 'NONE', *, *, #7312, .F. ) ;
#1524 = DIRECTION ( 'NONE',  ( 0.9902680687416310912, 0.1391731009596330060, 0.000000000000000000 ) ) ;
#1525 = VERTEX_POINT ( 'NONE', #588 ) ;
#1526 = DIRECTION ( 'NONE',  ( 0.000000000000000000, -0.4423086824043574450, -0.8968628822009089285 ) ) ;
#1527 = EDGE_CURVE ( 'NONE', #7392, #1647, #3642, .T. ) ;
#1528 = CARTESIAN_POINT ( 'NONE',  ( -76.12829888279344459, 439.3433066579995057, 21.46446609407785289 ) ) ;
#1529 = AXIS2_PLACEMENT_3D ( 'NONE', #8024, #7428, #7227 ) ;
#1530 = CARTESIAN_POINT ( 'NONE',  ( -85.09544648774814846, 328.1186127704532964, 23.97240719299946576 ) ) ;
#1531 = DIRECTION ( 'NONE',  ( -0.000000000000000000, 0.000000000000000000, 1.000000000000000000 ) ) ;
#1532 = EDGE_LOOP ( 'NONE', ( #5582, #5902, #3967, #4530, #1963, #3093, #4773, #3052, #640, #4828, #6019, #3873 ) ) ;
#1533 = LINE ( 'NONE', #4766, #7468 ) ;
#1534 = CIRCLE ( 'NONE', #3556, 15.00000000000002487 ) ;
#1535 = ORIENTED_EDGE ( 'NONE', *, *, #637, .T. ) ;
#1536 = EDGE_CURVE ( 'NONE', #1265, #1907, #4308, .T. ) ;
#1537 = CARTESIAN_POINT ( 'NONE',  ( -79.66987298107781612, 429.3405386945347573, 27.50000000000000355 ) ) ;
#1538 = CARTESIAN_POINT ( 'NONE',  ( 83.76585374409977192, 326.0466849473704087, -22.07106781186546485 ) ) ;
#1539 = CARTESIAN_POINT ( 'NONE',  ( -489.0000000000001137, 402.3800000000000523, -24.99999999999999289 ) ) ;
#1540 = CARTESIAN_POINT ( 'NONE',  ( -82.26970660118244894, 332.2088314921805932, -24.04009618480781185 ) ) ;
#1541 = CIRCLE ( 'NONE', #438, 4.999999999999991118 ) ;
#1542 = VERTEX_POINT ( 'NONE', #8168 ) ;
#1543 = DIRECTION ( 'NONE',  ( 1.000000000000000000, 0.000000000000000000, 0.000000000000000000 ) ) ;
#1544 = VECTOR ( 'NONE', #859, 1000.000000000000000 ) ;
#1545 = CARTESIAN_POINT ( 'NONE',  ( 75.90514592174605468, 434.9699289281772394, -24.03973732423347087 ) ) ;
#1546 = ORIENTED_EDGE ( 'NONE', *, *, #4136, .T. ) ;
#1547 = CARTESIAN_POINT ( 'NONE',  ( -79.00000000000001421, 440.1862244976270517, 22.52007178427522405 ) ) ;
#1548 = FACE_OUTER_BOUND ( 'NONE', #4138, .T. ) ;
#1549 = CARTESIAN_POINT ( 'NONE',  ( -82.12785537478224285, 332.8282402338939505, -24.16101378653396026 ) ) ;
#1550 = CARTESIAN_POINT ( 'NONE',  ( 84.00000000000000000, 0.000000000000000000, 24.99999999999999645 ) ) ;
#1551 = DIRECTION ( 'NONE',  ( 0.1391731009596206270, -0.9902680687416328675, 0.000000000000000000 ) ) ;
#1552 = VERTEX_POINT ( 'NONE', #6934 ) ;
#1553 = CARTESIAN_POINT ( 'NONE',  ( -129.6374099128328226, 18.21934979774641405, 27.50000000000000355 ) ) ;
#1554 = CARTESIAN_POINT ( 'NONE',  ( -95.00000000000000000, 538.9999999999998863, -24.99999999999999289 ) ) ;
#1555 = FACE_OUTER_BOUND ( 'NONE', #8312, .T. ) ;
#1556 = ORIENTED_EDGE ( 'NONE', *, *, #7511, .T. ) ;
#1557 = CARTESIAN_POINT ( 'NONE',  ( 79.88621320722880625, 341.1042618279727776, -25.00000000000000000 ) ) ;
#1558 = CARTESIAN_POINT ( 'NONE',  ( 100.9999999999984794, 16.00000000000020961, 1.836970198721029589E-15 ) ) ;
#1559 = DIRECTION ( 'NONE',  ( 1.000000000000000000, 0.000000000000000000, 0.000000000000000000 ) ) ;
#1560 = ORIENTED_EDGE ( 'NONE', *, *, #565, .F. ) ;
#1561 = CARTESIAN_POINT ( 'NONE',  ( 60.00000000000000711, 401.7200000000000273, -25.00000000000000000 ) ) ;
#1562 = ORIENTED_EDGE ( 'NONE', *, *, #4761, .F. ) ;
#1563 = AXIS2_PLACEMENT_3D ( 'NONE', #2636, #6511, #3931 ) ;
#1564 = CYLINDRICAL_SURFACE ( 'NONE', #2857, 6.999999999999988454 ) ;
#1565 = CARTESIAN_POINT ( 'NONE',  ( 79.00000000000717648, 447.9608415439010400, 16.24677591973845736 ) ) ;
#1566 = CARTESIAN_POINT ( 'NONE',  ( 96.99999999999997158, 509.0000000000001137, 0.000000000000000000 ) ) ;
#1567 = EDGE_CURVE ( 'NONE', #945, #5928, #6880, .T. ) ;
#1568 = EDGE_CURVE ( 'NONE', #513, #4486, #2710, .T. ) ;
#1569 = EDGE_LOOP ( 'NONE', ( #589, #4721, #6471, #7440, #6424, #6955 ) ) ;
#1570 = PLANE ( 'NONE',  #2881 ) ;
#1571 = ORIENTED_EDGE ( 'NONE', *, *, #3601, .F. ) ;
#1572 = DIRECTION ( 'NONE',  ( -0.000000000000000000, 0.000000000000000000, 1.000000000000000000 ) ) ;
#1573 = CARTESIAN_POINT ( 'NONE',  ( -78.99999999998929923, 448.7037854531376979, -15.20104722910113182 ) ) ;
#1574 = FACE_OUTER_BOUND ( 'NONE', #5579, .T. ) ;
#1575 = CARTESIAN_POINT ( 'NONE',  ( 75.33974596215563224, 429.3405386945350415, -30.00000000000001421 ) ) ;
#1576 = EDGE_CURVE ( 'NONE', #5891, #7392, #6127, .T. ) ;
#1577 = EDGE_CURVE ( 'NONE', #2873, #5504, #1148, .T. ) ;
#1578 = ORIENTED_EDGE ( 'NONE', *, *, #3097, .F. ) ;
#1579 = VECTOR ( 'NONE', #7658, 1000.000000000000000 ) ;
#1580 = CYLINDRICAL_SURFACE ( 'NONE', #1755, 2.999999999999990674 ) ;
#1581 = CARTESIAN_POINT ( 'NONE',  ( -87.32224904875101856, 314.4941281994358633, -20.92255936526513338 ) ) ;
#1582 = ORIENTED_EDGE ( 'NONE', *, *, #5573, .T. ) ;
#1583 = DIRECTION ( 'NONE',  ( -1.000000000000000000, 0.000000000000000000, 0.000000000000000000 ) ) ;
#1584 = AXIS2_PLACEMENT_3D ( 'NONE', #52, #1381, #1840 ) ;
#1585 = CARTESIAN_POINT ( 'NONE',  ( -74.01841523825163449, 441.4216607543498299, 25.60660171779548477 ) ) ;
#1586 = CARTESIAN_POINT ( 'NONE',  ( -85.64585522679055885, 325.6082026301205019, -23.28746268599947555 ) ) ;
#1587 = LINE ( 'NONE', #1511, #3088 ) ;
#1588 = AXIS2_PLACEMENT_3D ( 'NONE', #5638, #6406, #4295 ) ;
#1589 = ORIENTED_EDGE ( 'NONE', *, *, #577, .T. ) ;
#1590 = DIRECTION ( 'NONE',  ( 1.000000000000000000, -1.015794745118902656E-15, 0.000000000000000000 ) ) ;
#1591 = DIRECTION ( 'NONE',  ( -1.000000000000000000, 0.000000000000000000, 0.000000000000000000 ) ) ;
#1592 = DIRECTION ( 'NONE',  ( -0.000000000000000000, 0.000000000000000000, 1.000000000000000000 ) ) ;
#1593 = CIRCLE ( 'NONE', #6166, 5.000000000000000888 ) ;
#1594 = ORIENTED_EDGE ( 'NONE', *, *, #5172, .F. ) ;
#1595 = DIRECTION ( 'NONE',  ( 1.000000000000000000, 0.000000000000000000, 0.000000000000000000 ) ) ;
#1596 = DIRECTION ( 'NONE',  ( -0.000000000000000000, -0.000000000000000000, -1.000000000000000000 ) ) ;
#1597 = LINE ( 'NONE', #6825, #6651 ) ;
#1598 = DIRECTION ( 'NONE',  ( 1.000000000000000000, 0.000000000000000000, 0.000000000000000000 ) ) ;
#1599 = ADVANCED_FACE ( 'NONE', ( #7702 ), #1214, .T. ) ;
#1600 = AXIS2_PLACEMENT_3D ( 'NONE', #5994, #5352, #4012 ) ;
#1601 = EDGE_LOOP ( 'NONE', ( #2248, #7205, #3897, #6830 ) ) ;
#1602 = FACE_OUTER_BOUND ( 'NONE', #4076, .T. ) ;
#1603 = ORIENTED_EDGE ( 'NONE', *, *, #966, .F. ) ;
#1604 = DIRECTION ( 'NONE',  ( -1.000000000000000000, -2.009438925630560153E-14, 0.000000000000000000 ) ) ;
#1605 = ADVANCED_FACE ( 'NONE', ( #7531 ), #6477, .F. ) ;
#1606 = CIRCLE ( 'NONE', #376, 5.000000000000004441 ) ;
#1607 = DIRECTION ( 'NONE',  ( 1.000000000000000000, -2.009438925630560153E-14, 0.000000000000000000 ) ) ;
#1608 = CARTESIAN_POINT ( 'NONE',  ( 108.0774088122660004, 260.2223477814503667, 24.99999999999999645 ) ) ;
#1609 = ORIENTED_EDGE ( 'NONE', *, *, #6807, .F. ) ;
#1610 = AXIS2_PLACEMENT_3D ( 'NONE', #3658, #476, #3068 ) ;
#1611 = LINE ( 'NONE', #8196, #986 ) ;
#1612 = ORIENTED_EDGE ( 'NONE', *, *, #595, .F. ) ;
#1613 = AXIS2_PLACEMENT_3D ( 'NONE', #3565, #219, #7416 ) ;
#1614 = CARTESIAN_POINT ( 'NONE',  ( -87.78107881993786066, 307.6406042847357867, 13.74261063621933943 ) ) ;
#1615 = EDGE_CURVE ( 'NONE', #6687, #5073, #4437, .T. ) ;
#1616 = EDGE_CURVE ( 'NONE', #5522, #3844, #3102, .T. ) ;
#1617 = CARTESIAN_POINT ( 'NONE',  ( -77.19102122149512013, 448.3546773278786759, -12.23729073471229256 ) ) ;
#1618 = DIRECTION ( 'NONE',  ( 1.000000000000000000, 0.000000000000000000, 0.000000000000000000 ) ) ;
#1619 = VECTOR ( 'NONE', #4542, 1000.000000000000000 ) ;
#1620 = CARTESIAN_POINT ( 'NONE',  ( -81.69014047778441068, 334.7409063569057253, -24.53576840381491309 ) ) ;
#1621 = ORIENTED_EDGE ( 'NONE', *, *, #3019, .F. ) ;
#1622 = CARTESIAN_POINT ( 'NONE',  ( 84.37693229070426071, 340.2219210889651890, -27.48985651625253723 ) ) ;
#1623 = CARTESIAN_POINT ( 'NONE',  ( -87.36457599122944373, 314.1929563544492225, -18.49203648857163174 ) ) ;
#1624 = VERTEX_POINT ( 'NONE', #8208 ) ;
#1625 = LINE ( 'NONE', #2422, #5306 ) ;
#1626 = DIRECTION ( 'NONE',  ( 0.000000000000000000, 0.000000000000000000, -1.000000000000000000 ) ) ;
#1627 = EDGE_CURVE ( 'NONE', #7309, #2660, #2420, .T. ) ;
#1628 = CARTESIAN_POINT ( 'NONE',  ( 83.76585374409971507, 326.0466849473708635, 22.07106781186553590 ) ) ;
#1629 = AXIS2_PLACEMENT_3D ( 'NONE', #6688, #3517, #211 ) ;
#1630 = CARTESIAN_POINT ( 'NONE',  ( 290.9999999983658086, 204.1311561622549107, 24.99999999999999645 ) ) ;
#1631 = CIRCLE ( 'NONE', #8238, 392.0000000000002274 ) ;
#1632 = EDGE_CURVE ( 'NONE', #3399, #958, #1306, .T. ) ;
#1633 = CARTESIAN_POINT ( 'NONE',  ( -76.13679048190839183, 438.5910271985778763, 22.07106781186276123 ) ) ;
#1634 = ORIENTED_EDGE ( 'NONE', *, *, #2796, .F. ) ;
#1635 = CARTESIAN_POINT ( 'NONE',  ( -111.9999999999999858, 204.1300141686550660, 27.99999999999999645 ) ) ;
#1636 = CIRCLE ( 'NONE', #7437, 15.00000000000001421 ) ;
#1637 = CARTESIAN_POINT ( 'NONE',  ( 97.00000000000000000, 538.9999999999998863, 24.99999999999999645 ) ) ;
#1638 = DIRECTION ( 'NONE',  ( 0.000000000000000000, 0.000000000000000000, 1.000000000000000000 ) ) ;
#1639 = ORIENTED_EDGE ( 'NONE', *, *, #5201, .T. ) ;
#1640 = CARTESIAN_POINT ( 'NONE',  ( -60.00000000000000711, 389.7200000000000273, -37.00000000000000711 ) ) ;
#1641 = LINE ( 'NONE', #4126, #4 ) ;
#1642 = ADVANCED_FACE ( 'NONE', ( #4564 ), #7752, .F. ) ;
#1643 = CARTESIAN_POINT ( 'NONE',  ( 85.74153331801575462, 325.9687389750902753, 25.67217467512109863 ) ) ;
#1644 = CARTESIAN_POINT ( 'NONE',  ( 0.000000000000000000, 401.7200000000000273, -25.00000000000000000 ) ) ;
#1645 = VERTEX_POINT ( 'NONE', #78 ) ;
#1646 = CARTESIAN_POINT ( 'NONE',  ( -100.9999999999990763, -13.99999999999999645, 0.000000000000000000 ) ) ;
#1647 = VERTEX_POINT ( 'NONE', #1951 ) ;
#1648 = FACE_OUTER_BOUND ( 'NONE', #2949, .T. ) ;
#1649 = CARTESIAN_POINT ( 'NONE',  ( 78.99999999998553335, 449.8341583063484563, 12.51822308832876551 ) ) ;
#1650 = CARTESIAN_POINT ( 'NONE',  ( -82.12796514359718003, 332.8277520115482844, 24.16090928076717503 ) ) ;
#1651 = AXIS2_PLACEMENT_3D ( 'NONE', #6774, #4738, #4113 ) ;
#1652 = ORIENTED_EDGE ( 'NONE', *, *, #8369, .F. ) ;
#1653 = CARTESIAN_POINT ( 'NONE',  ( -75.33974596215561803, 402.3799999999999955, 30.00000000000003553 ) ) ;
#1654 = VERTEX_POINT ( 'NONE', #8385 ) ;
#1655 = VECTOR ( 'NONE', #2640, 1000.000000000000000 ) ;
#1656 = AXIS2_PLACEMENT_3D ( 'NONE', #7509, #4211, #2868 ) ;
#1657 = CARTESIAN_POINT ( 'NONE',  ( -87.99128673925875432, 309.7336776732479393, 18.26969085686340932 ) ) ;
#1658 = CARTESIAN_POINT ( 'NONE',  ( -79.00000000000000000, 446.6320201490439104, -21.46446609406716632 ) ) ;
#1659 = CARTESIAN_POINT ( 'NONE',  ( 88.07033484493811670, 309.1712211754831401, -17.88640208730452130 ) ) ;
#1660 = DIRECTION ( 'NONE',  ( 0.000000000000000000, -1.000000000000000000, 0.000000000000000000 ) ) ;
#1661 = CIRCLE ( 'NONE', #3005, 2.999999999999998668 ) ;
#1662 = ORIENTED_EDGE ( 'NONE', *, *, #8205, .F. ) ;
#1663 = CARTESIAN_POINT ( 'NONE',  ( -84.97062795343929054, 345.5973748082931252, 24.99999999999999645 ) ) ;
#1664 = EDGE_LOOP ( 'NONE', ( #7587, #4508, #1754, #4233 ) ) ;
#1665 = CARTESIAN_POINT ( 'NONE',  ( -95.20393762187492825, 258.4129999647863087, 24.99999999999999645 ) ) ;
#1666 = AXIS2_PLACEMENT_3D ( 'NONE', #1138, #3711, #6280 ) ;
#1667 = DIRECTION ( 'NONE',  ( 1.000000000000000000, 9.764252921617360809E-15, 0.000000000000000000 ) ) ;
#1668 = CARTESIAN_POINT ( 'NONE',  ( -141.8475409834426557, 19.93537181034426098, -24.99999999999999645 ) ) ;
#1669 = DIRECTION ( 'NONE',  ( 1.000000000000000000, 0.000000000000000000, 0.000000000000000000 ) ) ;
#1670 = CARTESIAN_POINT ( 'NONE',  ( -76.12482776071122714, 439.0896123767626591, 21.66495546555666607 ) ) ;
#1671 = VERTEX_POINT ( 'NONE', #3309 ) ;
#1672 = ADVANCED_FACE ( 'NONE', ( #1993 ), #7109, .T. ) ;
#1673 = CIRCLE ( 'NONE', #6388, 6.999999999999985789 ) ;
#1675 = EDGE_CURVE ( 'NONE', #1505, #450, #5833, .T. ) ;
#1674 = DIRECTION ( 'NONE',  ( -1.000000000000000000, 0.000000000000000000, 0.000000000000000000 ) ) ;
#1676 = CYLINDRICAL_SURFACE ( 'NONE', #6884, 12.00000000000001066 ) ;
#1677 = ORIENTED_EDGE ( 'NONE', *, *, #7836, .F. ) ;
#1678 = CARTESIAN_POINT ( 'NONE',  ( 60.00000000000000711, 401.7200000000000273, -37.00000000000000711 ) ) ;
#1679 = CARTESIAN_POINT ( 'NONE',  ( -114.9999999999999716, -14.00000000000001066, 0.000000000000000000 ) ) ;
#1680 = CARTESIAN_POINT ( 'NONE',  ( 100.8149170533042565, 347.8241444236543316, 24.99999999999999645 ) ) ;
#1681 = CARTESIAN_POINT ( 'NONE',  ( 83.81568688001188150, 325.6428183443133548, -21.86282965764404551 ) ) ;
#1682 = B_SPLINE_CURVE_WITH_KNOTS ( 'NONE', 3,
 ( #7568, #3553, #6126, #5485, #2246, #4808, #4894, #6206, #4305, #1659, #5528, #6847, #4227, #415, #3513, #7527 ),
 .UNSPECIFIED., .F., .F.,
 ( 4, 2, 2, 2, 2, 2, 2, 4 ),
 ( 0.000000000000000000, 0.002059521961878471759, 0.004119043923756943518, 0.006178565885635419613, 0.008238087847513897444, 0.01029760980939237354, 0.01235713177127084964, 0.01647617569502794754 ),
 .UNSPECIFIED. ) ;
#1684 = ADVANCED_FACE ( 'NONE', ( #6470 ), #1285, .F. ) ;
#1683 = VERTEX_POINT ( 'NONE', #6517 ) ;
#1685 = CARTESIAN_POINT ( 'NONE',  ( 78.90653067802387000, 439.7211302673438240, -22.82885686266870451 ) ) ;
#1686 = ORIENTED_EDGE ( 'NONE', *, *, #5908, .T. ) ;
#1687 = CARTESIAN_POINT ( 'NONE',  ( 96.99999999999945999, -9.853209027653318352E-14, -24.99999999999999289 ) ) ;
#1688 = CARTESIAN_POINT ( 'NONE',  ( -83.76585374409970086, 326.0466849473708635, 22.07106781186551814 ) ) ;
#1689 = DIRECTION ( 'NONE',  ( -0.000000000000000000, -0.000000000000000000, -1.000000000000000000 ) ) ;
#1690 = ORIENTED_EDGE ( 'NONE', *, *, #5583, .F. ) ;
#1691 = CARTESIAN_POINT ( 'NONE',  ( 84.74386365503733032, 330.0631746587912403, 24.39461197954583938 ) ) ;
#1692 =( BOUNDED_SURFACE ( )  B_SPLINE_SURFACE ( 3, 2, ( 
 ( #7062, #8329, #5693 ),
 ( #1145, #1821, #3760 ),
 ( #1946, #1280, #5778 ),
 ( #8379, #7104, #1319 ) ),
 .UNSPECIFIED., .F., .F., .F. ) 
 B_SPLINE_SURFACE_WITH_KNOTS ( ( 4, 4 ),
 ( 3, 3 ),
 ( 5.898059818321144121E-17, 0.001337824752817816593 ),
 ( 0.000000000000000000, 1.000000000000000000 ),
 .UNSPECIFIED. ) 
 GEOMETRIC_REPRESENTATION_ITEM ( )  RATIONAL_B_SPLINE_SURFACE ( (
 ( 1.000000000000000000, 0.8991790343835351917, 1.000000000000000000),
 ( 1.000000000000000000, 0.9027184004790717031, 1.000000000000000000),
 ( 1.000000000000000000, 0.9062430039446904839, 1.000000000000000000),
 ( 1.000000000000000000, 0.9097484390951019462, 1.000000000000000000) ) ) 
 REPRESENTATION_ITEM ( '' )  SURFACE ( )  );
#1693 = ORIENTED_EDGE ( 'NONE', *, *, #6794, .F. ) ;
#1694 = CARTESIAN_POINT ( 'NONE',  ( -489.0000000000001137, 402.3800000000000523, -25.00000000000000000 ) ) ;
#1695 = CARTESIAN_POINT ( 'NONE',  ( 87.82883210118654915, 310.8896024862513059, -19.00165422884193589 ) ) ;
#1696 = DIRECTION ( 'NONE',  ( -0.000000000000000000, -1.000000000000000000, -0.000000000000000000 ) ) ;
#1697 = LINE ( 'NONE', #1102, #5917 ) ;
#1698 = EDGE_CURVE ( 'NONE', #729, #151, #6337, .T. ) ;
#1699 = EDGE_LOOP ( 'NONE', ( #3825, #5660, #7986, #7088 ) ) ;
#1700 = CARTESIAN_POINT ( 'NONE',  ( 100.9999999999988063, 2.029533314886842209E-12, -24.99999999999999289 ) ) ;
#1701 = VERTEX_POINT ( 'NONE', #5155 ) ;
#1702 = DIRECTION ( 'NONE',  ( -0.000000000000000000, -1.000000000000000000, -0.000000000000000000 ) ) ;
#1703 = CARTESIAN_POINT ( 'NONE',  ( 88.76926981972894737, 304.1980404179250286, 10.85786437626894774 ) ) ;
#1704 = FACE_OUTER_BOUND ( 'NONE', #1746, .T. ) ;
#1705 = CARTESIAN_POINT ( 'NONE',  ( -76.02891012437761731, 437.9283352819006154, 22.53699656311926702 ) ) ;
#1706 = ORIENTED_EDGE ( 'NONE', *, *, #7332, .F. ) ;
#1707 = ORIENTED_EDGE ( 'NONE', *, *, #2002, .T. ) ;
#1708 = AXIS2_PLACEMENT_3D ( 'NONE', #6425, #3816, #7754 ) ;
#1709 = CARTESIAN_POINT ( 'NONE',  ( -489.0000000000001137, 402.3800000000000523, 30.00000000000000355 ) ) ;
#1710 = CARTESIAN_POINT ( 'NONE',  ( -35.00000000000000000, 389.7200000000000273, -30.00000000000001776 ) ) ;
#1711 = CARTESIAN_POINT ( 'NONE',  ( 79.00000000000723333, 448.2312411955209086, -15.89873564057270983 ) ) ;
#1712 = ORIENTED_EDGE ( 'NONE', *, *, #7152, .F. ) ;
#1713 = CARTESIAN_POINT ( 'NONE',  ( -84.17419972766285241, 341.7068990327451843, -27.50000000000000355 ) ) ;
#1714 = CYLINDRICAL_SURFACE ( 'NONE', #3657, 5.000000000000004441 ) ;
#1715 = AXIS2_PLACEMENT_3D ( 'NONE', #5089, #3705, #7684 ) ;
#1716 = CARTESIAN_POINT ( 'NONE',  ( 86.42632954317180349, 320.8689267231483200, -23.75884225378534609 ) ) ;
#1717 = ADVANCED_FACE ( 'NONE', ( #674 ), #2641, .F. ) ;
#1718 = EDGE_CURVE ( 'NONE', #7950, #3948, #7430, .T. ) ;
#1719 = DIRECTION ( 'NONE',  ( -0.1391842148782939381, -0.9902665067186271486, -0.000000000000000000 ) ) ;
#1720 = ORIENTED_EDGE ( 'NONE', *, *, #741, .T. ) ;
#1721 = AXIS2_PLACEMENT_3D ( 'NONE', #6806, #4343, #7446 ) ;
#1722 = CYLINDRICAL_SURFACE ( 'NONE', #7065, 15.00000000000001421 ) ;
#1723 = DIRECTION ( 'NONE',  ( -0.000000000000000000, -0.000000000000000000, -1.000000000000000000 ) ) ;
#1724 = EDGE_LOOP ( 'NONE', ( #2578, #6833, #5334, #3831 ) ) ;
#1725 = DIRECTION ( 'NONE',  ( 1.000000000000000000, 0.000000000000000000, 0.000000000000000000 ) ) ;
#1726 = CARTESIAN_POINT ( 'NONE',  ( 76.82423259373203450, 446.7197619472581778, 15.42131512782729175 ) ) ;
#1727 = EDGE_CURVE ( 'NONE', #8044, #5309, #1216, .T. ) ;
#1728 = ADVANCED_FACE ( 'NONE', ( #4289 ), #1264, .T. ) ;
#1729 = CARTESIAN_POINT ( 'NONE',  ( -80.09661728456285346, 340.4694332900516542, 25.00000000000000000 ) ) ;
#1730 = VECTOR ( 'NONE', #6714, 1000.000000000000000 ) ;
#1731 = EDGE_CURVE ( 'NONE', #1392, #1801, #3373, .T. ) ;
#1732 = ORIENTED_EDGE ( 'NONE', *, *, #1428, .F. ) ;
#1733 = ORIENTED_EDGE ( 'NONE', *, *, #4051, .T. ) ;
#1734 = CARTESIAN_POINT ( 'NONE',  ( -85.83912027791757282, 314.6303516382366752, 17.17327243613144461 ) ) ;
#1735 = DIRECTION ( 'NONE',  ( 0.1391731009604046665, 0.9902680687415226224, 0.000000000000000000 ) ) ;
#1736 = ADVANCED_FACE ( 'NONE', ( #3790 ), #393, .F. ) ;
#1737 = PLANE ( 'NONE',  #2805 ) ;
#1738 = DIRECTION ( 'NONE',  ( 0.000000000000000000, 0.000000000000000000, -1.000000000000000000 ) ) ;
#1739 = AXIS2_PLACEMENT_3D ( 'NONE', #5222, #7181, #7940 ) ;
#1740 = VERTEX_POINT ( 'NONE', #7679 ) ;
#1741 =( BOUNDED_SURFACE ( )  B_SPLINE_SURFACE ( 3, 2, ( 
 ( #2034, #4013, #1406 ),
 ( #7192, #159, #6553 ),
 ( #7873, #5911, #118 ),
 ( #2075, #5313, #7910 ) ),
 .UNSPECIFIED., .F., .F., .F. ) 
 B_SPLINE_SURFACE_WITH_KNOTS ( ( 4, 4 ),
 ( 3, 3 ),
 ( 0.05398186449261942882, 0.05493491505989599177 ),
 ( 0.000000000000000000, 1.000000000000000000 ),
 .UNSPECIFIED. ) 
 GEOMETRIC_REPRESENTATION_ITEM ( )  RATIONAL_B_SPLINE_SURFACE ( (
 ( 1.000000000000000000, 0.8442925371456641015, 1.000000000000000000),
 ( 1.000000000000000000, 0.8482847834467046599, 1.000000000000000000),
 ( 1.000000000000000000, 0.8522178679128199486, 1.000000000000000000),
 ( 1.000000000000000000, 0.8560923022222642897, 1.000000000000000000) ) ) 
 REPRESENTATION_ITEM ( '' )  SURFACE ( )  );
#1742 = AXIS2_PLACEMENT_3D ( 'NONE', #4866, #7460, #1669 ) ;
#1743 = ADVANCED_FACE ( 'NONE', ( #608 ), #3195, .T. ) ;
#1744 = DIRECTION ( 'NONE',  ( 0.000000000000000000, -0.000000000000000000, -1.000000000000000000 ) ) ;
#1745 = VECTOR ( 'NONE', #6013, 1000.000000000000000 ) ;
#1746 = EDGE_LOOP ( 'NONE', ( #4662, #5323, #4801, #2859 ) ) ;
#1747 = CARTESIAN_POINT ( 'NONE',  ( 97.00000000000000000, 538.9999999999998863, 30.00000000000000000 ) ) ;
#1748 = EDGE_CURVE ( 'NONE', #6687, #5432, #1846, .T. ) ;
#1749 = CARTESIAN_POINT ( 'NONE',  ( 88.29883133628916880, 307.5453841592474760, 16.62905670571345240 ) ) ;
#1750 = CARTESIAN_POINT ( 'NONE',  ( 79.00000000000000000, 450.4430401257508834, 17.26119282864680571 ) ) ;
#1751 = CARTESIAN_POINT ( 'NONE',  ( -79.66987298107780191, 429.3405386945347573, 27.50000000000000000 ) ) ;
#1752 = EDGE_LOOP ( 'NONE', ( #1560, #3205, #2226, #377, #3347, #2778 ) ) ;
#1753 = CARTESIAN_POINT ( 'NONE',  ( 78.22649730810377378, 429.3405386945347573, 25.00000000000000000 ) ) ;
#1754 = ORIENTED_EDGE ( 'NONE', *, *, #4471, .F. ) ;
#1755 = AXIS2_PLACEMENT_3D ( 'NONE', #4858, #2335, #2293 ) ;
#1756 = CARTESIAN_POINT ( 'NONE',  ( 77.21739130434782794, 448.4714566206622521, -10.85786437626900458 ) ) ;
#1757 = VERTEX_POINT ( 'NONE', #5762 ) ;
#1758 = CARTESIAN_POINT ( 'NONE',  ( 489.0000000000001137, 402.3800000000000523, 24.99999999999999645 ) ) ;
#1759 = CARTESIAN_POINT ( 'NONE',  ( 74.00000000000000000, 452.2987785557373854, -10.85786437626900280 ) ) ;
#1760 = DIRECTION ( 'NONE',  ( -1.000000000000000000, 1.015794745118904431E-15, 0.000000000000000000 ) ) ;
#1761 = DIRECTION ( 'NONE',  ( 0.000000000000000000, 0.4423086824042802845, -0.8968628822009467871 ) ) ;
#1762 = VECTOR ( 'NONE', #1970, 1000.000000000000000 ) ;
#1763 = ORIENTED_EDGE ( 'NONE', *, *, #1074, .T. ) ;
#1764 = EDGE_CURVE ( 'NONE', #7761, #5412, #6999, .T. ) ;
#1765 = DIRECTION ( 'NONE',  ( 0.000000000000000000, 0.000000000000000000, -1.000000000000000000 ) ) ;
#1766 = ADVANCED_FACE ( 'NONE', ( #3156, #8314 ), #5084, .T. ) ;
#1767 = CARTESIAN_POINT ( 'NONE',  ( -97.18447375935818400, 258.6913461667055003, 24.99999999999999645 ) ) ;
#1768 = VERTEX_POINT ( 'NONE', #6875 ) ;
#1769 = AXIS2_PLACEMENT_3D ( 'NONE', #4788, #4083, #1595 ) ;
#1770 = CARTESIAN_POINT ( 'NONE',  ( 98.99999999999469935, 204.1300253685546977, 30.00000000000000000 ) ) ;
#1771 = AXIS2_PLACEMENT_3D ( 'NONE', #5450, #7410, #1504 ) ;
#1772 = DIRECTION ( 'NONE',  ( 1.000000000000000000, 0.000000000000000000, 0.000000000000000000 ) ) ;
#1773 = DIRECTION ( 'NONE',  ( 0.000000000000000000, 0.000000000000000000, 1.000000000000000000 ) ) ;
#1774 = VERTEX_POINT ( 'NONE', #1809 ) ;
#1775 = CIRCLE ( 'NONE', #7573, 4.999999999999992006 ) ;
#1776 = ORIENTED_EDGE ( 'NONE', *, *, #2325, .T. ) ;
#1777 = EDGE_CURVE ( 'NONE', #3270, #4861, #4188, .T. ) ;
#1778 = CARTESIAN_POINT ( 'NONE',  ( -108.0774088122659862, 260.2223477814503667, -24.99999999999999645 ) ) ;
#1779 = ADVANCED_FACE ( 'NONE', ( #441 ), #2440, .F. ) ;
#1780 = ORIENTED_EDGE ( 'NONE', *, *, #6891, .T. ) ;
#1781 = DIRECTION ( 'NONE',  ( 0.000000000000000000, 0.000000000000000000, -1.000000000000000000 ) ) ;
#1782 = CARTESIAN_POINT ( 'NONE',  ( 87.14584108898684178, 315.7493360551335968, -21.46446609406719475 ) ) ;
#1783 = AXIS2_PLACEMENT_3D ( 'NONE', #5414, #4197, #4818 ) ;
#1784 = LINE ( 'NONE', #6085, #3201 ) ;
#1785 = CARTESIAN_POINT ( 'NONE',  ( 113.0287491559736281, 260.9182132862523531, -24.99999999999999289 ) ) ;
#1786 = EDGE_LOOP ( 'NONE', ( #4743, #1293, #5884, #5344 ) ) ;
#1787 = AXIS2_PLACEMENT_3D ( 'NONE', #4482, #1997, #7159 ) ;
#1788 = EDGE_CURVE ( 'NONE', #981, #3905, #8188, .T. ) ;
#1789 = DIRECTION ( 'NONE',  ( 0.000000000000000000, 1.000000000000000000, 0.000000000000000000 ) ) ;
#1790 = ORIENTED_EDGE ( 'NONE', *, *, #6781, .T. ) ;
#1791 = DIRECTION ( 'NONE',  ( -0.000000000000000000, -1.000000000000000000, -0.000000000000000000 ) ) ;
#1792 = CARTESIAN_POINT ( 'NONE',  ( 87.36452751024455665, 314.1933013147175870, 18.49220538059462271 ) ) ;
#1793 = CARTESIAN_POINT ( 'NONE',  ( -75.33974596215561803, 0.000000000000000000, -30.00000000000000355 ) ) ;
#1794 = DIRECTION ( 'NONE',  ( 1.000000000000000000, 0.000000000000000000, 0.000000000000000000 ) ) ;
#1795 = TOROIDAL_SURFACE ( 'NONE', #3953, 413.6602540378445383, 5.000000000000000000 ) ;
#1796 = VECTOR ( 'NONE', #517, 1000.000000000000000 ) ;
#1797 = VERTEX_POINT ( 'NONE', #4958 ) ;
#1798 = CARTESIAN_POINT ( 'NONE',  ( 78.42339411329773213, 434.3846889498333326, 24.79202087537794341 ) ) ;
#1799 = ORIENTED_EDGE ( 'NONE', *, *, #4514, .T. ) ;
#1800 = CARTESIAN_POINT ( 'NONE',  ( 0.000000000000000000, 540.3271830624646554, -25.00000000000000000 ) ) ;
#1801 = VERTEX_POINT ( 'NONE', #7550 ) ;
#1802 = CARTESIAN_POINT ( 'NONE',  ( -79.34487935967439398, 436.5140770960387044, -26.83466331035911878 ) ) ;
#1803 = CARTESIAN_POINT ( 'NONE',  ( -104.0000000000035385, 0.000000000000000000, -27.99999999999999645 ) ) ;
#1804 = CARTESIAN_POINT ( 'NONE',  ( -91.99999999999945999, -9.345311655093861600E-14, -24.99999999999999645 ) ) ;
#1805 = CARTESIAN_POINT ( 'NONE',  ( 87.49479668911985186, 313.2663879434826413, 20.33097646579506801 ) ) ;
#1806 = CIRCLE ( 'NONE', #2890, 2.999999999999993783 ) ;
#1807 = ORIENTED_EDGE ( 'NONE', *, *, #428, .T. ) ;
#1808 = DIRECTION ( 'NONE',  ( 2.035408878479453763E-14, -1.000000000000000000, 0.000000000000000000 ) ) ;
#1809 = CARTESIAN_POINT ( 'NONE',  ( -35.00000000000000000, 377.7200000000000273, -37.00000000000000711 ) ) ;
#1810 = VERTEX_POINT ( 'NONE', #1767 ) ;
#1811 = VECTOR ( 'NONE', #1389, 1000.000000000000000 ) ;
#1812 = DIRECTION ( 'NONE',  ( 1.000000000000000000, 0.000000000000000000, 0.000000000000000000 ) ) ;
#1813 = FACE_OUTER_BOUND ( 'NONE', #845, .T. ) ;
#1814 = DIRECTION ( 'NONE',  ( 1.000000000000000000, 0.000000000000000000, 0.000000000000000000 ) ) ;
#1815 = ORIENTED_EDGE ( 'NONE', *, *, #936, .F. ) ;
#1816 = EDGE_LOOP ( 'NONE', ( #6751, #4253, #5401, #4528, #3104, #1355, #4258, #7800 ) ) ;
#1817 = CARTESIAN_POINT ( 'NONE',  ( -35.00000000000000000, 0.000000000000000000, -49.00000000000000000 ) ) ;
#1818 = EDGE_LOOP ( 'NONE', ( #2691, #3374, #2567, #4691 ) ) ;
#1819 = LINE ( 'NONE', #1944, #79 ) ;
#1820 = CARTESIAN_POINT ( 'NONE',  ( 88.10117998953786866, 308.9517465674811092, -15.94613572167969728 ) ) ;
#1821 = CARTESIAN_POINT ( 'NONE',  ( 85.82592594988147994, 324.8329121795130732, -22.96620933761442629 ) ) ;
#1822 = CARTESIAN_POINT ( 'NONE',  ( 95.00000000000000000, 538.9999999999998863, 30.00000000000000000 ) ) ;
#1823 = EDGE_CURVE ( 'NONE', #1128, #5621, #534, .T. ) ;
#1824 = CARTESIAN_POINT ( 'NONE',  ( -79.00000000000021316, 441.9174869739328528, -25.09941499071799598 ) ) ;
#1825 = EDGE_CURVE ( 'NONE', #8079, #1683, #6273, .T. ) ;
#1826 = ORIENTED_EDGE ( 'NONE', *, *, #2663, .F. ) ;
#1827 = DIRECTION ( 'NONE',  ( 1.000000000000000000, 0.000000000000000000, 0.000000000000000000 ) ) ;
#1828 = ORIENTED_EDGE ( 'NONE', *, *, #759, .T. ) ;
#1829 = CARTESIAN_POINT ( 'NONE',  ( 91.99999999999985789, 402.3800000000000523, -30.00000000000000000 ) ) ;
#1830 = CARTESIAN_POINT ( 'NONE',  ( 86.49135078734776982, 312.3357423517613256, 16.28640918824256900 ) ) ;
#1831 = DIRECTION ( 'NONE',  ( 0.1391731009600652713, 0.9902680687415703620, 0.000000000000000000 ) ) ;
#1832 = LINE ( 'NONE', #7708, #2698 ) ;
#1833 = EDGE_CURVE ( 'NONE', #7529, #2771, #2096, .T. ) ;
#1834 = EDGE_CURVE ( 'NONE', #5178, #6313, #3745, .T. ) ;
#1835 = ORIENTED_EDGE ( 'NONE', *, *, #626, .F. ) ;
#1836 = CARTESIAN_POINT ( 'NONE',  ( -95.86357670959661448, 347.1282789188522315, -30.00000000000000000 ) ) ;
#1837 = ORIENTED_EDGE ( 'NONE', *, *, #5058, .F. ) ;
#1838 = DIRECTION ( 'NONE',  ( 1.000000000000000000, 0.000000000000000000, 0.000000000000000000 ) ) ;
#1839 = ORIENTED_EDGE ( 'NONE', *, *, #1847, .F. ) ;
#1840 = DIRECTION ( 'NONE',  ( -2.009438925630560469E-14, -1.000000000000000000, 0.000000000000000000 ) ) ;
#1841 = CARTESIAN_POINT ( 'NONE',  ( -87.94143215966403204, 346.0148941111733052, 24.99999999999999645 ) ) ;
#1842 = CARTESIAN_POINT ( 'NONE',  ( -88.29883133615329882, 307.5453841602147804, 16.62905670461036678 ) ) ;
#1843 = FACE_OUTER_BOUND ( 'NONE', #7338, .T. ) ;
#1844 = ORIENTED_EDGE ( 'NONE', *, *, #6827, .F. ) ;
#1845 = CARTESIAN_POINT ( 'NONE',  ( 79.00920761912588830, 441.4216607543467603, -25.30330085889912439 ) ) ;
#1846 = LINE ( 'NONE', #1085, #1493 ) ;
#1847 = EDGE_CURVE ( 'NONE', #4934, #6221, #4313, .T. ) ;
#1848 = AXIS2_PLACEMENT_3D ( 'NONE', #7413, #8134, #6214 ) ;
#1849 = ORIENTED_EDGE ( 'NONE', *, *, #1143, .T. ) ;
#1850 = DIRECTION ( 'NONE',  ( -0.9902680687415226224, -0.1391731009604053604, 0.000000000000000000 ) ) ;
#1851 = FACE_OUTER_BOUND ( 'NONE', #7479, .T. ) ;
#1852 = EDGE_CURVE ( 'NONE', #3114, #2863, #3365, .T. ) ;
#1853 = CARTESIAN_POINT ( 'NONE',  ( -111.9999999999999858, 204.1300141686550660, -24.99999999999999645 ) ) ;
#1854 = AXIS2_PLACEMENT_3D ( 'NONE', #2446, #1221, #5679 ) ;
#1855 = VERTEX_POINT ( 'NONE', #7133 ) ;
#1856 = ORIENTED_EDGE ( 'NONE', *, *, #3577, .F. ) ;
#1857 = DIRECTION ( 'NONE',  ( 0.000000000000000000, 0.6173572752431925048, -0.7866829060709918942 ) ) ;
#1858 = VERTEX_POINT ( 'NONE', #3875 ) ;
#1859 = CARTESIAN_POINT ( 'NONE',  ( -88.27822797669651322, 305.7617627704296410, -11.32439327557968589 ) ) ;
#1860 = AXIS2_PLACEMENT_3D ( 'NONE', #1793, #4903, #7415 ) ;
#1861 = CARTESIAN_POINT ( 'NONE',  ( 79.66987298107781612, 0.000000000000000000, 27.50000000000000355 ) ) ;
#1862 = CARTESIAN_POINT ( 'NONE',  ( 88.65365335101660094, 305.0206943389879939, -11.43782953264342694 ) ) ;
#1863 = CARTESIAN_POINT ( 'NONE',  ( 79.66987298107781612, 429.3405386945347573, 27.50000000000000355 ) ) ;
#1864 = CARTESIAN_POINT ( 'NONE',  ( 117.0000000016515855, -13.99999999999977263, 0.000000000000000000 ) ) ;
#1865 = EDGE_LOOP ( 'NONE', ( #7904, #7134, #186, #1252 ) ) ;
#1866 = AXIS2_PLACEMENT_3D ( 'NONE', #884, #3461, #1440 ) ;
#1867 = CARTESIAN_POINT ( 'NONE',  ( 84.74072730762226513, 319.6416370902169319, 19.04101216582717626 ) ) ;
#1868 = DIRECTION ( 'NONE',  ( -0.000000000000000000, 0.000000000000000000, 1.000000000000000000 ) ) ;
#1869 = ADVANCED_FACE ( 'NONE', ( #744 ), #5216, .F. ) ;
#1870 = VERTEX_POINT ( 'NONE', #2061 ) ;
#1871 = DIRECTION ( 'NONE',  ( 0.000000000000000000, 0.000000000000000000, 1.000000000000000000 ) ) ;
#1872 = CARTESIAN_POINT ( 'NONE',  ( 87.70173094652675161, 311.7939741938117209, 17.47376412163260184 ) ) ;
#1873 = FACE_OUTER_BOUND ( 'NONE', #8197, .T. ) ;
#1874 = TOROIDAL_SURFACE ( 'NONE', #2275, 397.0000000000002274, 5.000000000000000000 ) ;
#1875 = CARTESIAN_POINT ( 'NONE',  ( -78.46461128863447243, 435.6640456937453791, 24.48945696558731200 ) ) ;
#1876 = EDGE_LOOP ( 'NONE', ( #3256, #3946, #2004, #5476 ) ) ;
#1877 = AXIS2_PLACEMENT_3D ( 'NONE', #5829, #5103, #5192 ) ;
#1878 = DIRECTION ( 'NONE',  ( -0.000000000000000000, -1.000000000000000000, 0.000000000000000000 ) ) ;
#1879 = VERTEX_POINT ( 'NONE', #7177 ) ;
#1880 = EDGE_CURVE ( 'NONE', #6920, #4782, #6630, .T. ) ;
#1881 = CARTESIAN_POINT ( 'NONE',  ( 78.99999999999282352, 447.1048276389597618, -17.18426906260066289 ) ) ;
#1882 = ORIENTED_EDGE ( 'NONE', *, *, #2839, .F. ) ;
#1883 = DIRECTION ( 'NONE',  ( -0.000000000000000000, -0.000000000000000000, -1.000000000000000000 ) ) ;
#1884 = DIRECTION ( 'NONE',  ( 1.015794745118904037E-15, -1.000000000000000000, -0.000000000000000000 ) ) ;
#1885 = DIRECTION ( 'NONE',  ( -0.1391731009600655489, 0.9902680687415704730, -0.000000000000000000 ) ) ;
#1886 = CARTESIAN_POINT ( 'NONE',  ( 87.32218671424986667, 314.4945717324582120, 20.92275084991803880 ) ) ;
#1887 = AXIS2_PLACEMENT_3D ( 'NONE', #2726, #3901, #5160 ) ;
#1888 = ORIENTED_EDGE ( 'NONE', *, *, #4698, .T. ) ;
#1889 = CARTESIAN_POINT ( 'NONE',  ( -82.19450074527867400, 315.0534705503354758, -21.46446609406720185 ) ) ;
#1890 = EDGE_CURVE ( 'NONE', #2282, #6606, #4501, .T. ) ;
#1891 = CARTESIAN_POINT ( 'NONE',  ( -91.99999999999985789, 0.000000000000000000, -27.99999999999999645 ) ) ;
#1892 = ORIENTED_EDGE ( 'NONE', *, *, #5067, .F. ) ;
#1893 = DIRECTION ( 'NONE',  ( 0.000000000000000000, -0.000000000000000000, -1.000000000000000000 ) ) ;
#1894 = CARTESIAN_POINT ( 'NONE',  ( -103.9999999999988205, 2.089816482655758982E-12, 24.99999999999999645 ) ) ;
#1895 = DIRECTION ( 'NONE',  ( -0.000000000000000000, 0.000000000000000000, 1.000000000000000000 ) ) ;
#1896 = TOROIDAL_SURFACE ( 'NONE', #2437, 405.0000000000001137, 3.000000000000000000 ) ;
#1897 = ORIENTED_EDGE ( 'NONE', *, *, #8136, .F. ) ;
#1898 = EDGE_LOOP ( 'NONE', ( #5430, #3084, #6158, #8353 ) ) ;
#1899 = CARTESIAN_POINT ( 'NONE',  ( 84.56893662183836113, 338.7212351532886032, 27.45887939289606905 ) ) ;
#1900 = AXIS2_PLACEMENT_3D ( 'NONE', #175, #3560, #4735 ) ;
#1901 = ORIENTED_EDGE ( 'NONE', *, *, #4495, .F. ) ;
#1902 = CARTESIAN_POINT ( 'NONE',  ( -87.94505051656490480, 310.0626654922817806, -16.60193642210110809 ) ) ;
#1903 = DIRECTION ( 'NONE',  ( -1.000000000000000000, 0.000000000000000000, 0.000000000000000000 ) ) ;
#1904 = CARTESIAN_POINT ( 'NONE',  ( -35.00000000000000000, 377.7200000000000273, -49.00000000000000000 ) ) ;
#1905 = DIRECTION ( 'NONE',  ( -1.000000000000000000, -1.023284752087778828E-15, -0.000000000000000000 ) ) ;
#1906 = LINE ( 'NONE', #1281, #3445 ) ;
#1907 = VERTEX_POINT ( 'NONE', #780 ) ;
#1908 = CARTESIAN_POINT ( 'NONE',  ( -79.66987298107781612, 429.3405386945350415, -27.50000000000000000 ) ) ;
#1909 = CARTESIAN_POINT ( 'NONE',  ( -489.0000000000001137, 402.3800000000000523, -24.99999999999999289 ) ) ;
#1910 = ORIENTED_EDGE ( 'NONE', *, *, #3995, .T. ) ;
#1911 = CARTESIAN_POINT ( 'NONE',  ( -77.21739130434782794, 448.4714566206622521, 10.85786437626888201 ) ) ;
#1912 = PLANE ( 'NONE',  #1787 ) ;
#1913 = DIRECTION ( 'NONE',  ( -1.015794745118904037E-15, 1.000000000000000000, -0.000000000000000000 ) ) ;
#1914 = DIRECTION ( 'NONE',  ( -1.000000000000000000, -1.023284752087778828E-15, 0.000000000000000000 ) ) ;
#1915 = CIRCLE ( 'NONE', #2735, 406.0000000000167688 ) ;
#1916 = ORIENTED_EDGE ( 'NONE', *, *, #6940, .F. ) ;
#1917 = CARTESIAN_POINT ( 'NONE',  ( 78.44978251960898774, 435.2483165363454418, 24.59964770765244069 ) ) ;
#1918 = ORIENTED_EDGE ( 'NONE', *, *, #5489, .T. ) ;
#1919 = CARTESIAN_POINT ( 'NONE',  ( 0.000000000000000000, 0.000000000000000000, 30.00000000000000000 ) ) ;
#1920 = ORIENTED_EDGE ( 'NONE', *, *, #3713, .F. ) ;
#1921 = CARTESIAN_POINT ( 'NONE',  ( -108.0774088119515994, 260.2223477814061994, -27.99999999999999645 ) ) ;
#1922 = DIRECTION ( 'NONE',  ( -2.009438925630560469E-14, 1.000000000000000000, 0.000000000000000000 ) ) ;
#1923 = AXIS2_PLACEMENT_3D ( 'NONE', #6416, #1359, #5731 ) ;
#1924 = DIRECTION ( 'NONE',  ( 0.1391731009596220703, 0.9902680687416326455, 0.000000000000000000 ) ) ;
#1925 = LINE ( 'NONE', #3151, #5781 ) ;
#1926 = ADVANCED_FACE ( 'NONE', ( #3961 ), #20, .T. ) ;
#1927 = EDGE_CURVE ( 'NONE', #2390, #1009, #824, .T. ) ;
#1928 = CIRCLE ( 'NONE', #7740, 4.999999999999993783 ) ;
#1929 = VERTEX_POINT ( 'NONE', #3327 ) ;
#1930 = CARTESIAN_POINT ( 'NONE',  ( 83.87286294993529623, 325.2368642033144397, 21.66084403636510558 ) ) ;
#1931 = DIRECTION ( 'NONE',  ( 9.251858538542961967E-16, -1.000000000000000000, 0.000000000000000000 ) ) ;
#1932 = ORIENTED_EDGE ( 'NONE', *, *, #8346, .F. ) ;
#1933 = DIRECTION ( 'NONE',  ( -0.1391731009604046665, -0.9902680687415226224, 0.000000000000000000 ) ) ;
#1934 = CARTESIAN_POINT ( 'NONE',  ( -85.38045511945443877, 330.0237874715875819, -26.53062026429715914 ) ) ;
#1935 = CIRCLE ( 'NONE', #4759, 6.999999999999985789 ) ;
#1936 = DIRECTION ( 'NONE',  ( 0.000000000000000000, 0.000000000000000000, 1.000000000000000000 ) ) ;
#1937 = EDGE_CURVE ( 'NONE', #6087, #477, #2619, .T. ) ;
#1938 = ORIENTED_EDGE ( 'NONE', *, *, #2601, .F. ) ;
#1939 = EDGE_LOOP ( 'NONE', ( #395, #8254, #2785, #5447 ) ) ;
#1940 = FACE_OUTER_BOUND ( 'NONE', #6288, .T. ) ;
#1941 = AXIS2_PLACEMENT_3D ( 'NONE', #2982, #3529, #3569 ) ;
#1942 = ORIENTED_EDGE ( 'NONE', *, *, #3268, .T. ) ;
#1943 = CARTESIAN_POINT ( 'NONE',  ( -88.22482956448050118, 308.0719341257794781, -17.06215015433148707 ) ) ;
#1944 = CARTESIAN_POINT ( 'NONE',  ( 117.0000000016510597, 494.0000000000001137, 0.000000000000000000 ) ) ;
#1945 = CARTESIAN_POINT ( 'NONE',  ( -87.74627584454012208, 311.4770207751889188, -19.34618533548177410 ) ) ;
#1946 = CARTESIAN_POINT ( 'NONE',  ( 85.96377873789067792, 324.1809652637610952, -25.19946638342625178 ) ) ;
#1947 = CARTESIAN_POINT ( 'NONE',  ( 111.9999999999925535, 0.000000000000000000, -27.99999999999999645 ) ) ;
#1948 = CARTESIAN_POINT ( 'NONE',  ( 92.00000000000000000, 538.9999999999998863, 30.00000000000000000 ) ) ;
#1949 = ORIENTED_EDGE ( 'NONE', *, *, #867, .F. ) ;
#1950 = DIRECTION ( 'NONE',  ( 0.000000000000000000, 0.000000000000000000, -1.000000000000000000 ) ) ;
#1951 = CARTESIAN_POINT ( 'NONE',  ( -79.00000000000000000, 538.9999999999998863, -24.99999999999999289 ) ) ;
#1952 = ADVANCED_FACE ( 'NONE', ( #60 ), #4848, .T. ) ;
#1953 = ORIENTED_EDGE ( 'NONE', *, *, #1213, .F. ) ;
#1954 = CARTESIAN_POINT ( 'NONE',  ( 79.47661010338427445, 434.7538863411414809, -27.13184567477732045 ) ) ;
#1955 = CARTESIAN_POINT ( 'NONE',  ( 95.20393762187491404, 258.4129999647861951, -24.99999999999999645 ) ) ;
#1956 = DIRECTION ( 'NONE',  ( 1.000000000000000000, 0.000000000000000000, 0.000000000000000000 ) ) ;
#1957 = LINE ( 'NONE', #5322, #6608 ) ;
#1958 = EDGE_CURVE ( 'NONE', #6482, #7761, #1228, .T. ) ;
#1959 = VERTEX_POINT ( 'NONE', #7814 ) ;
#1960 = CARTESIAN_POINT ( 'NONE',  ( 79.08810854227228049, 439.6800995088445916, 25.97770986023898487 ) ) ;
#1961 = ORIENTED_EDGE ( 'NONE', *, *, #7615, .T. ) ;
#1962 = CARTESIAN_POINT ( 'NONE',  ( -76.02735467324058050, 437.9187803932912288, -22.54371446196279649 ) ) ;
#1963 = ORIENTED_EDGE ( 'NONE', *, *, #849, .F. ) ;
#1964 = CARTESIAN_POINT ( 'NONE',  ( -80.60128344057277161, 336.0162727402424139, 25.00000000000000000 ) ) ;
#1965 = LINE ( 'NONE', #2609, #2457 ) ;
#1966 = CARTESIAN_POINT ( 'NONE',  ( -79.00000000000000000, 449.2324864094269401, 18.95352612910021151 ) ) ;
#1967 = FACE_OUTER_BOUND ( 'NONE', #5302, .T. ) ;
#1968 = VERTEX_POINT ( 'NONE', #4666 ) ;
#1969 = FACE_OUTER_BOUND ( 'NONE', #2182, .T. ) ;
#1970 = DIRECTION ( 'NONE',  ( 0.000000000000000000, 0.000000000000000000, -1.000000000000000000 ) ) ;
#1971 = ORIENTED_EDGE ( 'NONE', *, *, #7672, .F. ) ;
#1972 = CARTESIAN_POINT ( 'NONE',  ( -84.00000000000000000, 538.9999999999998863, 30.00000000000000000 ) ) ;
#1973 = EDGE_CURVE ( 'NONE', #7378, #2282, #5893, .T. ) ;
#1974 = EDGE_CURVE ( 'NONE', #7420, #2160, #2744, .T. ) ;
#1975 = CARTESIAN_POINT ( 'NONE',  ( 79.00000000000000000, 443.6500996524684979, -23.81531135359788109 ) ) ;
#1976 = CARTESIAN_POINT ( 'NONE',  ( -79.00000000000002842, 440.1862244976324519, -22.52007178427116685 ) ) ;
#1977 = EDGE_LOOP ( 'NONE', ( #328, #3124, #4593, #5795 ) ) ;
#1978 = ORIENTED_EDGE ( 'NONE', *, *, #5630, .F. ) ;
#1979 = AXIS2_PLACEMENT_3D ( 'NONE', #1694, #1572, #4927 ) ;
#1980 = LINE ( 'NONE', #6373, #5560 ) ;
#1981 = VERTEX_POINT ( 'NONE', #7899 ) ;
#1982 = CARTESIAN_POINT ( 'NONE',  ( 79.88621320722876362, 341.1042618279730618, 25.00000000000000000 ) ) ;
#1983 = EDGE_CURVE ( 'NONE', #5712, #4536, #4984, .T. ) ;
#1984 = CARTESIAN_POINT ( 'NONE',  ( 83.99999999999994316, 402.3800000000000523, -30.00000000000000000 ) ) ;
#1985 = CARTESIAN_POINT ( 'NONE',  ( 79.66987298107706295, 430.3738032446138391, 27.49999999999967315 ) ) ;
#1986 = CARTESIAN_POINT ( 'NONE',  ( -85.92402627970351148, 324.4430001554839009, -22.81358465601455165 ) ) ;
#1987 = AXIS2_PLACEMENT_3D ( 'NONE', #8277, #3795, #2527 ) ;
#1988 = DIRECTION ( 'NONE',  ( -0.9902680687415225114, -0.1391731009604045832, 0.000000000000000000 ) ) ;
#1989 = CARTESIAN_POINT ( 'NONE',  ( 0.000000000000000000, 540.3271830624646554, 22.07106781186551814 ) ) ;
#1990 = EDGE_LOOP ( 'NONE', ( #4499, #5872, #3589, #1582, #7605, #3622, #687, #6033, #2891, #4215, #710, #7076, #1167, #1961 ) ) ;
#1991 = CARTESIAN_POINT ( 'NONE',  ( 83.81792947602077959, 303.5021749131269644, 10.85786437626894774 ) ) ;
#1992 = AXIS2_PLACEMENT_3D ( 'NONE', #4483, #7073, #1372 ) ;
#1993 = FACE_OUTER_BOUND ( 'NONE', #3388, .T. ) ;
#1994 = EDGE_CURVE ( 'NONE', #5709, #7030, #7561, .T. ) ;
#1995 = VERTEX_POINT ( 'NONE', #185 ) ;
#1996 = CARTESIAN_POINT ( 'NONE',  ( 96.99999999999985789, 402.3800000000000523, 30.00000000000000000 ) ) ;
#1997 = DIRECTION ( 'NONE',  ( -1.000000000000000000, -1.015794745118904037E-15, 0.000000000000000000 ) ) ;
#1998 = CARTESIAN_POINT ( 'NONE',  ( 0.000000000000000000, -59.00000000000001421, -30.00000000000000000 ) ) ;
#1999 = DIRECTION ( 'NONE',  ( 1.000000000000000000, 0.000000000000000000, 0.000000000000000000 ) ) ;
#2000 = AXIS2_PLACEMENT_3D ( 'NONE', #6838, #3585, #6195 ) ;
#2001 = ORIENTED_EDGE ( 'NONE', *, *, #5058, .T. ) ;
#2002 = EDGE_CURVE ( 'NONE', #3857, #6252, #1444, .T. ) ;
#2003 = CARTESIAN_POINT ( 'NONE',  ( 79.00920761912588830, 441.4216607543465329, 25.30330085889912795 ) ) ;
#2004 = ORIENTED_EDGE ( 'NONE', *, *, #2470, .T. ) ;
#2005 = EDGE_CURVE ( 'NONE', #6562, #4475, #6018, .T. ) ;
#2006 = CARTESIAN_POINT ( 'NONE',  ( -79.64549731737679394, 431.5251242532780793, -27.45935737569309154 ) ) ;
#2007 = CIRCLE ( 'NONE', #7407, 2.999999999999999112 ) ;
#2008 = ORIENTED_EDGE ( 'NONE', *, *, #7434, .T. ) ;
#2009 = CYLINDRICAL_SURFACE ( 'NONE', #5071, 15.00000000000001421 ) ;
#2010 = CARTESIAN_POINT ( 'NONE',  ( -84.55621925212344081, 338.8249510030044007, 27.46190025178555771 ) ) ;
#2011 = B_SPLINE_CURVE_WITH_KNOTS ( 'NONE', 3,
 ( #7404, #6685, #5407, #1020, #7280, #4729, #5446, #8002, #208, #3473, #2164, #7364, #6767, #6725, #3555, #7961, #7324, #6041 ),
 .UNSPECIFIED., .F., .F.,
 ( 4, 2, 2, 2, 2, 2, 2, 2, 4 ),
 ( 0.000000000000000000, 0.0008850246152882199936, 0.001770049230576439987, 0.002655073845864660415, 0.003540098461152879974, 0.005310147691729313890, 0.007080196922305749541, 0.01062029538345862084, 0.01416039384461149214 ),
 .UNSPECIFIED. ) ;
#2012 = DIRECTION ( 'NONE',  ( 0.000000000000000000, -1.000000000000000000, 0.000000000000000000 ) ) ;
#2013 = CARTESIAN_POINT ( 'NONE',  ( 83.76585374409970086, 326.0466849473708635, 22.07106781186551814 ) ) ;
#2014 = AXIS2_PLACEMENT_3D ( 'NONE', #6779, #1551, #7971 ) ;
#2015 = VERTEX_POINT ( 'NONE', #4872 ) ;
#2016 =( BOUNDED_SURFACE ( )  B_SPLINE_SURFACE ( 3, 2, ( 
 ( #5360, #4648, #4724 ),
 ( #248, #890, #6038 ),
 ( #1448, #4566, #4018 ),
 ( #7158, #2682, #5566 ),
 ( #7999, #4892, #2884 ),
 ( #3551, #2284, #4225 ),
 ( #4806, #1097, #6161 ),
 ( #7401, #3634, #2205 ),
 ( #5443, #373, #1614 ),
 ( #6204, #4850, #929 ),
 ( #4183, #6844, #2961 ),
 ( #4303, #1017, #8080 ),
 ( #8123, #3511, #6124 ),
 ( #6804, #7443, #6082 ),
 ( #1657, #3007, #7525 ),
 ( #975, #1057, #3590 ),
 ( #5526, #331, #6245 ),
 ( #8163, #2329, #1734 ),
 ( #3674, #5483, #411 ),
 ( #5404, #6886, #7490 ) ),
 .UNSPECIFIED., .F., .F., .T. ) 
 B_SPLINE_SURFACE_WITH_KNOTS ( ( 4, 2, 2, 2, 2, 2, 2, 2, 2, 4 ),
 ( 3, 3 ),
 ( 0.000000000000000000, 0.001030311463999568486, 0.002060622927999136971, 0.004121245855998273942, 0.005151557319997841777, 0.006181868783997410480, 0.008242491711996547885, 0.01030311463999568355, 0.01236373756799482096, 0.01648498342399309577 ),
 ( 0.000000000000000000, 1.000000000000000000 ),
 .UNSPECIFIED. ) 
 GEOMETRIC_REPRESENTATION_ITEM ( )  RATIONAL_B_SPLINE_SURFACE ( (
 ( 1.000000000000000000, 0.9864768133727754851, 1.000000000000000000),
 ( 1.000000000000000000, 0.9864765631177038196, 1.000000000000000000),
 ( 1.000000000000000000, 0.9862505464100934649, 1.000000000000000000),
 ( 1.000000000000000000, 0.9853943481863998155, 1.000000000000000000),
 ( 1.000000000000000000, 0.9847589154054881000, 1.000000000000000000),
 ( 1.000000000000000000, 0.9823352493764496707, 1.000000000000000000),
 ( 1.000000000000000000, 0.9801056393304308223, 1.000000000000000000),
 ( 1.000000000000000000, 0.9761364950047091149, 1.000000000000000000),
 ( 1.000000000000000000, 0.9747081932826100470, 1.000000000000000000),
 ( 1.000000000000000000, 0.9717199149802808744, 1.000000000000000000),
 ( 1.000000000000000000, 0.9701532038991651508, 1.000000000000000000),
 ( 1.000000000000000000, 0.9652631189777094445, 1.000000000000000000),
 ( 1.000000000000000000, 0.9617513747700687787, 1.000000000000000000),
 ( 1.000000000000000000, 0.9543037513616601242, 1.000000000000000000),
 ( 1.000000000000000000, 0.9503602539055703291, 1.000000000000000000),
 ( 1.000000000000000000, 0.9421765314939144487, 1.000000000000000000),
 ( 1.000000000000000000, 0.9379250877917602036, 1.000000000000000000),
 ( 1.000000000000000000, 0.9247182692500409695, 1.000000000000000000),
 ( 1.000000000000000000, 0.9153112434425997312, 1.000000000000000000),
 ( 1.000000000000000000, 0.9053250720433912990, 1.000000000000000000) ) ) 
 REPRESENTATION_ITEM ( '' )  SURFACE ( )  );
#2017 = DIRECTION ( 'NONE',  ( -0.000000000000000000, -1.000000000000000000, -0.000000000000000000 ) ) ;
#2018 = VECTOR ( 'NONE', #3141, 1000.000000000000000 ) ;
#2019 = DIRECTION ( 'NONE',  ( 0.000000000000000000, 1.000000000000000000, 0.000000000000000000 ) ) ;
#2020 = ORIENTED_EDGE ( 'NONE', *, *, #6975, .F. ) ;
#2021 = FACE_OUTER_BOUND ( 'NONE', #1752, .T. ) ;
#2022 = CARTESIAN_POINT ( 'NONE',  ( -76.14880969103302277, 440.8423824452149802, -20.27977733758856616 ) ) ;
#2023 = EDGE_CURVE ( 'NONE', #889, #5852, #400, .T. ) ;
#2024 = ORIENTED_EDGE ( 'NONE', *, *, #3129, .T. ) ;
#2025 = FACE_OUTER_BOUND ( 'NONE', #26, .T. ) ;
#2026 = ORIENTED_EDGE ( 'NONE', *, *, #7854, .T. ) ;
#2027 = CARTESIAN_POINT ( 'NONE',  ( -94.99999999999945999, -9.650050078629534389E-14, 30.00000000000000000 ) ) ;
#2028 = AXIS2_PLACEMENT_3D ( 'NONE', #480, #6361, #5132 ) ;
#2029 = FACE_OUTER_BOUND ( 'NONE', #3821, .T. ) ;
#2030 = AXIS2_PLACEMENT_3D ( 'NONE', #1340, #1883, #602 ) ;
#2031 = CARTESIAN_POINT ( 'NONE',  ( 79.49762365303401168, 434.4860257544762590, 27.18282955556420788 ) ) ;
#2032 = DIRECTION ( 'NONE',  ( -0.000000000000000000, 1.000000000000000000, -0.000000000000000000 ) ) ;
#2033 = DIRECTION ( 'NONE',  ( -0.000000000000000000, -1.000000000000000000, 0.000000000000000000 ) ) ;
#2034 = CARTESIAN_POINT ( 'NONE',  ( -79.00000000000001421, 442.1664864017409400, -25.00000000000738609 ) ) ;
#2035 = ADVANCED_FACE ( 'NONE', ( #5337 ), #5658, .T. ) ;
#2036 = ADVANCED_FACE ( 'NONE', ( #4786 ), #1896, .F. ) ;
#2037 = ORIENTED_EDGE ( 'NONE', *, *, #4118, .T. ) ;
#2038 = CIRCLE ( 'NONE', #6756, 2.999999999999999112 ) ;
#2039 = CARTESIAN_POINT ( 'NONE',  ( -77.21739130434782794, 448.4714566206622521, 25.00000000000000000 ) ) ;
#2040 = ORIENTED_EDGE ( 'NONE', *, *, #3071, .T. ) ;
#2041 = CARTESIAN_POINT ( 'NONE',  ( 79.64550060477911586, 431.5270820950463531, -27.45938865587030264 ) ) ;
#2042 = DIRECTION ( 'NONE',  ( 0.000000000000000000, 0.000000000000000000, -1.000000000000000000 ) ) ;
#2043 = DIRECTION ( 'NONE',  ( 0.000000000000000000, 0.000000000000000000, 1.000000000000000000 ) ) ;
#2044 = DIRECTION ( 'NONE',  ( 0.9902680687416295369, 0.1391731009596438862, 0.000000000000000000 ) ) ;
#2045 = ADVANCED_FACE ( 'NONE', ( #1516 ), #1676, .T. ) ;
#2046 = EDGE_LOOP ( 'NONE', ( #7477, #3649, #4007, #481 ) ) ;
#2047 = CIRCLE ( 'NONE', #6759, 408.0000000000167688 ) ;
#2048 = AXIS2_PLACEMENT_3D ( 'NONE', #1841, #2478, #3782 ) ;
#2049 = CARTESIAN_POINT ( 'NONE',  ( 84.74391989146063509, 330.0628498418918184, -24.39454709379366193 ) ) ;
#2050 = CARTESIAN_POINT ( 'NONE',  ( -79.57390637439219461, 433.1489332498309750, -27.32641963023463916 ) ) ;
#2051 = EDGE_LOOP ( 'NONE', ( #4679, #1546 ) ) ;
#2052 = DIRECTION ( 'NONE',  ( 1.000000000000000000, -0.000000000000000000, 0.000000000000000000 ) ) ;
#2053 = CARTESIAN_POINT ( 'NONE',  ( -81.38150330602778126, 336.0140279416652334, 24.71445072420154787 ) ) ;
#2054 = CARTESIAN_POINT ( 'NONE',  ( -79.00000000000000000, 446.6320201490468094, 21.46446609406474337 ) ) ;
#2055 = AXIS2_PLACEMENT_3D ( 'NONE', #6567, #3870, #1459 ) ;
#2056 = CARTESIAN_POINT ( 'NONE',  ( 76.98992993690612252, 447.4602798662548935, -14.36887500155418884 ) ) ;
#2057 = ORIENTED_EDGE ( 'NONE', *, *, #6891, .F. ) ;
#2058 = DIRECTION ( 'NONE',  ( 1.000000000000000000, 0.000000000000000000, 0.000000000000000000 ) ) ;
#2059 = VECTOR ( 'NONE', #3613, 1000.000000000000000 ) ;
#2060 = AXIS2_PLACEMENT_3D ( 'NONE', #794, #2907, #4324 ) ;
#2061 = CARTESIAN_POINT ( 'NONE',  ( -79.00000000000000000, 493.9999999999998863, 0.000000000000000000 ) ) ;
#2062 = VERTEX_POINT ( 'NONE', #4243 ) ;
#2063 = CARTESIAN_POINT ( 'NONE',  ( 111.9999999999999858, 0.000000000000000000, -24.99999999999999289 ) ) ;
#2064 = LINE ( 'NONE', #1474, #5140 ) ;
#2065 = ADVANCED_FACE ( 'NONE', ( #997 ), #310, .F. ) ;
#2066 = DIRECTION ( 'NONE',  ( 0.000000000000000000, 1.000000000000000000, 0.000000000000000000 ) ) ;
#2067 = VERTEX_POINT ( 'NONE', #2225 ) ;
#2068 = CARTESIAN_POINT ( 'NONE',  ( -79.00000000000000000, 447.4529636368283718, 20.82022248481079529 ) ) ;
#2069 = ORIENTED_EDGE ( 'NONE', *, *, #2094, .F. ) ;
#2070 = VECTOR ( 'NONE', #969, 1000.000000000000114 ) ;
#2071 = DIRECTION ( 'NONE',  ( -1.000000000000000000, -1.015794745118904037E-15, 0.000000000000000000 ) ) ;
#2072 = DIRECTION ( 'NONE',  ( -1.000000000000000000, -1.023284752087778828E-15, -0.000000000000000000 ) ) ;
#2073 = CARTESIAN_POINT ( 'NONE',  ( -88.76926981972899000, 304.1980404179249717, -11.55861643308607434 ) ) ;
#2074 = CARTESIAN_POINT ( 'NONE',  ( -83.11374872459035146, 328.4731052382800272, 22.96903666043588998 ) ) ;
#2075 = CARTESIAN_POINT ( 'NONE',  ( -79.00920761912588830, 441.4216607543468172, -25.30330085889909952 ) ) ;
#2076 = AXIS2_PLACEMENT_3D ( 'NONE', #235, #4713, #1524 ) ;
#2077 = EDGE_LOOP ( 'NONE', ( #4589, #4068 ) ) ;
#2078 = DIRECTION ( 'NONE',  ( -1.000000000000000000, 0.000000000000000000, 0.000000000000000000 ) ) ;
#2079 = VERTEX_POINT ( 'NONE', #2822 ) ;
#2080 = DIRECTION ( 'NONE',  ( 0.000000000000000000, 0.000000000000000000, 1.000000000000000000 ) ) ;
#2081 = EDGE_CURVE ( 'NONE', #513, #477, #2038, .T. ) ;
#2082 = ADVANCED_FACE ( 'NONE', ( #6104 ), #3610, .F. ) ;
#2083 = DIRECTION ( 'NONE',  ( -0.9902680687415227334, -0.1391731009604045832, 0.000000000000000000 ) ) ;
#2084 = DIRECTION ( 'NONE',  ( -2.009438925630560469E-14, -1.000000000000000000, -0.000000000000000000 ) ) ;
#2085 = ADVANCED_FACE ( 'NONE', ( #6181 ), #394, .F. ) ;
#2086 = DIRECTION ( 'NONE',  ( 0.000000000000000000, 1.000000000000000000, -0.000000000000000000 ) ) ;
#2087 = EDGE_LOOP ( 'NONE', ( #3732, #3803, #7575, #5164 ) ) ;
#2088 = CARTESIAN_POINT ( 'NONE',  ( -75.62932578816061380, 430.9681722214476167, 24.94999795907004270 ) ) ;
#2089 = DIRECTION ( 'NONE',  ( 0.000000000000000000, -0.000000000000000000, -1.000000000000000000 ) ) ;
#2090 = VERTEX_POINT ( 'NONE', #6743 ) ;
#2091 = DIRECTION ( 'NONE',  ( 0.9902680687416326455, 0.1391731009596217650, 0.000000000000000000 ) ) ;
#2092 = ADVANCED_FACE ( 'NONE', ( #1555 ), #911, .F. ) ;
#2093 = CARTESIAN_POINT ( 'NONE',  ( 88.25867856500900643, 305.8364572583448080, -11.44769610590972064 ) ) ;
#2094 = EDGE_CURVE ( 'NONE', #1981, #4948, #4588, .T. ) ;
#2095 = CARTESIAN_POINT ( 'NONE',  ( -76.99418599966939780, 447.4797300728974960, 14.37914776000166839 ) ) ;
#2096 = B_SPLINE_CURVE_WITH_KNOTS ( 'NONE', 3,
 ( #3113, #6495, #3998, #2781 ),
 .UNSPECIFIED., .F., .F.,
 ( 4, 4 ),
 ( 0.0009713034142861072312, 0.006667001402728716351 ),
 .UNSPECIFIED. ) ;
#2097 = CARTESIAN_POINT ( 'NONE',  ( -87.26237825534343528, 309.5584547527011523, 14.97725182884120976 ) ) ;
#2098 = CYLINDRICAL_SURFACE ( 'NONE', #6871, 2.999999999999999112 ) ;
#2099 = EDGE_LOOP ( 'NONE', ( #2234, #2630, #2368, #4383 ) ) ;
#2100 = CARTESIAN_POINT ( 'NONE',  ( -111.9999999999999858, -59.00000000000001421, 24.99999999999999645 ) ) ;
#2101 = DIRECTION ( 'NONE',  ( 1.000000000000000000, 0.000000000000000000, 0.000000000000000000 ) ) ;
#2102 = EDGE_LOOP ( 'NONE', ( #5834, #1416, #96, #993 ) ) ;
#2103 = DIRECTION ( 'NONE',  ( 1.000000000000000000, 0.000000000000000000, 0.000000000000000000 ) ) ;
#2104 = PLANE ( 'NONE',  #2450 ) ;
#2105 = CARTESIAN_POINT ( 'NONE',  ( -79.00000000000000000, 444.7029275826948833, -19.00627177607261586 ) ) ;
#2106 = ORIENTED_EDGE ( 'NONE', *, *, #4810, .F. ) ;
#2107 = ADVANCED_FACE ( 'NONE', ( #6865 ), #6965, .F. ) ;
#2108 = CARTESIAN_POINT ( 'NONE',  ( -76.12829888279344459, 439.3433066579995057, 21.46446609407785289 ) ) ;
#2109 = EDGE_LOOP ( 'NONE', ( #3910, #7637, #2421, #6374 ) ) ;
#2110 = EDGE_CURVE ( 'NONE', #5570, #1929, #2983, .T. ) ;
#2111 = LINE ( 'NONE', #2709, #946 ) ;
#2112 = PLANE ( 'NONE',  #1174 ) ;
#2113 = VECTOR ( 'NONE', #2052, 1000.000000000000000 ) ;
#2114 = CARTESIAN_POINT ( 'NONE',  ( -133.9253964332668829, 18.82198700251885626, -27.99999999999999289 ) ) ;
#2115 =( BOUNDED_SURFACE ( )  B_SPLINE_SURFACE ( 3, 2, ( 
 ( #4268, #2893, #6851 ),
 ( #2167, #4734, #254 ),
 ( #2463, #6340, #421 ),
 ( #4978, #5023, #5061 ) ),
 .UNSPECIFIED., .F., .F., .F. ) 
 B_SPLINE_SURFACE_WITH_KNOTS ( ( 4, 4 ),
 ( 3, 3 ),
 ( 5.898059818321144121E-17, 0.001337824752818130795 ),
 ( 0.000000000000000000, 1.000000000000000000 ),
 .UNSPECIFIED. ) 
 GEOMETRIC_REPRESENTATION_ITEM ( )  RATIONAL_B_SPLINE_SURFACE ( (
 ( 1.000000000000000000, 0.8991790343835328603, 1.000000000000000000),
 ( 1.000000000000000000, 0.9027184004790692606, 1.000000000000000000),
 ( 1.000000000000000000, 0.9062430039446918162, 1.000000000000000000),
 ( 1.000000000000000000, 0.9097484390951017241, 1.000000000000000000) ) ) 
 REPRESENTATION_ITEM ( '' )  SURFACE ( )  );
#2116 = CARTESIAN_POINT ( 'NONE',  ( 77.21739130434784215, 448.4714566206624795, 11.23285969535738182 ) ) ;
#2117 = TOROIDAL_SURFACE ( 'NONE', #4137, 394.9999999999878924, 3.000000000000000000 ) ;
#2118 = ORIENTED_EDGE ( 'NONE', *, *, #2005, .T. ) ;
#2119 = CARTESIAN_POINT ( 'NONE',  ( 117.0000000016515855, -13.99999999999977263, 0.000000000000000000 ) ) ;
#2120 = CIRCLE ( 'NONE', #4935, 403.0000000000167688 ) ;
#2121 = ORIENTED_EDGE ( 'NONE', *, *, #3621, .T. ) ;
#2122 = FACE_OUTER_BOUND ( 'NONE', #7864, .T. ) ;
#2123 = CARTESIAN_POINT ( 'NONE',  ( -79.00000000000181899, 449.5156694213864057, -13.49426828930238997 ) ) ;
#2124 = DIRECTION ( 'NONE',  ( 9.251858538542971828E-16, -1.000000000000000000, 0.000000000000000000 ) ) ;
#2125 = DIRECTION ( 'NONE',  ( 1.000000000000000000, 0.000000000000000000, 0.000000000000000000 ) ) ;
#2126 = ORIENTED_EDGE ( 'NONE', *, *, #1615, .F. ) ;
#2127 = VECTOR ( 'NONE', #6508, 1000.000000000000000 ) ;
#2128 = EDGE_CURVE ( 'NONE', #5522, #7793, #7542, .T. ) ;
#2129 = CARTESIAN_POINT ( 'NONE',  ( 82.12796514359831690, 332.8277520115281618, -24.16090928076226163 ) ) ;
#2130 = CARTESIAN_POINT ( 'NONE',  ( 75.79626488020193165, 432.5986864730016350, -24.70793526009718377 ) ) ;
#2131 = VERTEX_POINT ( 'NONE', #7586 ) ;
#2132 = DIRECTION ( 'NONE',  ( 0.000000000000000000, 0.000000000000000000, -1.000000000000000000 ) ) ;
#2133 = CARTESIAN_POINT ( 'NONE',  ( 60.00000000000000711, 0.000000000000000000, -49.00000000000000000 ) ) ;
#2134 = CARTESIAN_POINT ( 'NONE',  ( 84.00000000000000000, 402.3800000000000523, 27.99999999999999645 ) ) ;
#2135 = AXIS2_PLACEMENT_3D ( 'NONE', #83, #4020, #4684 ) ;
#2136 = CARTESIAN_POINT ( 'NONE',  ( -76.47122099037045473, 445.1309668556913834, 17.02894841480268795 ) ) ;
#2137 = CARTESIAN_POINT ( 'NONE',  ( 76.79994055568593581, 446.6108931077034754, -15.55245143383126205 ) ) ;
#2138 = ORIENTED_EDGE ( 'NONE', *, *, #6998, .F. ) ;
#2140 = ADVANCED_FACE ( 'NONE', ( #3824 ), #6345, .F. ) ;
#2139 = FACE_OUTER_BOUND ( 'NONE', #7007, .T. ) ;
#2141 = AXIS2_PLACEMENT_3D ( 'NONE', #7517, #1689, #326 ) ;
#2142 = CARTESIAN_POINT ( 'NONE',  ( -76.12829888279345880, 439.3433066579996762, -21.46446609407791328 ) ) ;
#2143 = ORIENTED_EDGE ( 'NONE', *, *, #2888, .T. ) ;
#2144 = CARTESIAN_POINT ( 'NONE',  ( -79.00000000000000000, 538.9999999999998863, 24.99999999999999645 ) ) ;
#2145 = CARTESIAN_POINT ( 'NONE',  ( 79.00000000000000000, 446.6320201490439104, -21.46446609406716632 ) ) ;
#2146 = CARTESIAN_POINT ( 'NONE',  ( -79.00000000000001421, 443.1894917865878369, -20.17277105787412239 ) ) ;
#2147 = AXIS2_PLACEMENT_3D ( 'NONE', #4791, #3615, #916 ) ;
#2148 = CIRCLE ( 'NONE', #4171, 101.8889321881359677 ) ;
#2150 = ADVANCED_FACE ( 'NONE', ( #5247 ), #2558, .F. ) ;
#2149 = ORIENTED_EDGE ( 'NONE', *, *, #2367, .T. ) ;
#2151 = CARTESIAN_POINT ( 'NONE',  ( -489.0000000000001137, 402.3800000000000523, -24.99999999999999289 ) ) ;
#2152 = ORIENTED_EDGE ( 'NONE', *, *, #3584, .T. ) ;
#2153 = FACE_OUTER_BOUND ( 'NONE', #1350, .T. ) ;
#2154 = DIRECTION ( 'NONE',  ( 0.000000000000000000, 0.000000000000000000, 1.000000000000000000 ) ) ;
#2155 = FACE_OUTER_BOUND ( 'NONE', #2600, .T. ) ;
#2156 = DIRECTION ( 'NONE',  ( 9.251858538542971828E-16, -1.000000000000000000, 0.000000000000000000 ) ) ;
#2157 = ORIENTED_EDGE ( 'NONE', *, *, #5996, .F. ) ;
#2158 = FACE_OUTER_BOUND ( 'NONE', #4687, .T. ) ;
#2159 = VECTOR ( 'NONE', #1789, 1000.000000000000000 ) ;
#2160 = VERTEX_POINT ( 'NONE', #7167 ) ;
#2161 = ORIENTED_EDGE ( 'NONE', *, *, #5174, .F. ) ;
#2162 = CARTESIAN_POINT ( 'NONE',  ( -79.00000000000000000, 444.7029275826947696, -19.00627177607262652 ) ) ;
#2163 = CARTESIAN_POINT ( 'NONE',  ( 81.38150330602785232, 336.0140279416649491, -24.71445072420154432 ) ) ;
#2164 = CARTESIAN_POINT ( 'NONE',  ( -87.53423772177121975, 308.5590879702765505, -14.39065733601624686 ) ) ;
#2165 = VECTOR ( 'NONE', #7382, 1000.000000000000114 ) ;
#2166 = ORIENTED_EDGE ( 'NONE', *, *, #6464, .F. ) ;
#2167 = CARTESIAN_POINT ( 'NONE',  ( -86.01652424666662000, 323.7848429219836248, 25.09844689851878385 ) ) ;
#2168 = CIRCLE ( 'NONE', #3115, 397.0000000000002274 ) ;
#2169 = DIRECTION ( 'NONE',  ( 1.000000000000000000, 0.000000000000000000, 0.000000000000000000 ) ) ;
#2170 = ORIENTED_EDGE ( 'NONE', *, *, #5131, .F. ) ;
#2171 = CARTESIAN_POINT ( 'NONE',  ( -79.00000000000000000, 446.6320201490437967, 21.46446609406712369 ) ) ;
#2172 = DIRECTION ( 'NONE',  ( -8.567553267435537794E-16, -0.7866829060709913390, -0.6173572752431935040 ) ) ;
#2173 = LINE ( 'NONE', #8013, #6160 ) ;
#2174 = DIRECTION ( 'NONE',  ( 1.000000000000000000, 0.000000000000000000, 0.000000000000000000 ) ) ;
#2175 = DIRECTION ( 'NONE',  ( -1.000000000000000000, 0.000000000000000000, 0.000000000000000000 ) ) ;
#2176 = CIRCLE ( 'NONE', #685, 5.000000000000004441 ) ;
#2177 = CIRCLE ( 'NONE', #3264, 394.9999999999878924 ) ;
#2178 = ORIENTED_EDGE ( 'NONE', *, *, #8086, .F. ) ;
#2179 = CARTESIAN_POINT ( 'NONE',  ( 80.97273827159371251, 323.8790812111567448, -25.60660171779821326 ) ) ;
#2180 = CYLINDRICAL_SURFACE ( 'NONE', #7755, 5.000000000000000888 ) ;
#2181 = CARTESIAN_POINT ( 'NONE',  ( -128.9740560895587009, 18.12612149772074588, 30.00000000000000000 ) ) ;
#2182 = EDGE_LOOP ( 'NONE', ( #7669, #6188, #2057, #2993 ) ) ;
#2183 = CARTESIAN_POINT ( 'NONE',  ( 0.000000000000000000, 540.3271830624646554, -17.92893218813444633 ) ) ;
#2184 = CIRCLE ( 'NONE', #1384, 3.000000000000000444 ) ;
#2185 = DIRECTION ( 'NONE',  ( 1.000000000000000000, 9.731584536837789755E-15, 0.000000000000000000 ) ) ;
#2186 = VECTOR ( 'NONE', #7234, 1000.000000000000000 ) ;
#2187 = EDGE_CURVE ( 'NONE', #4372, #51, #1636, .T. ) ;
#2188 = ADVANCED_FACE ( 'NONE', ( #6564 ), #2730, .T. ) ;
#2189 = DIRECTION ( 'NONE',  ( -0.000000000000000000, -1.000000000000000000, -0.000000000000000000 ) ) ;
#2190 = AXIS2_PLACEMENT_3D ( 'NONE', #3859, #5745, #2042 ) ;
#2191 = ORIENTED_EDGE ( 'NONE', *, *, #6119, .F. ) ;
#2192 = DIRECTION ( 'NONE',  ( -2.009438925630560469E-14, 1.000000000000000000, -0.000000000000000000 ) ) ;
#2193 = ORIENTED_EDGE ( 'NONE', *, *, #4999, .F. ) ;
#2194 = CARTESIAN_POINT ( 'NONE',  ( -86.01691566009456835, 323.7820578707300001, -25.09776014238942565 ) ) ;
#2195 = DIRECTION ( 'NONE',  ( -0.000000000000000000, -0.000000000000000000, -1.000000000000000000 ) ) ;
#2196 = EDGE_CURVE ( 'NONE', #6801, #7763, #1224, .T. ) ;
#2197 = CIRCLE ( 'NONE', #560, 3.000000000000002665 ) ;
#2198 = CIRCLE ( 'NONE', #3285, 3.000000000000000444 ) ;
#2199 = EDGE_CURVE ( 'NONE', #1472, #403, #5934, .T. ) ;
#2200 = CARTESIAN_POINT ( 'NONE',  ( -80.68493912588095895, 338.5466734399763595, 24.92979936905566518 ) ) ;
#2201 = EDGE_LOOP ( 'NONE', ( #8321, #6960, #5196, #4172 ) ) ;
#2202 = FACE_BOUND ( 'NONE', #5632, .T. ) ;
#2203 = AXIS2_PLACEMENT_3D ( 'NONE', #7358, #3979, #7231 ) ;
#2204 = ORIENTED_EDGE ( 'NONE', *, *, #849, .T. ) ;
#2205 = CARTESIAN_POINT ( 'NONE',  ( -87.84044288272001211, 307.4184523982740984, 13.56683470649926093 ) ) ;
#2206 = CARTESIAN_POINT ( 'NONE',  ( -77.01098267907711659, 447.5541258362875396, -14.20732718487979618 ) ) ;
#2207 = DIRECTION ( 'NONE',  ( -1.000000000000000000, 9.796085511398436814E-15, 0.000000000000000000 ) ) ;
#2208 = CARTESIAN_POINT ( 'NONE',  ( -83.41860865371225486, 327.2453395506906872, -22.53162415362237425 ) ) ;
#2209 = AXIS2_PLACEMENT_3D ( 'NONE', #143, #2741, #5892 ) ;
#2210 = ORIENTED_EDGE ( 'NONE', *, *, #4549, .F. ) ;
#2211 = CARTESIAN_POINT ( 'NONE',  ( 91.99999999999985789, 402.3800000000000523, 27.99999999999999645 ) ) ;
#2212 = AXIS2_PLACEMENT_3D ( 'NONE', #2306, #6180, #7342 ) ;
#2213 = CARTESIAN_POINT ( 'NONE',  ( 75.76165808822953807, 432.1913914510956261, -24.78041926498375247 ) ) ;
#2214 = ORIENTED_EDGE ( 'NONE', *, *, #2720, .F. ) ;
#2215 = CARTESIAN_POINT ( 'NONE',  ( 96.99999999999995737, 494.0000000000001137, 0.000000000000000000 ) ) ;
#2216 = EDGE_CURVE ( 'NONE', #4431, #4062, #7801, .T. ) ;
#2217 = DIRECTION ( 'NONE',  ( -1.000000000000000000, 0.000000000000000000, 0.000000000000000000 ) ) ;
#2218 = DIRECTION ( 'NONE',  ( 0.1391839635391992624, -0.9902665420448774070, 0.000000000000000000 ) ) ;
#2219 = CARTESIAN_POINT ( 'NONE',  ( -77.08854898142148215, 447.8995448699686790, 13.58881433407988659 ) ) ;
#2220 = CARTESIAN_POINT ( 'NONE',  ( -290.9999999983658086, 204.1311561622549107, 24.99999999999999645 ) ) ;
#2221 = VERTEX_POINT ( 'NONE', #4110 ) ;
#2222 = CARTESIAN_POINT ( 'NONE',  ( -114.9999999999999716, 0.9999999999999881206, 0.000000000000000000 ) ) ;
#2223 = EDGE_CURVE ( 'NONE', #7285, #8142, #809, .T. ) ;
#2224 = DIRECTION ( 'NONE',  ( 1.000000000000000000, 0.000000000000000000, 0.000000000000000000 ) ) ;
#2225 = CARTESIAN_POINT ( 'NONE',  ( 84.97062795343929054, 345.5973748082931820, -24.99999999999999289 ) ) ;
#2226 = ORIENTED_EDGE ( 'NONE', *, *, #5599, .F. ) ;
#2227 = DIRECTION ( 'NONE',  ( 9.251858538542971828E-16, -1.000000000000000000, 0.000000000000000000 ) ) ;
#2228 = FACE_OUTER_BOUND ( 'NONE', #1818, .T. ) ;
#2229 = LINE ( 'NONE', #2313, #3488 ) ;
#2230 = ORIENTED_EDGE ( 'NONE', *, *, #1973, .F. ) ;
#2231 = EDGE_CURVE ( 'NONE', #2242, #6707, #4193, .T. ) ;
#2232 = FACE_OUTER_BOUND ( 'NONE', #6129, .T. ) ;
#2233 = ADVANCED_FACE ( 'NONE', ( #4067 ), #4988, .F. ) ;
#2234 = ORIENTED_EDGE ( 'NONE', *, *, #2081, .F. ) ;
#2235 = AXIS2_PLACEMENT_3D ( 'NONE', #4557, #2584, #1405 ) ;
#2236 = CARTESIAN_POINT ( 'NONE',  ( 117.0000000016515855, 389.7200000000000273, -37.00000000000000711 ) ) ;
#2237 = CARTESIAN_POINT ( 'NONE',  ( 79.00000000000000000, 450.4430401259118639, 17.26119282871802696 ) ) ;
#2238 = CARTESIAN_POINT ( 'NONE',  ( -290.9999999983658086, 204.1311561622549107, -24.99999999999999289 ) ) ;
#2239 = ORIENTED_EDGE ( 'NONE', *, *, #7836, .T. ) ;
#2240 = CARTESIAN_POINT ( 'NONE',  ( -100.9999999999743920, 204.1300195696126707, 30.00000000000000000 ) ) ;
#2241 = ADVANCED_FACE ( 'NONE', ( #6689 ), #3518, .T. ) ;
#2242 = VERTEX_POINT ( 'NONE', #7329 ) ;
#2243 = EDGE_CURVE ( 'NONE', #288, #1740, #5942, .T. ) ;
#2244 = LINE ( 'NONE', #2456, #762 ) ;
#2245 = CARTESIAN_POINT ( 'NONE',  ( -79.00000000000000000, 450.4501289878164698, -17.24951007894107491 ) ) ;
#2246 = CARTESIAN_POINT ( 'NONE',  ( 88.62327657790385160, 305.2368363104833975, -14.09889106177813822 ) ) ;
#2247 = CARTESIAN_POINT ( 'NONE',  ( 290.9999999983658086, 204.1311561622549107, 24.99999999999999645 ) ) ;
#2248 = ORIENTED_EDGE ( 'NONE', *, *, #3459, .T. ) ;
#2249 = EDGE_CURVE ( 'NONE', #4389, #2837, #812, .T. ) ;
#2250 = CIRCLE ( 'NONE', #353, 394.0000000000002274 ) ;
#2251 = CARTESIAN_POINT ( 'NONE',  ( 0.000000000000000000, 401.7200000000000273, -49.00000000000000000 ) ) ;
#2252 = CARTESIAN_POINT ( 'NONE',  ( -85.14916676944930884, 316.9951061200580398, -17.92893218813447476 ) ) ;
#2253 = ORIENTED_EDGE ( 'NONE', *, *, #1632, .F. ) ;
#2254 = DIRECTION ( 'NONE',  ( -0.1391731009508571093, -0.9902680686792660891, 1.122315036106218937E-05 ) ) ;
#2255 = FACE_BOUND ( 'NONE', #2051, .T. ) ;
#2256 = CARTESIAN_POINT ( 'NONE',  ( 86.07263358526058994, 323.3856042330077116, -24.99999999999999645 ) ) ;
#2257 = CYLINDRICAL_SURFACE ( 'NONE', #3229, 5.000000000000000888 ) ;
#2258 = DIRECTION ( 'NONE',  ( -0.000000000000000000, -0.000000000000000000, -1.000000000000000000 ) ) ;
#2259 = VERTEX_POINT ( 'NONE', #899 ) ;
#2260 = ADVANCED_FACE ( 'NONE', ( #3398 ), #2991, .T. ) ;
#2261 = PLANE ( 'NONE',  #427 ) ;
#2262 = CARTESIAN_POINT ( 'NONE',  ( 35.00000000000000000, 401.7200000000000273, -37.00000000000000711 ) ) ;
#2263 = CARTESIAN_POINT ( 'NONE',  ( -77.20964332878887149, 448.4371225287956690, -11.60583116232627532 ) ) ;
#2264 = AXIS2_PLACEMENT_3D ( 'NONE', #1539, #2725, #2207 ) ;
#2265 = ORIENTED_EDGE ( 'NONE', *, *, #5341, .T. ) ;
#2266 = CARTESIAN_POINT ( 'NONE',  ( 88.76926981972893316, 304.1980404179250854, -10.85786437626901701 ) ) ;
#2267 = DIRECTION ( 'NONE',  ( -1.000000000000000000, 0.000000000000000000, 0.000000000000000000 ) ) ;
#2268 = DIRECTION ( 'NONE',  ( 0.9902680687416325345, -0.1391731009596222646, 0.000000000000000000 ) ) ;
#2269 = DIRECTION ( 'NONE',  ( 0.000000000000000000, 2.833731016504969210E-06, 0.9999999999959851005 ) ) ;
#2270 = CIRCLE ( 'NONE', #8078, 403.0000000000167688 ) ;
#2271 = VERTEX_POINT ( 'NONE', #4775 ) ;
#2272 = DIRECTION ( 'NONE',  ( 1.000000000000000000, -2.220446049250311188E-14, 0.000000000000000000 ) ) ;
#2273 = EDGE_LOOP ( 'NONE', ( #4427, #7728, #3693, #5151 ) ) ;
#2274 = DIRECTION ( 'NONE',  ( -2.009438925630560469E-14, 1.000000000000000000, -0.000000000000000000 ) ) ;
#2275 = AXIS2_PLACEMENT_3D ( 'NONE', #6501, #705, #2664 ) ;
#2276 = CARTESIAN_POINT ( 'NONE',  ( 77.19084917126490097, 448.3539195834955535, 12.24434850531037711 ) ) ;
#2277 = CARTESIAN_POINT ( 'NONE',  ( 113.0287491559736281, 260.9182132862523531, 24.99999999999999645 ) ) ;
#2278 = CIRCLE ( 'NONE', #4425, 2.999999999999999112 ) ;
#2279 = ORIENTED_EDGE ( 'NONE', *, *, #4191, .F. ) ;
#2280 = CIRCLE ( 'NONE', #4426, 406.0000000000167688 ) ;
#2281 = CARTESIAN_POINT ( 'NONE',  ( -111.9999999999999858, 204.1300141686550660, -30.00000000000000000 ) ) ;
#2282 = VERTEX_POINT ( 'NONE', #3437 ) ;
#2283 = TOROIDAL_SURFACE ( 'NONE', #1613, 113.1021356237325080, 10.00000000000000000 ) ;
#2284 = CARTESIAN_POINT ( 'NONE',  ( -88.55668542287637024, 305.7106569987532225, 13.05936746997216602 ) ) ;
#2285 = CARTESIAN_POINT ( 'NONE',  ( -79.00000000000000000, 447.4533586476833875, -20.81991249652751819 ) ) ;
#2286 = CARTESIAN_POINT ( 'NONE',  ( 128.9740560895585872, 18.12612149772068193, 30.00000000000000000 ) ) ;
#2287 =( GEOMETRIC_REPRESENTATION_CONTEXT ( 3 ) GLOBAL_UNCERTAINTY_ASSIGNED_CONTEXT ( ( #1222 ) ) GLOBAL_UNIT_ASSIGNED_CONTEXT ( ( #7772, #8364, #8316 ) ) REPRESENTATION_CONTEXT ( 'NONE', 'WORKASPACE' ) );
#2288 = CIRCLE ( 'NONE', #1489, 106.0310678118668903 ) ;
#2289 = EDGE_CURVE ( 'NONE', #1272, #1855, #4728, .T. ) ;
#2290 = ADVANCED_FACE ( 'NONE', ( #4194 ), #3734, .F. ) ;
#2291 = EDGE_LOOP ( 'NONE', ( #145, #3043 ) ) ;
#2292 = AXIS2_PLACEMENT_3D ( 'NONE', #3219, #39, #5784 ) ;
#2293 = DIRECTION ( 'NONE',  ( 0.9902680687415226224, 0.1391731009604053604, 0.000000000000000000 ) ) ;
#2294 = CARTESIAN_POINT ( 'NONE',  ( -86.49089639507366201, 312.3373508923481268, -16.28705761121059226 ) ) ;
#2295 = EDGE_LOOP ( 'NONE', ( #4882, #3893, #4240, #6762 ) ) ;
#2296 = DIRECTION ( 'NONE',  ( -0.000000000000000000, -0.000000000000000000, -1.000000000000000000 ) ) ;
#2297 = DIRECTION ( 'NONE',  ( -1.000000000000000000, 1.850371707708592551E-14, -1.156482317317870344E-15 ) ) ;
#2298 = DIRECTION ( 'NONE',  ( 0.9902680687415225114, -0.1391731009604045832, 0.000000000000000000 ) ) ;
#2299 = AXIS2_PLACEMENT_3D ( 'NONE', #8361, #3074, #2570 ) ;
#2300 = LINE ( 'NONE', #4115, #1206 ) ;
#2301 = TOROIDAL_SURFACE ( 'NONE', #6338, 405.0000000000001137, 5.000000000000000000 ) ;
#2302 = CARTESIAN_POINT ( 'NONE',  ( 95.86357670959664290, 347.1282789188523452, -30.00000000000000000 ) ) ;
#2303 = EDGE_CURVE ( 'NONE', #3449, #551, #6483, .T. ) ;
#2304 = ORIENTED_EDGE ( 'NONE', *, *, #7452, .F. ) ;
#2305 = DIRECTION ( 'NONE',  ( 1.000000000000000000, 0.000000000000000000, 0.000000000000000000 ) ) ;
#2306 = CARTESIAN_POINT ( 'NONE',  ( -100.9999999999987779, 1.000000000000002442, 0.000000000000000000 ) ) ;
#2307 = DIRECTION ( 'NONE',  ( 1.000000000000000000, 0.000000000000000000, 0.000000000000000000 ) ) ;
#2308 = ORIENTED_EDGE ( 'NONE', *, *, #7972, .T. ) ;
#2309 = CARTESIAN_POINT ( 'NONE',  ( 489.0000000000001137, 402.3800000000000523, 24.99999999999999645 ) ) ;
#2310 = DIRECTION ( 'NONE',  ( 0.03880832485709811291, -0.7685696240441926008, -0.6385880103152224985 ) ) ;
#2311 = CARTESIAN_POINT ( 'NONE',  ( 84.33645126429702543, 322.2510309574997791, -20.22330854794409305 ) ) ;
#2312 = AXIS2_PLACEMENT_3D ( 'NONE', #1010, #5434, #7354 ) ;
#2313 = CARTESIAN_POINT ( 'NONE',  ( 133.9253964332667408, 18.82198700251878520, 30.00000000000000000 ) ) ;
#2314 = VERTEX_POINT ( 'NONE', #2338 ) ;
#2315 = DIRECTION ( 'NONE',  ( -0.9902680687416326455, 0.1391731009596217650, 0.000000000000000000 ) ) ;
#2316 = ORIENTED_EDGE ( 'NONE', *, *, #19, .F. ) ;
#2317 = CARTESIAN_POINT ( 'NONE',  ( -103.9999999999988205, 2.089816482655758982E-12, -30.00000000000000000 ) ) ;
#2318 = DIRECTION ( 'NONE',  ( -1.000000000000000000, 0.000000000000000000, 0.000000000000000000 ) ) ;
#2319 = CARTESIAN_POINT ( 'NONE',  ( -84.64901930793664064, 337.9811879380195023, 27.41489094866757270 ) ) ;
#2320 = AXIS2_PLACEMENT_3D ( 'NONE', #4863, #2172, #6171 ) ;
#2321 = B_SPLINE_CURVE_WITH_KNOTS ( 'NONE', 3,
 ( #1485, #7187, #666, #2790 ),
 .UNSPECIFIED., .F., .F.,
 ( 4, 4 ),
 ( 3.469446951953614189E-18, 0.008679843527296003322 ),
 .UNSPECIFIED. ) ;
#2322 = ORIENTED_EDGE ( 'NONE', *, *, #1345, .T. ) ;
#2323 = VERTEX_POINT ( 'NONE', #5823 ) ;
#2324 = DIRECTION ( 'NONE',  ( -0.000000000000000000, -0.000000000000000000, -1.000000000000000000 ) ) ;
#2325 = EDGE_CURVE ( 'NONE', #5570, #1870, #7315, .T. ) ;
#2326 = ORIENTED_EDGE ( 'NONE', *, *, #4441, .F. ) ;
#2327 = CIRCLE ( 'NONE', #7051, 5.000000000000004441 ) ;
#2328 = CIRCLE ( 'NONE', #7590, 394.9999999999878924 ) ;
#2329 = CARTESIAN_POINT ( 'NONE',  ( -87.36452751022524410, 314.1933013147566385, 18.49220538060929897 ) ) ;
#2330 = CARTESIAN_POINT ( 'NONE',  ( 87.74627584452339590, 311.4770207753077784, -19.34618533522967354 ) ) ;
#2331 = DIRECTION ( 'NONE',  ( -0.000000000000000000, 0.000000000000000000, 1.000000000000000000 ) ) ;
#2332 = CIRCLE ( 'NONE', #6523, 5.000000000000000888 ) ;
#2333 = ORIENTED_EDGE ( 'NONE', *, *, #417, .T. ) ;
#2334 =( BOUNDED_SURFACE ( )  B_SPLINE_SURFACE ( 3, 2, ( 
 ( #5539, #4274, #2345 ),
 ( #1705, #6859, #2815 ),
 ( #5375, #7074, #8215 ),
 ( #3687, #7537, #7622 ),
 ( #5116, #5578, #2425 ),
 ( #4436, #1875, #5066 ),
 ( #548, #1156, #3773 ),
 ( #2383, #6346, #2509 ),
 ( #593, #3727, #2552 ),
 ( #6391, #6260, #7579 ),
 ( #1195, #3648, #5029 ),
 ( #5616, #7029, #6217 ),
 ( #1112, #4388, #3056 ),
 ( #1246, #3098, #1751 ) ),
 .UNSPECIFIED., .F., .F., .F. ) 
 B_SPLINE_SURFACE_WITH_KNOTS ( ( 4, 2, 2, 2, 2, 2, 4 ),
 ( 3, 3 ),
 ( 0.06724575154713756386, 0.07053301078270987623, 0.07217664040049603935, 0.07382027001828218860, 0.07546389963606833784, 0.07710752925385450096, 0.08039478848942681333 ),
 ( 0.000000000000000000, 1.000000000000000000 ),
 .UNSPECIFIED. ) 
 GEOMETRIC_REPRESENTATION_ITEM ( )  RATIONAL_B_SPLINE_SURFACE ( (
 ( 1.000000000000000000, 0.8560923022222386436, 1.000000000000000000),
 ( 1.000000000000000000, 0.8620527721669094534, 1.000000000000000000),
 ( 1.000000000000000000, 0.8681401806661386278, 1.000000000000000000),
 ( 1.000000000000000000, 0.8756838900836992901, 1.000000000000000000),
 ( 1.000000000000000000, 0.8779456934903353549, 1.000000000000000000),
 ( 1.000000000000000000, 0.8816645172143882103, 1.000000000000000000),
 ( 1.000000000000000000, 0.8831212480627508299, 1.000000000000000000),
 ( 1.000000000000000000, 0.8850237896938859539, 1.000000000000000000),
 ( 1.000000000000000000, 0.8854698456910958804, 1.000000000000000000),
 ( 1.000000000000000000, 0.8851580748937650789, 1.000000000000000000),
 ( 1.000000000000000000, 0.8843934641237142236, 1.000000000000000000),
 ( 1.000000000000000000, 0.8800606794222634033, 1.000000000000000000),
 ( 1.000000000000000000, 0.8745064990622803958, 1.000000000000000000),
 ( 1.000000000000000000, 0.8660254037844389297, 1.000000000000000000) ) ) 
 REPRESENTATION_ITEM ( '' )  SURFACE ( )  );
#2336 = EDGE_CURVE ( 'NONE', #3690, #1272, #2534, .T. ) ;
#2335 = DIRECTION ( 'NONE',  ( 0.1391731009604045832, -0.9902680687415227334, 0.000000000000000000 ) ) ;
#2337 = EDGE_CURVE ( 'NONE', #7213, #7069, #7782, .T. ) ;
#2338 = CARTESIAN_POINT ( 'NONE',  ( 75.33974596215561803, 429.3405386945347573, 25.00000000000000000 ) ) ;
#2339 = ORIENTED_EDGE ( 'NONE', *, *, #1718, .F. ) ;
#2340 = FACE_OUTER_BOUND ( 'NONE', #2453, .T. ) ;
#2341 = ADVANCED_FACE ( 'NONE', ( #5098 ), #698, .F. ) ;
#2342 = CONICAL_SURFACE ( 'NONE', #3830, 7.999999999999840128, 0.7853981633974712606 ) ;
#2343 = CARTESIAN_POINT ( 'NONE',  ( 88.38341061822842448, 306.9435712973976251, 14.42634054189679560 ) ) ;
#2344 = DIRECTION ( 'NONE',  ( 0.1391731009604046665, 0.9902680687415226224, 0.000000000000000000 ) ) ;
#2345 = CARTESIAN_POINT ( 'NONE',  ( -79.00920761912580303, 441.4216607543498299, 25.30330085889773528 ) ) ;
#2346 = ORIENTED_EDGE ( 'NONE', *, *, #1418, .F. ) ;
#2347 = STYLED_ITEM ( 'NONE', ( #1117 ), #1308 ) ;
#2348 = DIRECTION ( 'NONE',  ( 0.9902680687415702510, -0.1391731009600660485, 5.782411586589356455E-15 ) ) ;
#2349 = DIRECTION ( 'NONE',  ( 0.1391731009596217095, -0.9902680687416327565, 0.000000000000000000 ) ) ;
#2350 = EDGE_CURVE ( 'NONE', #4488, #6299, #6627, .T. ) ;
#2351 = EDGE_CURVE ( 'NONE', #6092, #5650, #3227, .T. ) ;
#2352 = CARTESIAN_POINT ( 'NONE',  ( 79.00000000000000000, 451.8173402994697199, -14.17399904534405053 ) ) ;
#2353 = ORIENTED_EDGE ( 'NONE', *, *, #6769, .F. ) ;
#2354 = DIRECTION ( 'NONE',  ( 1.000000000000000000, 0.000000000000000000, 0.000000000000000000 ) ) ;
#2355 = DIRECTION ( 'NONE',  ( 2.009438925630560469E-14, -1.000000000000000000, -0.000000000000000000 ) ) ;
#2356 = EDGE_CURVE ( 'NONE', #7950, #6036, #8063, .T. ) ;
#2357 = CARTESIAN_POINT ( 'NONE',  ( 83.93619253030969674, 324.8289773764566348, -21.46446609406728001 ) ) ;
#2358 = DIRECTION ( 'NONE',  ( 0.1391731009596216817, -0.9902680687416326455, 0.000000000000000000 ) ) ;
#2359 = ORIENTED_EDGE ( 'NONE', *, *, #759, .F. ) ;
#2360 = CARTESIAN_POINT ( 'NONE',  ( -133.9253964332668829, 18.82198700251885626, -24.99999999999999289 ) ) ;
#2361 = EDGE_CURVE ( 'NONE', #868, #6036, #7174, .T. ) ;
#2362 = ORIENTED_EDGE ( 'NONE', *, *, #5057, .F. ) ;
#2363 = DIRECTION ( 'NONE',  ( 0.000000000000000000, -0.4423086824042806176, -0.8968628822009467871 ) ) ;
#2364 = DIRECTION ( 'NONE',  ( -0.1391731009596220703, -0.9902680687416326455, -0.000000000000000000 ) ) ;
#2365 = FACE_OUTER_BOUND ( 'NONE', #7628, .T. ) ;
#2366 = PRODUCT_DEFINITION_SHAPE ( 'NONE', 'NONE',  #5108 ) ;
#2367 = EDGE_CURVE ( 'NONE', #1740, #8162, #4552, .T. ) ;
#2368 = ORIENTED_EDGE ( 'NONE', *, *, #6230, .T. ) ;
#2369 = DIRECTION ( 'NONE',  ( 0.000000000000000000, -0.000000000000000000, 1.000000000000000000 ) ) ;
#2370 = CIRCLE ( 'NONE', #4783, 15.00000000000000000 ) ;
#2371 = EDGE_CURVE ( 'NONE', #5793, #7676, #6208, .T. ) ;
#2372 = EDGE_LOOP ( 'NONE', ( #7759, #7242, #1108, #6696 ) ) ;
#2373 = CARTESIAN_POINT ( 'NONE',  ( -79.00000000000000000, 446.6320201490439104, -21.46446609406715567 ) ) ;
#2374 = CARTESIAN_POINT ( 'NONE',  ( 88.10083341949695068, 306.4374141730736483, -12.63203624280518156 ) ) ;
#2375 = LINE ( 'NONE', #4263, #226 ) ;
#2376 = CARTESIAN_POINT ( 'NONE',  ( 79.00000000000001421, 447.4533961704372018, -20.81988304973730664 ) ) ;
#2377 = ORIENTED_EDGE ( 'NONE', *, *, #4981, .F. ) ;
#2378 = DIRECTION ( 'NONE',  ( 0.1391731009596220703, 0.9902680687416326455, -0.000000000000000000 ) ) ;
#2379 = ORIENTED_EDGE ( 'NONE', *, *, #8334, .T. ) ;
#2380 = LINE ( 'NONE', #1747, #1446 ) ;
#2381 = CARTESIAN_POINT ( 'NONE',  ( 88.17612735745626651, 308.4184683350330261, 15.59858184781811374 ) ) ;
#2382 = DIRECTION ( 'NONE',  ( -0.000000000000000000, -0.000000000000000000, -1.000000000000000000 ) ) ;
#2383 = CARTESIAN_POINT ( 'NONE',  ( -75.87123134407674740, 433.8792382394212268, 24.40182857812297712 ) ) ;
#2384 = ADVANCED_FACE ( 'NONE', ( #7826, #7867 ), #3421, .F. ) ;
#2385 = ORIENTED_EDGE ( 'NONE', *, *, #3577, .T. ) ;
#2386 = AXIS2_PLACEMENT_3D ( 'NONE', #7070, #3858, #1871 ) ;
#2387 = CARTESIAN_POINT ( 'NONE',  ( 75.33974596215561803, 429.3405386945347573, 25.00000000000000000 ) ) ;
#2388 = VERTEX_POINT ( 'NONE', #4092 ) ;
#2389 = CARTESIAN_POINT ( 'NONE',  ( 79.00000000000000000, 452.2987785557373854, -10.85786437626900280 ) ) ;
#2390 = VERTEX_POINT ( 'NONE', #5905 ) ;
#2391 = DIRECTION ( 'NONE',  ( 0.9902665067186283698, 0.1391842148782850563, 0.000000000000000000 ) ) ;
#2392 = DIRECTION ( 'NONE',  ( -0.000000000000000000, -1.000000000000000000, -0.000000000000000000 ) ) ;
#2393 = VECTOR ( 'NONE', #713, 1000.000000000000000 ) ;
#2394 = FACE_OUTER_BOUND ( 'NONE', #4332, .T. ) ;
#2395 = CARTESIAN_POINT ( 'NONE',  ( -79.00000000000000000, 443.6500997019992951, 23.81531131415197322 ) ) ;
#2396 = EDGE_CURVE ( 'NONE', #7950, #6219, #4592, .T. ) ;
#2397 = ADVANCED_FACE ( 'NONE', ( #4674 ), #2789, .F. ) ;
#2398 = EDGE_LOOP ( 'NONE', ( #3101, #4990, #5675, #7011 ) ) ;
#2399 = CARTESIAN_POINT ( 'NONE',  ( 100.9999999999988063, 2.029533314886842209E-12, 24.99999999999999645 ) ) ;
#2400 = CARTESIAN_POINT ( 'NONE',  ( 129.6374099128327089, 18.21934979774634655, 27.50000000000000000 ) ) ;
#2401 = VERTEX_POINT ( 'NONE', #5394 ) ;
#2402 = CARTESIAN_POINT ( 'NONE',  ( 60.00000000000000711, 389.7200000000000273, -44.99999999999984368 ) ) ;
#2403 = CIRCLE ( 'NONE', #1029, 15.00000000000002487 ) ;
#2404 = CARTESIAN_POINT ( 'NONE',  ( 59.00000000000019185, 389.7200000000000273, -30.00000000000001776 ) ) ;
#2405 = DIRECTION ( 'NONE',  ( -0.000000000000000000, -0.000000000000000000, -1.000000000000000000 ) ) ;
#2406 = VECTOR ( 'NONE', #2405, 1000.000000000000000 ) ;
#2407 = EDGE_CURVE ( 'NONE', #346, #729, #2111, .T. ) ;
#2408 = ORIENTED_EDGE ( 'NONE', *, *, #3601, .T. ) ;
#2409 = ORIENTED_EDGE ( 'NONE', *, *, #5366, .F. ) ;
#2410 = DIRECTION ( 'NONE',  ( -1.000000000000000000, -2.009438925630560469E-14, 0.000000000000000000 ) ) ;
#2411 = AXIS2_PLACEMENT_3D ( 'NONE', #6186, #399, #1208 ) ;
#2412 = ORIENTED_EDGE ( 'NONE', *, *, #1675, .T. ) ;
#2413 = DIRECTION ( 'NONE',  ( 0.000000000000000000, 0.6390694384436976794, -0.7691490446248093749 ) ) ;
#2414 = DIRECTION ( 'NONE',  ( -0.9902680687415225114, 0.1391731009604045832, 0.000000000000000000 ) ) ;
#2415 = DIRECTION ( 'NONE',  ( 1.000000000000000000, 0.000000000000000000, 0.000000000000000000 ) ) ;
#2416 = CARTESIAN_POINT ( 'NONE',  ( -96.99999999999985789, 402.3799999999999955, 30.00000000000000000 ) ) ;
#2417 = CIRCLE ( 'NONE', #925, 15.00000000000000000 ) ;
#2418 = EDGE_LOOP ( 'NONE', ( #5999, #5997, #2326, #7911 ) ) ;
#2419 = CIRCLE ( 'NONE', #8224, 5.000000000000000888 ) ;
#2420 = LINE ( 'NONE', #8252, #3508 ) ;
#2421 = ORIENTED_EDGE ( 'NONE', *, *, #3502, .F. ) ;
#2422 = CARTESIAN_POINT ( 'NONE',  ( 0.000000000000000000, -59.00000000000001421, 30.00000000000000000 ) ) ;
#2423 = CARTESIAN_POINT ( 'NONE',  ( 88.76400995127085025, 304.2354663266956436, 11.55026475576558731 ) ) ;
#2424 = CARTESIAN_POINT ( 'NONE',  ( 95.00000000000000000, 538.9999999999998863, 24.99999999999999645 ) ) ;
#2425 = CARTESIAN_POINT ( 'NONE',  ( -79.23716499216872933, 437.7825101061594637, 26.52669962208416266 ) ) ;
#2426 = VERTEX_POINT ( 'NONE', #4639 ) ;
#2427 = AXIS2_PLACEMENT_3D ( 'NONE', #6773, #6133, #5452 ) ;
#2428 = ORIENTED_EDGE ( 'NONE', *, *, #102, .T. ) ;
#2429 = AXIS2_PLACEMENT_3D ( 'NONE', #3051, #5653, #5611 ) ;
#2430 = CARTESIAN_POINT ( 'NONE',  ( 79.00000000000000000, 449.2423548556668038, -18.94175445389903345 ) ) ;
#2431 = VERTEX_POINT ( 'NONE', #4009 ) ;
#2432 = CARTESIAN_POINT ( 'NONE',  ( -79.56231685299961498, 433.4607049800355298, -27.30544686765908580 ) ) ;
#2433 = VECTOR ( 'NONE', #6905, 1000.000000000000114 ) ;
#2434 = DIRECTION ( 'NONE',  ( 0.000000000000000000, 0.000000000000000000, -1.000000000000000000 ) ) ;
#2435 = CARTESIAN_POINT ( 'NONE',  ( -88.76400995144985018, 304.2354663254218963, 11.55026475601439984 ) ) ;
#2436 = CARTESIAN_POINT ( 'NONE',  ( 96.99999999999998579, 524.0000000000001137, 1.836970198721034716E-15 ) ) ;
#2437 = AXIS2_PLACEMENT_3D ( 'NONE', #6699, #225, #4748 ) ;
#2438 = ORIENTED_EDGE ( 'NONE', *, *, #7767, .T. ) ;
#2439 = CARTESIAN_POINT ( 'NONE',  ( -79.88621320722880625, 341.1042618279727776, -25.00000000000000000 ) ) ;
#2440 = CYLINDRICAL_SURFACE ( 'NONE', #7976, 406.0000000000167688 ) ;
#2441 = VERTEX_POINT ( 'NONE', #6673 ) ;
#2442 = CIRCLE ( 'NONE', #1769, 405.0000000000001137 ) ;
#2443 = EDGE_CURVE ( 'NONE', #5809, #1879, #2168, .T. ) ;
#2444 = CARTESIAN_POINT ( 'NONE',  ( 84.74143566488277202, 319.6370472065250965, 19.03908348334589462 ) ) ;
#2445 = ADVANCED_FACE ( 'NONE', ( #2153 ), #6548, .T. ) ;
#2446 = CARTESIAN_POINT ( 'NONE',  ( 108.0774088122660004, 260.2223477814503667, 24.99999999999999645 ) ) ;
#2447 = DIRECTION ( 'NONE',  ( -2.035408878479453763E-14, -1.000000000000000000, 0.000000000000000000 ) ) ;
#2448 = ORIENTED_EDGE ( 'NONE', *, *, #7835, .F. ) ;
#2449 = VECTOR ( 'NONE', #792, 1000.000000000000000 ) ;
#2450 = AXIS2_PLACEMENT_3D ( 'NONE', #5812, #7258, #5179 ) ;
#2451 = ORIENTED_EDGE ( 'NONE', *, *, #5436, .T. ) ;
#2452 = CARTESIAN_POINT ( 'NONE',  ( 83.75614868788640877, 336.0526183858450509, 25.17101417230676219 ) ) ;
#2453 = EDGE_LOOP ( 'NONE', ( #2472, #6198, #3438, #6191 ) ) ;
#2454 = EDGE_CURVE ( 'NONE', #6902, #5226, #2176, .T. ) ;
#2455 = EDGE_CURVE ( 'NONE', #1654, #1995, #1376, .T. ) ;
#2456 = CARTESIAN_POINT ( 'NONE',  ( -100.8149170533042565, 347.8241444236542748, 30.00000000000000000 ) ) ;
#2457 = VECTOR ( 'NONE', #3320, 1000.000000000000000 ) ;
#2458 = LINE ( 'NONE', #3086, #4156 ) ;
#2459 = DIRECTION ( 'NONE',  ( 1.000000000000000000, 0.000000000000000000, 0.000000000000000000 ) ) ;
#2460 = CARTESIAN_POINT ( 'NONE',  ( 95.86357670959645816, 347.1282789188539937, 24.99999999999999645 ) ) ;
#2461 = ORIENTED_EDGE ( 'NONE', *, *, #5736, .T. ) ;
#2462 = AXIS2_PLACEMENT_3D ( 'NONE', #2633, #7061, #5231 ) ;
#2463 = CARTESIAN_POINT ( 'NONE',  ( -85.96377873789013790, 324.1809652637628005, 25.19946638342180734 ) ) ;
#2464 = EDGE_LOOP ( 'NONE', ( #3728, #3182, #2651, #5162 ) ) ;
#2465 = CARTESIAN_POINT ( 'NONE',  ( 79.57348442157065449, 433.1574787505886661, -27.32562340455715955 ) ) ;
#2466 = CARTESIAN_POINT ( 'NONE',  ( 88.55668542288114509, 305.7106569987726630, 13.05936746997153541 ) ) ;
#2467 = DIRECTION ( 'NONE',  ( 0.9902665420448769629, 0.1391839635392023433, 0.000000000000000000 ) ) ;
#2468 = PLANE ( 'NONE',  #4571 ) ;
#2469 = VERTEX_POINT ( 'NONE', #7310 ) ;
#2470 = EDGE_CURVE ( 'NONE', #7232, #3557, #819, .T. ) ;
#2471 = CARTESIAN_POINT ( 'NONE',  ( 78.38753286706840129, 433.0430625937615332, 24.99812993374681724 ) ) ;
#2472 = ORIENTED_EDGE ( 'NONE', *, *, #7469, .F. ) ;
#2473 = EDGE_CURVE ( 'NONE', #1774, #1645, #238, .T. ) ;
#2474 = AXIS2_PLACEMENT_3D ( 'NONE', #761, #4056, #7952 ) ;
#2475 = CARTESIAN_POINT ( 'NONE',  ( 78.99999999998568967, 449.8350589498411409, -12.50969143881457768 ) ) ;
#2476 = ORIENTED_EDGE ( 'NONE', *, *, #3129, .F. ) ;
#2477 = CARTESIAN_POINT ( 'NONE',  ( -91.99999999999985789, 402.3799999999999955, 27.99999999999999645 ) ) ;
#2478 = DIRECTION ( 'NONE',  ( -0.1391731009600660485, -0.9902680687415703620, 0.000000000000000000 ) ) ;
#2479 = LINE ( 'NONE', #8355, #6231 ) ;
#2480 = CARTESIAN_POINT ( 'NONE',  ( -75.62930569425171257, 430.9683242863769692, -24.94991429114531911 ) ) ;
#2481 = VECTOR ( 'NONE', #3753, 1000.000000000000000 ) ;
#2482 = VECTOR ( 'NONE', #1702, 1000.000000000000000 ) ;
#2483 = ORIENTED_EDGE ( 'NONE', *, *, #2992, .T. ) ;
#2484 = CARTESIAN_POINT ( 'NONE',  ( -130.9545922270419567, 18.40446769963999074, 30.00000000000000000 ) ) ;
#2485 = DIRECTION ( 'NONE',  ( -0.9902665420448772959, 0.1391839635391988184, 0.000000000000000000 ) ) ;
#2486 = ORIENTED_EDGE ( 'NONE', *, *, #1259, .F. ) ;
#2487 = CARTESIAN_POINT ( 'NONE',  ( 489.0000000000001137, 402.3800000000000523, -30.00000000000000000 ) ) ;
#2488 = CARTESIAN_POINT ( 'NONE',  ( -79.00000000000001421, 450.9546354083822166, -16.34752578528097189 ) ) ;
#2489 = VERTEX_POINT ( 'NONE', #3972 ) ;
#2490 = EDGE_CURVE ( 'NONE', #3449, #4178, #753, .T. ) ;
#2491 = ORIENTED_EDGE ( 'NONE', *, *, #5110, .F. ) ;
#2492 = DIRECTION ( 'NONE',  ( 2.009438925630560469E-14, 1.000000000000000000, 0.000000000000000000 ) ) ;
#2493 = ORIENTED_EDGE ( 'NONE', *, *, #3332, .F. ) ;
#2494 = CARTESIAN_POINT ( 'NONE',  ( -88.63217859987599923, 305.1734951328608645, -11.99553855606512798 ) ) ;
#2495 = CARTESIAN_POINT ( 'NONE',  ( -141.8475409834426841, 19.93537181034426808, 24.99999999999999645 ) ) ;
#2496 = CARTESIAN_POINT ( 'NONE',  ( 88.23922982816704064, 305.9111153689552793, -11.77240253412269588 ) ) ;
#2497 = CARTESIAN_POINT ( 'NONE',  ( 75.62930569425168414, 430.9683242863766282, 24.94991429114533688 ) ) ;
#2498 = CARTESIAN_POINT ( 'NONE',  ( 79.00000000000000000, 451.8173402994367507, -14.17399904533844079 ) ) ;
#2499 = DIRECTION ( 'NONE',  ( -1.000000000000000000, 0.000000000000000000, 0.000000000000000000 ) ) ;
#2500 = EDGE_CURVE ( 'NONE', #6, #3081, #6893, .T. ) ;
#2501 = ORIENTED_EDGE ( 'NONE', *, *, #3089, .T. ) ;
#2502 = DIRECTION ( 'NONE',  ( 1.015794745118904037E-15, -1.000000000000000000, 0.000000000000000000 ) ) ;
#2503 = EDGE_CURVE ( 'NONE', #5759, #4959, #6348, .T. ) ;
#2504 = CARTESIAN_POINT ( 'NONE',  ( -290.9999999983658086, 204.1311561622549107, 30.00000000000000000 ) ) ;
#2505 = ORIENTED_EDGE ( 'NONE', *, *, #7776, .T. ) ;
#2506 = CARTESIAN_POINT ( 'NONE',  ( 79.23716499217024989, 437.7825101061417286, -26.52669962208855026 ) ) ;
#2507 = CARTESIAN_POINT ( 'NONE',  ( 88.50506849077595461, 306.0779305546311093, 13.53965221691876408 ) ) ;
#2508 = CARTESIAN_POINT ( 'NONE',  ( 84.00000000000000000, 538.9999999999998863, 24.99999999999999645 ) ) ;
#2509 = CARTESIAN_POINT ( 'NONE',  ( -79.43907688776094744, 435.2730260905789237, 27.05137143356178697 ) ) ;
#2510 = ADVANCED_FACE ( 'NONE', ( #6834 ), #4325, .F. ) ;
#2511 = ORIENTED_EDGE ( 'NONE', *, *, #7745, .F. ) ;
#2512 = SURFACE_STYLE_FILL_AREA ( #7540 ) ;
#2513 = EDGE_LOOP ( 'NONE', ( #2824, #7532, #497, #7803 ) ) ;
#2514 = CARTESIAN_POINT ( 'NONE',  ( 79.00000000000000000, 449.5690831742928140, -18.53170900049362047 ) ) ;
#2515 = ORIENTED_EDGE ( 'NONE', *, *, #215, .F. ) ;
#2516 = DIRECTION ( 'NONE',  ( -0.000000000000000000, -1.000000000000000000, 0.000000000000000000 ) ) ;
#2517 = LINE ( 'NONE', #1803, #7450 ) ;
#2518 = DIRECTION ( 'NONE',  ( -1.000000000000000000, -0.000000000000000000, -0.000000000000000000 ) ) ;
#2519 = DIRECTION ( 'NONE',  ( 0.000000000000000000, 0.000000000000000000, 1.000000000000000000 ) ) ;
#2520 = EDGE_LOOP ( 'NONE', ( #6842, #594, #429, #6872 ) ) ;
#2521 = DIRECTION ( 'NONE',  ( 0.000000000000000000, 0.000000000000000000, 1.000000000000000000 ) ) ;
#2522 = DIRECTION ( 'NONE',  ( -0.9902680687416326455, -0.1391731009596217650, 0.000000000000000000 ) ) ;
#2523 = AXIS2_PLACEMENT_3D ( 'NONE', #6763, #2921, #290 ) ;
#2524 = ORIENTED_EDGE ( 'NONE', *, *, #4836, .F. ) ;
#2525 = APPLICATION_PROTOCOL_DEFINITION ( 'draft international standard', 'automotive_design', 1998, #4015 ) ;
#2526 = DIRECTION ( 'NONE',  ( 0.9902680687416326455, -0.1391731009596217650, 0.000000000000000000 ) ) ;
#2527 = DIRECTION ( 'NONE',  ( -0.9902680687416326455, -0.1391731009596221258, 0.000000000000000000 ) ) ;
#2528 = CARTESIAN_POINT ( 'NONE',  ( -79.00000000000000000, 450.1724379890480918, -17.68601611381621552 ) ) ;
#2529 = VECTOR ( 'NONE', #4050, 1000.000000000000000 ) ;
#2530 = ORIENTED_EDGE ( 'NONE', *, *, #3240, .F. ) ;
#2531 = ORIENTED_EDGE ( 'NONE', *, *, #1576, .T. ) ;
#2532 = CARTESIAN_POINT ( 'NONE',  ( 84.17419972766278136, 341.7068990327455822, 27.50000000000000355 ) ) ;
#2533 = ORIENTED_EDGE ( 'NONE', *, *, #8202, .F. ) ;
#2534 = LINE ( 'NONE', #1700, #15 ) ;
#2535 = CIRCLE ( 'NONE', #2135, 2.999999999999999112 ) ;
#2536 = FACE_OUTER_BOUND ( 'NONE', #1096, .T. ) ;
#2537 = DIRECTION ( 'NONE',  ( 1.000000000000000000, 0.000000000000000000, 0.000000000000000000 ) ) ;
#2538 = CARTESIAN_POINT ( 'NONE',  ( 76.02719030239393305, 437.9177707014769680, 22.54442435994829097 ) ) ;
#2539 = CYLINDRICAL_SURFACE ( 'NONE', #8171, 3.000000000000002665 ) ;
#2540 = CARTESIAN_POINT ( 'NONE',  ( -290.9999999983658086, 204.1311561622549107, -24.99999999999999289 ) ) ;
#2541 = VERTEX_POINT ( 'NONE', #1088 ) ;
#2542 = CIRCLE ( 'NONE', #7266, 3.000000000000002665 ) ;
#2543 = DIRECTION ( 'NONE',  ( 0.000000000000000000, 2.833731018355343177E-06, 0.9999999999959848784 ) ) ;
#2544 = FACE_OUTER_BOUND ( 'NONE', #1353, .T. ) ;
#2545 = EDGE_LOOP ( 'NONE', ( #4551, #2253, #4574, #3064 ) ) ;
#2546 = DIRECTION ( 'NONE',  ( 0.000000000000000000, 0.000000000000000000, -1.000000000000000000 ) ) ;
#2547 = ADVANCED_FACE ( 'NONE', ( #7481 ), #363, .T. ) ;
#2548 = FACE_BOUND ( 'NONE', #6349, .T. ) ;
#2549 = EDGE_CURVE ( 'NONE', #1083, #2489, #1047, .T. ) ;
#2550 = CARTESIAN_POINT ( 'NONE',  ( -111.0482130184905714, 260.6398670843315699, -24.99999999999999289 ) ) ;
#2551 = TOROIDAL_SURFACE ( 'NONE', #8358, 413.6602540378445383, 5.000000000000000000 ) ;
#2552 = CARTESIAN_POINT ( 'NONE',  ( -79.47661010338345022, 434.7538863411429020, 27.13184567477559384 ) ) ;
#2553 = ORIENTED_EDGE ( 'NONE', *, *, #4977, .F. ) ;
#2554 = CIRCLE ( 'NONE', #5508, 12.00000000000001066 ) ;
#2555 = AXIS2_PLACEMENT_3D ( 'NONE', #3932, #4380, #6334 ) ;
#2556 = LINE ( 'NONE', #4393, #3023 ) ;
#2557 = ORIENTED_EDGE ( 'NONE', *, *, #6378, .F. ) ;
#2558 =( BOUNDED_SURFACE ( )  B_SPLINE_SURFACE ( 3, 2, ( 
 ( #5123, #3318, #5206 ),
 ( #5290, #5883, #3234 ),
 ( #7847, #8, #2006 ),
 ( #4529, #5927, #2050 ),
 ( #3867, #3281, #2605 ),
 ( #3185, #2559, #6434 ),
 ( #5166, #1294, #3909 ),
 ( #6530, #8351, #4490 ),
 ( #2689, #7204, #641 ),
 ( #4575, #5845, #6485 ),
 ( #7079, #7122, #5752 ),
 ( #5798, #7762, #1337 ),
 ( #1962, #135, #689 ),
 ( #7888, #4618, #734 ) ),
 .UNSPECIFIED., .F., .F., .F. ) 
 B_SPLINE_SURFACE_WITH_KNOTS ( ( 4, 2, 2, 2, 2, 2, 4 ),
 ( 3, 3 ),
 ( 0.06523194146731622900, 0.06850122830219070036, 0.07013587171962792910, 0.07177051513706517172, 0.07340515855450241434, 0.07503980197193964308, 0.07830908880681411444 ),
 ( 0.000000000000000000, 1.000000000000000000 ),
 .UNSPECIFIED. ) 
 GEOMETRIC_REPRESENTATION_ITEM ( )  RATIONAL_B_SPLINE_SURFACE ( (
 ( 1.000000000000000000, 0.8660254037844389297, 1.000000000000000000),
 ( 1.000000000000000000, 0.8745071365209483583, 1.000000000000000000),
 ( 1.000000000000000000, 0.8800451519698033742, 1.000000000000000000),
 ( 1.000000000000000000, 0.8843758713822660322, 1.000000000000000000),
 ( 1.000000000000000000, 0.8851528698180245458, 1.000000000000000000),
 ( 1.000000000000000000, 0.8854725368112189576, 1.000000000000000000),
 ( 1.000000000000000000, 0.8850245321049446945, 1.000000000000000000),
 ( 1.000000000000000000, 0.8831074502255474856, 1.000000000000000000),
 ( 1.000000000000000000, 0.8816323789638021990, 1.000000000000000000),
 ( 1.000000000000000000, 0.8778948187922511748, 1.000000000000000000),
 ( 1.000000000000000000, 0.8756450611664839956, 1.000000000000000000),
 ( 1.000000000000000000, 0.8681422297422027867, 1.000000000000000000),
 ( 1.000000000000000000, 0.8621395641666946830, 1.000000000000000000),
 ( 1.000000000000000000, 0.8560923022222638457, 1.000000000000000000) ) ) 
 REPRESENTATION_ITEM ( '' )  SURFACE ( )  );
#2559 = CARTESIAN_POINT ( 'NONE',  ( -78.41204124413937393, 433.9431978358184097, -24.87250288484973737 ) ) ;
#2560 = ORIENTED_EDGE ( 'NONE', *, *, #2249, .F. ) ;
#2561 = LINE ( 'NONE', #1964, #5477 ) ;
#2562 = CARTESIAN_POINT ( 'NONE',  ( 79.10092261764624766, 439.4933008929200469, -26.04197409216178727 ) ) ;
#2563 = ADVANCED_FACE ( 'NONE', ( #1648 ), #4254, .F. ) ;
#2564 = CARTESIAN_POINT ( 'NONE',  ( 95.20393762187489983, 258.4129999647861951, 30.00000000000000000 ) ) ;
#2565 = CARTESIAN_POINT ( 'NONE',  ( -75.33974596215564645, 429.3405386945350415, -25.00000000000000000 ) ) ;
#2566 = AXIS2_PLACEMENT_3D ( 'NONE', #5354, #3344, #2156 ) ;
#2567 = ORIENTED_EDGE ( 'NONE', *, *, #5583, .T. ) ;
#2568 = AXIS2_PLACEMENT_3D ( 'NONE', #3936, #1327, #2590 ) ;
#2569 = DIRECTION ( 'NONE',  ( 1.000000000000000000, 0.000000000000000000, 0.000000000000000000 ) ) ;
#2570 = DIRECTION ( 'NONE',  ( -1.015794745118904431E-15, -1.000000000000000000, 0.000000000000000000 ) ) ;
#2571 = ORIENTED_EDGE ( 'NONE', *, *, #3154, .F. ) ;
#2572 = CARTESIAN_POINT ( 'NONE',  ( -144.8183451896672409, 20.35289111322548194, -24.99999999999999289 ) ) ;
#2573 = LINE ( 'NONE', #7732, #2690 ) ;
#2574 = VECTOR ( 'NONE', #144, 1000.000000000000000 ) ;
#2575 = EDGE_LOOP ( 'NONE', ( #6479, #8241, #1807, #2515 ) ) ;
#2576 = ORIENTED_EDGE ( 'NONE', *, *, #6476, .F. ) ;
#2577 = DIRECTION ( 'NONE',  ( -0.000000000000000000, -0.000000000000000000, -1.000000000000000000 ) ) ;
#2578 = ORIENTED_EDGE ( 'NONE', *, *, #428, .F. ) ;
#2579 = EDGE_CURVE ( 'NONE', #5384, #209, #5516, .T. ) ;
#2580 = CARTESIAN_POINT ( 'NONE',  ( 76.14881651623684888, 440.8428812786739854, 20.27938311977568020 ) ) ;
#2581 = DIRECTION ( 'NONE',  ( 1.000000000000000000, 0.000000000000000000, 0.000000000000000000 ) ) ;
#2582 = DIRECTION ( 'NONE',  ( -1.000000000000000000, -1.015794745118904037E-15, 0.000000000000000000 ) ) ;
#2583 = CARTESIAN_POINT ( 'NONE',  ( 75.50300944435196016, 430.1540400815187013, 25.00000000000001066 ) ) ;
#2584 = DIRECTION ( 'NONE',  ( -0.000000000000000000, 0.000000000000000000, 1.000000000000000000 ) ) ;
#2585 = CARTESIAN_POINT ( 'NONE',  ( 98.83438091582119966, 347.5457982217336053, -25.00000000000002132 ) ) ;
#2586 = AXIS2_PLACEMENT_3D ( 'NONE', #3458, #838, #6028 ) ;
#2587 = AXIS2_PLACEMENT_3D ( 'NONE', #915, #7981, #2185 ) ;
#2588 = ORIENTED_EDGE ( 'NONE', *, *, #7341, .T. ) ;
#2589 = CARTESIAN_POINT ( 'NONE',  ( 86.64762311200826161, 319.2943411640218301, 20.41264202262125593 ) ) ;
#2590 = DIRECTION ( 'NONE',  ( 0.000000000000000000, 0.000000000000000000, -1.000000000000000000 ) ) ;
#2591 = AXIS2_PLACEMENT_3D ( 'NONE', #7287, #7968, #258 ) ;
#2592 = AXIS2_PLACEMENT_3D ( 'NONE', #7100, #619, #1230 ) ;
#2593 = ORIENTED_EDGE ( 'NONE', *, *, #7197, .T. ) ;
#2594 = CARTESIAN_POINT ( 'NONE',  ( 79.36016518601631731, 436.2938260559598120, -26.86603250055697956 ) ) ;
#2595 = DIRECTION ( 'NONE',  ( 1.000000000000000000, 1.067522139062606101E-14, 0.000000000000000000 ) ) ;
#2596 = LINE ( 'NONE', #1998, #1326 ) ;
#2597 = DIRECTION ( 'NONE',  ( -0.000000000000000000, -0.000000000000000000, -1.000000000000000000 ) ) ;
#2598 = ORIENTED_EDGE ( 'NONE', *, *, #5040, .T. ) ;
#2599 = CIRCLE ( 'NONE', #3662, 4.999999999999984013 ) ;
#2600 = EDGE_LOOP ( 'NONE', ( #5041, #2703, #5202, #5044 ) ) ;
#2601 = EDGE_CURVE ( 'NONE', #873, #6299, #6633, .T. ) ;
#2602 = ADVANCED_FACE ( 'NONE', ( #404 ), #3581, .T. ) ;
#2603 = CARTESIAN_POINT ( 'NONE',  ( 78.72528706155775069, 438.7931672467568092, 23.32808624198677094 ) ) ;
#2604 = ORIENTED_EDGE ( 'NONE', *, *, #3836, .F. ) ;
#2605 = CARTESIAN_POINT ( 'NONE',  ( -79.54417223461000219, 433.6905478421266480, -27.26968402988873663 ) ) ;
#2606 = ORIENTED_EDGE ( 'NONE', *, *, #4385, .F. ) ;
#2607 = DIRECTION ( 'NONE',  ( -0.000000000000000000, -0.000000000000000000, -1.000000000000000000 ) ) ;
#2608 = VECTOR ( 'NONE', #947, 1000.000000000000000 ) ;
#2609 = CARTESIAN_POINT ( 'NONE',  ( -81.00000000000000000, 0.000000000000000000, 24.99999999999999645 ) ) ;
#2610 = VECTOR ( 'NONE', #3431, 1000.000000000000000 ) ;
#2611 = CARTESIAN_POINT ( 'NONE',  ( -88.20312078213356699, 306.0484101255269138, 12.01145502666350673 ) ) ;
#2612 = CARTESIAN_POINT ( 'NONE',  ( 77.10260923060847915, 447.9619604656319325, -13.38071272768902809 ) ) ;
#2613 = EDGE_CURVE ( 'NONE', #5348, #3328, #8253, .T. ) ;
#2614 = CONICAL_SURFACE ( 'NONE', #2474, 7.999999999999840128, 0.7853981633974712606 ) ;
#2616 = ADVANCED_FACE ( 'NONE', ( #6151 ), #1564, .F. ) ;
#2615 = ORIENTED_EDGE ( 'NONE', *, *, #6754, .F. ) ;
#2617 = LINE ( 'NONE', #5176, #5844 ) ;
#2618 = B_SPLINE_CURVE_WITH_KNOTS ( 'NONE', 3,
 ( #3313, #4611, #128, #2163, #3350, #1415, #7278, #1498, #4771, #5242 ),
 .UNSPECIFIED., .F., .F.,
 ( 4, 2, 2, 2, 4 ),
 ( 0.000000000000000000, 0.003991440714061988103, 0.007982881428123976206, 0.01197432214218596344, 0.01596576285624795241 ),
 .UNSPECIFIED. ) ;
#2619 = LINE ( 'NONE', #4539, #1501 ) ;
#2620 = EDGE_LOOP ( 'NONE', ( #7885, #4368, #7264, #3220 ) ) ;
#2621 = SHAPE_DEFINITION_REPRESENTATION ( #2366, #8324 ) ;
#2622 = DIRECTION ( 'NONE',  ( 0.9902680687415702510, -0.1391731009600660485, 2.312964634635742267E-15 ) ) ;
#2623 = AXIS2_PLACEMENT_3D ( 'NONE', #2484, #3874, #8360 ) ;
#2624 = CARTESIAN_POINT ( 'NONE',  ( 79.00000000000000000, 446.6320201490437967, 21.46446609406710593 ) ) ;
#2625 = ORIENTED_EDGE ( 'NONE', *, *, #8124, .T. ) ;
#2627 = EDGE_CURVE ( 'NONE', #1525, #4189, #1775, .T. ) ;
#2626 = ORIENTED_EDGE ( 'NONE', *, *, #8177, .F. ) ;
#2628 = LINE ( 'NONE', #7056, #164 ) ;
#2629 = CIRCLE ( 'NONE', #6120, 403.0000000000167688 ) ;
#2630 = ORIENTED_EDGE ( 'NONE', *, *, #1568, .T. ) ;
#2631 = DIRECTION ( 'NONE',  ( 2.009438925630560469E-14, -1.000000000000000000, 0.000000000000000000 ) ) ;
#2632 = DIRECTION ( 'NONE',  ( 0.000000000000000000, -0.000000000000000000, -1.000000000000000000 ) ) ;
#2633 = CARTESIAN_POINT ( 'NONE',  ( -290.9999999983658086, 204.1311561622549107, 30.00000000000000000 ) ) ;
#2634 = DIRECTION ( 'NONE',  ( -1.224646799147353207E-16, -1.000000000000000000, -0.000000000000000000 ) ) ;
#2635 = ADVANCED_FACE ( 'NONE', ( #4920 ), #4885, .F. ) ;
#2636 = CARTESIAN_POINT ( 'NONE',  ( 84.00000000000000000, 538.9999999999998863, -24.99999999999999645 ) ) ;
#2637 = DIRECTION ( 'NONE',  ( 0.9902680687415703620, 0.1391731009600660485, 0.000000000000000000 ) ) ;
#2638 = EDGE_CURVE ( 'NONE', #1552, #5895, #7436, .T. ) ;
#2639 = VERTEX_POINT ( 'NONE', #6798 ) ;
#2640 = DIRECTION ( 'NONE',  ( 1.000000000000000000, -0.000000000000000000, 0.000000000000000000 ) ) ;
#2641 = CYLINDRICAL_SURFACE ( 'NONE', #2028, 98.96000000000141483 ) ;
#2642 = EDGE_LOOP ( 'NONE', ( #449, #3670, #771, #6456 ) ) ;
#2643 = CARTESIAN_POINT ( 'NONE',  ( 75.89773867770028914, 434.6540170217464265, -24.15471000070290586 ) ) ;
#2644 = DIRECTION ( 'NONE',  ( -1.000000000000000000, -1.023284752087778828E-15, -0.000000000000000000 ) ) ;
#2645 = CARTESIAN_POINT ( 'NONE',  ( 290.9999999983658086, 204.1311561622549107, 24.99999999999999645 ) ) ;
#2646 = B_SPLINE_CURVE_WITH_KNOTS ( 'NONE', 3,
 ( #4405, #1930, #562, #1263 ),
 .UNSPECIFIED., .F., .F.,
 ( 4, 4 ),
 ( 0.000000000000000000, 0.001371055314122821651 ),
 .UNSPECIFIED. ) ;
#2647 = EDGE_LOOP ( 'NONE', ( #1073, #3629, #2533, #1149, #9, #86, #1844, #6362 ) ) ;
#2648 = CARTESIAN_POINT ( 'NONE',  ( 85.61960399229540997, 327.2390016671438389, -25.97677749543322889 ) ) ;
#2649 = ORIENTED_EDGE ( 'NONE', *, *, #4505, .F. ) ;
#2650 = DIRECTION ( 'NONE',  ( -0.000000000000000000, 0.000000000000000000, 1.000000000000000000 ) ) ;
#2651 = ORIENTED_EDGE ( 'NONE', *, *, #7884, .T. ) ;
#2652 = CARTESIAN_POINT ( 'NONE',  ( -114.9999999999999858, 204.1299999999999670, 24.99999999999999645 ) ) ;
#2653 = FACE_OUTER_BOUND ( 'NONE', #153, .T. ) ;
#2654 = CARTESIAN_POINT ( 'NONE',  ( -85.47013618477183172, 315.9033754974092858, 17.59761431241740581 ) ) ;
#2655 = EDGE_CURVE ( 'NONE', #5081, #3920, #6073, .T. ) ;
#2656 = CARTESIAN_POINT ( 'NONE',  ( 76.94625807617751434, 447.2654566165810479, -14.67759835531501444 ) ) ;
#2657 = ORIENTED_EDGE ( 'NONE', *, *, #2579, .F. ) ;
#2658 = DIRECTION ( 'NONE',  ( -0.9902680687415703620, -0.1391731009600660485, 0.000000000000000000 ) ) ;
#2659 = DIRECTION ( 'NONE',  ( -0.000000000000000000, 0.000000000000000000, 1.000000000000000000 ) ) ;
#2660 = VERTEX_POINT ( 'NONE', #3037 ) ;
#2661 = CARTESIAN_POINT ( 'NONE',  ( 79.00000000000000000, 444.7029275826948833, -19.00627177607261586 ) ) ;
#2662 = EDGE_CURVE ( 'NONE', #1768, #7676, #902, .T. ) ;
#2663 = EDGE_CURVE ( 'NONE', #5412, #1229, #4996, .T. ) ;
#2664 = DIRECTION ( 'NONE',  ( 1.000000000000000000, 0.000000000000000000, 0.000000000000000000 ) ) ;
#2665 = VERTEX_POINT ( 'NONE', #3503 ) ;
#2666 = CIRCLE ( 'NONE', #3058, 5.000000000000002665 ) ;
#2667 = CARTESIAN_POINT ( 'NONE',  ( -79.00000000000000000, 446.6320201490468094, 21.46446609406475048 ) ) ;
#2668 = EDGE_LOOP ( 'NONE', ( #7502, #5264, #8382, #597, #6486, #7353, #998 ) ) ;
#2669 = CIRCLE ( 'NONE', #5213, 5.000000000000000888 ) ;
#2670 = CARTESIAN_POINT ( 'NONE',  ( 104.0000000000035385, 204.1300253685548114, 24.99999999999999645 ) ) ;
#2671 = FACE_OUTER_BOUND ( 'NONE', #298, .T. ) ;
#2672 = DIRECTION ( 'NONE',  ( -0.1391731009596216817, 0.9902680687416326455, -0.000000000000000000 ) ) ;
#2673 = EDGE_CURVE ( 'NONE', #5793, #6547, #6433, .T. ) ;
#2674 = CARTESIAN_POINT ( 'NONE',  ( -85.34987383672238082, 326.8538319979680296, 23.64097669712202077 ) ) ;
#2675 = CIRCLE ( 'NONE', #7390, 2.999999999999999112 ) ;
#2676 = CARTESIAN_POINT ( 'NONE',  ( -100.8149170533042565, 347.8241444236542748, -24.99999999999999289 ) ) ;
#2677 = CARTESIAN_POINT ( 'NONE',  ( 76.99418599966932675, 447.4797300728970981, 14.37914776000226524 ) ) ;
#2678 = EDGE_LOOP ( 'NONE', ( #7815, #25, #5624, #1225 ) ) ;
#2679 = CARTESIAN_POINT ( 'NONE',  ( 86.42632954317343774, 320.8689267231367808, 23.75884225380403691 ) ) ;
#2680 = CIRCLE ( 'NONE', #7936, 5.000000000000000888 ) ;
#2681 = EDGE_LOOP ( 'NONE', ( #7095, #1436, #1517, #4986 ) ) ;
#2682 = CARTESIAN_POINT ( 'NONE',  ( -88.62815925650296833, 305.2020942470044815, 11.98828968925079508 ) ) ;
#2683 = CARTESIAN_POINT ( 'NONE',  ( 76.16981043605302659, 442.3468960485330399, 19.10104025450731413 ) ) ;
#2684 = DIRECTION ( 'NONE',  ( -1.000000000000000000, 0.000000000000000000, 0.000000000000000000 ) ) ;
#2685 = CARTESIAN_POINT ( 'NONE',  ( -86.42633046053020962, 320.8689201958043213, 23.75883903480127302 ) ) ;
#2686 = AXIS2_PLACEMENT_3D ( 'NONE', #3304, #6510, #6638 ) ;
#2687 = ORIENTED_EDGE ( 'NONE', *, *, #6368, .T. ) ;
#2688 = DIRECTION ( 'NONE',  ( 2.009438925630560469E-14, -1.000000000000000000, 0.000000000000000000 ) ) ;
#2689 = CARTESIAN_POINT ( 'NONE',  ( -75.90687608415061050, 435.0423549267105727, -24.01192846950740645 ) ) ;
#2690 = VECTOR ( 'NONE', #3250, 1000.000000000000000 ) ;
#2691 = ORIENTED_EDGE ( 'NONE', *, *, #6605, .F. ) ;
#2692 = PLANE ( 'NONE',  #1219 ) ;
#2693 = CARTESIAN_POINT ( 'NONE',  ( -85.91496060409230040, 324.5736652630491790, 25.30330085889915637 ) ) ;
#2694 = CARTESIAN_POINT ( 'NONE',  ( -87.12279394107855524, 310.0673935405339989, 15.24444688947453486 ) ) ;
#2695 = CARTESIAN_POINT ( 'NONE',  ( -75.97681396330587233, 437.2194177352919837, -22.97960971636894811 ) ) ;
#2696 = ORIENTED_EDGE ( 'NONE', *, *, #796, .T. ) ;
#2697 = CARTESIAN_POINT ( 'NONE',  ( -83.65344563923022747, 345.4122569063989090, 27.49999999999995737 ) ) ;
#2698 = VECTOR ( 'NONE', #7663, 1000.000000000000000 ) ;
#2699 = CARTESIAN_POINT ( 'NONE',  ( 35.00000000000000000, 0.000000000000000000, -25.00000000000000000 ) ) ;
#2700 = EDGE_LOOP ( 'NONE', ( #1799, #1175, #8120, #2409 ) ) ;
#2701 = CARTESIAN_POINT ( 'NONE',  ( 8.673617379884035472E-16, 261.0399999999990541, 10.85786437626894774 ) ) ;
#2702 = CARTESIAN_POINT ( 'NONE',  ( 489.0000000000001137, 402.3800000000000523, -30.00000000000000355 ) ) ;
#2703 = ORIENTED_EDGE ( 'NONE', *, *, #3381, .F. ) ;
#2704 = EDGE_CURVE ( 'NONE', #2015, #3449, #960, .T. ) ;
#2705 = FACE_OUTER_BOUND ( 'NONE', #282, .T. ) ;
#2706 = EDGE_CURVE ( 'NONE', #403, #6687, #2047, .T. ) ;
#2707 = ORIENTED_EDGE ( 'NONE', *, *, #3164, .F. ) ;
#2708 = EDGE_CURVE ( 'NONE', #6506, #6142, #5636, .T. ) ;
#2709 = CARTESIAN_POINT ( 'NONE',  ( 133.9253964332667692, 18.82198700251879231, 27.99999999999999645 ) ) ;
#2710 = CIRCLE ( 'NONE', #1357, 405.0000000000001137 ) ;
#2711 = CARTESIAN_POINT ( 'NONE',  ( 76.19132307818750860, 443.8574745705745954, 17.92893218813436462 ) ) ;
#2712 = CARTESIAN_POINT ( 'NONE',  ( -88.50665647306186656, 306.0666314735001947, -15.18316017833155129 ) ) ;
#2713 = CARTESIAN_POINT ( 'NONE',  ( 83.99999999999994316, 0.000000000000000000, -27.99999999999999645 ) ) ;
#2714 = FACE_OUTER_BOUND ( 'NONE', #1409, .T. ) ;
#2715 = CARTESIAN_POINT ( 'NONE',  ( 76.85084085987924141, 446.8388731916925849, 15.27198562902040457 ) ) ;
#2716 = VERTEX_POINT ( 'NONE', #7638 ) ;
#2717 = AXIS2_PLACEMENT_3D ( 'NONE', #1471, #4037, #3411 ) ;
#2719 = EDGE_CURVE ( 'NONE', #945, #5700, #688, .T. ) ;
#2718 = DIRECTION ( 'NONE',  ( 0.000000000000000000, 1.000000000000000000, 0.000000000000000000 ) ) ;
#2720 = EDGE_CURVE ( 'NONE', #1701, #8020, #567, .T. ) ;
#2721 = VERTEX_POINT ( 'NONE', #2402 ) ;
#2722 = CARTESIAN_POINT ( 'NONE',  ( -98.99999999999469935, 204.1300253685547261, -24.99999999999999289 ) ) ;
#2723 = CARTESIAN_POINT ( 'NONE',  ( 79.00000000000000000, 445.1384320575228344, 22.63657428085281254 ) ) ;
#2724 = VECTOR ( 'NONE', #7515, 1000.000000000000000 ) ;
#2725 = DIRECTION ( 'NONE',  ( 0.000000000000000000, 0.000000000000000000, 1.000000000000000000 ) ) ;
#2726 = CARTESIAN_POINT ( 'NONE',  ( -290.9999999983658086, 204.1311561622549107, 24.99999999999999645 ) ) ;
#2727 = EDGE_LOOP ( 'NONE', ( #1368, #4329 ) ) ;
#2728 = ORIENTED_EDGE ( 'NONE', *, *, #8030, .T. ) ;
#2729 = CARTESIAN_POINT ( 'NONE',  ( 103.9999999999988205, 2.089816482655758982E-12, 30.00000000000000000 ) ) ;
#2730 = PLANE ( 'NONE',  #134 ) ;
#2731 = ORIENTED_EDGE ( 'NONE', *, *, #7615, .F. ) ;
#2732 = CARTESIAN_POINT ( 'NONE',  ( -78.99999999999936051, 441.9174869739289306, 25.09941499071294757 ) ) ;
#2733 = CARTESIAN_POINT ( 'NONE',  ( 87.53387750344376173, 308.5604192658292959, -14.39149427251984292 ) ) ;
#2734 = CARTESIAN_POINT ( 'NONE',  ( -86.69346346182497598, 311.6195371245283354, 15.99926706743629090 ) ) ;
#2735 = AXIS2_PLACEMENT_3D ( 'NONE', #8012, #3563, #2217 ) ;
#2736 = PLANE ( 'NONE',  #3231 ) ;
#2737 = ADVANCED_FACE ( 'NONE', ( #6318 ), #5045, .F. ) ;
#2738 = EDGE_CURVE ( 'NONE', #5226, #8064, #4960, .T. ) ;
#2739 = ADVANCED_FACE ( 'NONE', ( #3076 ), #4457, .F. ) ;
#2740 = ORIENTED_EDGE ( 'NONE', *, *, #2243, .T. ) ;
#2741 = DIRECTION ( 'NONE',  ( 0.000000000000000000, 1.000000000000000000, -0.000000000000000000 ) ) ;
#2742 = CIRCLE ( 'NONE', #7461, 5.000000000000000888 ) ;
#2743 = CIRCLE ( 'NONE', #5553, 5.000000000000000888 ) ;
#2744 = LINE ( 'NONE', #2699, #6620 ) ;
#2745 = ORIENTED_EDGE ( 'NONE', *, *, #5479, .F. ) ;
#2746 = CARTESIAN_POINT ( 'NONE',  ( 87.90694646030564741, 307.1689537262434442, 13.35547552290770490 ) ) ;
#2747 = FACE_OUTER_BOUND ( 'NONE', #3153, .T. ) ;
#2748 = CARTESIAN_POINT ( 'NONE',  ( 117.0000000016515571, 16.00000000000022737, 1.836970198721029589E-15 ) ) ;
#2749 = CIRCLE ( 'NONE', #8011, 5.000000000000000000 ) ;
#2750 = B_SPLINE_CURVE_WITH_KNOTS ( 'NONE', 3,
 ( #751, #5945, #7865, #68 ),
 .UNSPECIFIED., .F., .F.,
 ( 4, 4 ),
 ( 0.001371553582767544256, 0.009854670054012991398 ),
 .UNSPECIFIED. ) ;
#2751 = ORIENTED_EDGE ( 'NONE', *, *, #6932, .T. ) ;
#2752 = CARTESIAN_POINT ( 'NONE',  ( 130.9545922270418430, 18.40446769963992679, 30.00000000000000000 ) ) ;
#2753 = ORIENTED_EDGE ( 'NONE', *, *, #324, .F. ) ;
#2754 = DIRECTION ( 'NONE',  ( 1.000000000000000000, 2.220446049250311188E-14, 0.000000000000000000 ) ) ;
#2755 = CARTESIAN_POINT ( 'NONE',  ( 117.0000000016510597, 494.0000000000001137, 0.000000000000000000 ) ) ;
#2756 = CARTESIAN_POINT ( 'NONE',  ( 60.00000000000000711, 389.7200000000000273, -37.00000000000000711 ) ) ;
#2757 = CARTESIAN_POINT ( 'NONE',  ( 76.68913562334350331, 446.1133521699804874, 16.10289960176880797 ) ) ;
#2758 = EDGE_CURVE ( 'NONE', #5724, #8075, #7032, .T. ) ;
#2759 = TOROIDAL_SURFACE ( 'NONE', #7480, 413.6602540378445383, 5.000000000000000000 ) ;
#2760 = VERTEX_POINT ( 'NONE', #4333 ) ;
#2761 = CYLINDRICAL_SURFACE ( 'NONE', #8278, 389.9999999999878924 ) ;
#2762 = EDGE_LOOP ( 'NONE', ( #350, #5204, #7123, #4635 ) ) ;
#2763 = CARTESIAN_POINT ( 'NONE',  ( 79.66987298107780191, 429.3405386945350415, -27.50000000000000000 ) ) ;
#2764 = CARTESIAN_POINT ( 'NONE',  ( -79.00000000000000000, 451.5726532813967538, -14.91465725723850788 ) ) ;
#2765 = CARTESIAN_POINT ( 'NONE',  ( -98.99999999999998579, -59.00000000000001421, 24.99999999999999645 ) ) ;
#2766 = DIRECTION ( 'NONE',  ( 1.000000000000000000, -0.000000000000000000, 0.000000000000000000 ) ) ;
#2767 = EDGE_CURVE ( 'NONE', #4251, #868, #6356, .T. ) ;
#2768 = ORIENTED_EDGE ( 'NONE', *, *, #3416, .F. ) ;
#2769 = CARTESIAN_POINT ( 'NONE',  ( 85.09544648774797793, 328.1186127704539217, -23.97240719301015943 ) ) ;
#2770 = CARTESIAN_POINT ( 'NONE',  ( 75.89579195060240124, 434.5827097810482087, -24.17964799972057577 ) ) ;
#2771 = VERTEX_POINT ( 'NONE', #7598 ) ;
#2772 = CARTESIAN_POINT ( 'NONE',  ( -98.99999999999907629, -13.99999999999999467, 0.000000000000000000 ) ) ;
#2773 = CARTESIAN_POINT ( 'NONE',  ( -82.26973845015893971, 332.2086862030568568, 24.04006145833462327 ) ) ;
#2774 = CARTESIAN_POINT ( 'NONE',  ( -85.91496060409237145, 324.5736652630487811, -25.30330085889911018 ) ) ;
#2775 = CARTESIAN_POINT ( 'NONE',  ( -76.19132307818804861, 443.8574745705770397, 17.92893218813278722 ) ) ;
#2776 = DIRECTION ( 'NONE',  ( -0.7071067811865312525, 8.659560562355131306E-17, -0.7071067811865637820 ) ) ;
#2777 = ADVANCED_FACE ( 'NONE', ( #3704 ), #6405, .F. ) ;
#2778 = ORIENTED_EDGE ( 'NONE', *, *, #680, .F. ) ;
#2779 = ORIENTED_EDGE ( 'NONE', *, *, #1151, .T. ) ;
#2780 = LINE ( 'NONE', #2820, #4896 ) ;
#2781 = CARTESIAN_POINT ( 'NONE',  ( 79.00000000000000000, 446.6320201490439104, -21.46446609406715567 ) ) ;
#2782 = ORIENTED_EDGE ( 'NONE', *, *, #325, .T. ) ;
#2783 = CARTESIAN_POINT ( 'NONE',  ( 117.0000000016515713, 1.000000000000225597, 0.000000000000000000 ) ) ;
#2784 = DIRECTION ( 'NONE',  ( -0.000000000000000000, -0.000000000000000000, -1.000000000000000000 ) ) ;
#2785 = ORIENTED_EDGE ( 'NONE', *, *, #6332, .F. ) ;
#2786 = CARTESIAN_POINT ( 'NONE',  ( -79.00000000000001421, 450.1611994100109655, 17.70304050372728710 ) ) ;
#2787 = ORIENTED_EDGE ( 'NONE', *, *, #5220, .F. ) ;
#2788 = B_SPLINE_CURVE_WITH_KNOTS ( 'NONE', 3,
 ( #5758, #2395, #5128, #5670 ),
 .UNSPECIFIED., .F., .F.,
 ( 4, 4 ),
 ( 0.0009713034142910008861, 0.006667001402730559495 ),
 .UNSPECIFIED. ) ;
#2789 = CYLINDRICAL_SURFACE ( 'NONE', #3255, 3.000000000000002665 ) ;
#2790 = CARTESIAN_POINT ( 'NONE',  ( -83.93619253030740879, 324.8289773764713004, -21.46446609407432504 ) ) ;
#2791 = CARTESIAN_POINT ( 'NONE',  ( -82.26725572997303004, 332.2019252942845355, 24.02079000205565862 ) ) ;
#2792 = LINE ( 'NONE', #1441, #389 ) ;
#2793 = AXIS2_PLACEMENT_3D ( 'NONE', #1369, #5317, #1496 ) ;
#2794 = EDGE_LOOP ( 'NONE', ( #5097, #7913 ) ) ;
#2795 = CARTESIAN_POINT ( 'NONE',  ( 35.00000000000000000, 377.7200000000000273, -49.00000000000000000 ) ) ;
#2796 = EDGE_CURVE ( 'NONE', #1907, #4152, #2995, .T. ) ;
#2797 = ORIENTED_EDGE ( 'NONE', *, *, #317, .T. ) ;
#2798 = AXIS2_PLACEMENT_3D ( 'NONE', #7783, #754, #4554 ) ;
#2799 = ORIENTED_EDGE ( 'NONE', *, *, #4471, .T. ) ;
#2800 = CARTESIAN_POINT ( 'NONE',  ( -91.99999999999985789, 402.3799999999999955, 24.99999999999999645 ) ) ;
#2801 = CARTESIAN_POINT ( 'NONE',  ( -79.00000000000000000, 450.1724379889070065, -17.68601611373377480 ) ) ;
#2802 = LINE ( 'NONE', #2765, #7664 ) ;
#2803 = CARTESIAN_POINT ( 'NONE',  ( 8.673617379884035472E-16, 261.0399999999990541, -22.07106781186546485 ) ) ;
#2804 = EDGE_LOOP ( 'NONE', ( #576, #8046, #8265, #3775 ) ) ;
#2805 = AXIS2_PLACEMENT_3D ( 'NONE', #2286, #1019, #7492 ) ;
#2807 = EDGE_CURVE ( 'NONE', #544, #5442, #4868, .T. ) ;
#2806 = CARTESIAN_POINT ( 'NONE',  ( 83.99999999999995737, 402.3800000000001091, 24.99999999999999645 ) ) ;
#2808 = EDGE_CURVE ( 'NONE', #5412, #2323, #3198, .T. ) ;
#2809 = DIRECTION ( 'NONE',  ( -0.000000000000000000, -1.000000000000000000, -0.000000000000000000 ) ) ;
#2810 = ORIENTED_EDGE ( 'NONE', *, *, #2407, .F. ) ;
#2811 = CARTESIAN_POINT ( 'NONE',  ( -78.99999999992085975, 443.1894917865420780, 20.17277105780638635 ) ) ;
#2812 = DIRECTION ( 'NONE',  ( -1.000000000000000000, 0.000000000000000000, 0.000000000000000000 ) ) ;
#2813 = CARTESIAN_POINT ( 'NONE',  ( -76.68913562334368805, 446.1133521699811695, 16.10289960176805835 ) ) ;
#2814 = AXIS2_PLACEMENT_3D ( 'NONE', #5680, #3161, #3750 ) ;
#2815 = CARTESIAN_POINT ( 'NONE',  ( -79.03043414218153373, 440.5809101759177224, 25.65258166846723142 ) ) ;
#2816 = CARTESIAN_POINT ( 'NONE',  ( -78.95051410230610145, 439.9531412019305208, 22.67297622109095556 ) ) ;
#2817 = ORIENTED_EDGE ( 'NONE', *, *, #8074, .T. ) ;
#2818 = DIRECTION ( 'NONE',  ( -0.9902680687415226224, 0.1391731009604046665, 0.000000000000000000 ) ) ;
#2819 = VECTOR ( 'NONE', #957, 1000.000000000000114 ) ;
#2820 = CARTESIAN_POINT ( 'NONE',  ( -100.9999999999988063, 2.029533314886842209E-12, 24.99999999999999645 ) ) ;
#2821 = EDGE_CURVE ( 'NONE', #2837, #6611, #7048, .T. ) ;
#2822 = CARTESIAN_POINT ( 'NONE',  ( -84.00000000000000000, 538.9999999999998863, 27.99999999999999645 ) ) ;
#2823 = B_SPLINE_CURVE_WITH_KNOTS ( 'NONE', 3,
 ( #932, #2208, #293, #5486, #1540, #1620, #6003, #3514, #978, #1499 ),
 .UNSPECIFIED., .F., .F.,
 ( 4, 2, 2, 2, 4 ),
 ( 3.469446951953614189E-18, 0.003986493278621784306, 0.007972986557243565142, 0.01195947983586534598, 0.01594597311448712681 ),
 .UNSPECIFIED. ) ;
#2824 = ORIENTED_EDGE ( 'NONE', *, *, #599, .T. ) ;
#2825 = CARTESIAN_POINT ( 'NONE',  ( 60.00000000000000711, 377.7200000000000273, -49.00000000000000000 ) ) ;
#2826 = DIRECTION ( 'NONE',  ( -0.000000000000000000, -0.000000000000000000, -1.000000000000000000 ) ) ;
#2827 = PLANE ( 'NONE',  #239 ) ;
#2828 = CIRCLE ( 'NONE', #6455, 5.000000000000007994 ) ;
#2829 = AXIS2_PLACEMENT_3D ( 'NONE', #3523, #4904, #261 ) ;
#2830 = VERTEX_POINT ( 'NONE', #4503 ) ;
#2831 = CARTESIAN_POINT ( 'NONE',  ( -84.33645126425528815, 322.2510309575121710, 20.22330854791820798 ) ) ;
#2832 = AXIS2_PLACEMENT_3D ( 'NONE', #4238, #5417, #6175 ) ;
#2833 = EDGE_LOOP ( 'NONE', ( #3464, #5661, #662, #5048 ) ) ;
#2834 = CARTESIAN_POINT ( 'NONE',  ( 117.0000000016515855, 377.7200000000000273, -37.00000000000000711 ) ) ;
#2835 = CARTESIAN_POINT ( 'NONE',  ( 77.21739130434782794, 448.4714566206622521, 10.85786437626888379 ) ) ;
#2836 = CARTESIAN_POINT ( 'NONE',  ( 74.00000000000000000, 446.6320201490437967, 21.46446609406713790 ) ) ;
#2837 = VERTEX_POINT ( 'NONE', #7092 ) ;
#2838 = DIRECTION ( 'NONE',  ( -1.000000000000000000, -1.023284752087778828E-15, -0.000000000000000000 ) ) ;
#2839 = EDGE_CURVE ( 'NONE', #2863, #3586, #7720, .T. ) ;
#2840 = TOROIDAL_SURFACE ( 'NONE', #5792, 394.9999999999878924, 3.000000000000000000 ) ;
#2841 = ORIENTED_EDGE ( 'NONE', *, *, #626, .T. ) ;
#2842 = CARTESIAN_POINT ( 'NONE',  ( -87.94143215966393257, 346.0148941111733052, 27.99999999999999645 ) ) ;
#2843 = DIRECTION ( 'NONE',  ( 0.000000000000000000, 0.000000000000000000, 1.000000000000000000 ) ) ;
#2844 = CARTESIAN_POINT ( 'NONE',  ( -99.00000000162212643, 204.1311561622549107, 30.00000000000000000 ) ) ;
#2845 = VECTOR ( 'NONE', #99, 1000.000000000000000 ) ;
#2846 = ORIENTED_EDGE ( 'NONE', *, *, #1764, .T. ) ;
#2847 = CARTESIAN_POINT ( 'NONE',  ( 84.17419972766283820, 341.7068990327451843, -27.50000000000000355 ) ) ;
#2848 = CARTESIAN_POINT ( 'NONE',  ( -85.49912105154795938, 315.8047877037105877, -17.56769493709213137 ) ) ;
#2849 = VERTEX_POINT ( 'NONE', #5596 ) ;
#2850 = DIRECTION ( 'NONE',  ( 1.000000000000000000, 0.000000000000000000, 0.000000000000000000 ) ) ;
#2851 = PLANE ( 'NONE',  #5279 ) ;
#2852 = CARTESIAN_POINT ( 'NONE',  ( -82.54526474225582433, 330.9545505430340882, -23.70749368570220028 ) ) ;
#2853 = DIRECTION ( 'NONE',  ( -0.000000000000000000, -0.000000000000000000, -1.000000000000000000 ) ) ;
#2854 = DIRECTION ( 'NONE',  ( -0.000000000000000000, -1.000000000000000000, 0.000000000000000000 ) ) ;
#2855 = EDGE_CURVE ( 'NONE', #4389, #3328, #2184, .T. ) ;
#2856 = ADVANCED_FACE ( 'NONE', ( #2021 ), #7817, .F. ) ;
#2857 = AXIS2_PLACEMENT_3D ( 'NONE', #2236, #2950, #6755 ) ;
#2858 = AXIS2_PLACEMENT_3D ( 'NONE', #5425, #6107, #4283 ) ;
#2859 = ORIENTED_EDGE ( 'NONE', *, *, #4751, .T. ) ;
#2860 = DIRECTION ( 'NONE',  ( -1.000000000000000000, 1.015794745118904431E-15, 0.000000000000000000 ) ) ;
#2861 = CARTESIAN_POINT ( 'NONE',  ( 85.60672428260809852, 327.3753040773211751, -26.00839964180351416 ) ) ;
#2862 = CARTESIAN_POINT ( 'NONE',  ( -76.19132307818755123, 443.8574745705746523, -17.92893218813444633 ) ) ;
#2863 = VERTEX_POINT ( 'NONE', #6542 ) ;
#2864 = CARTESIAN_POINT ( 'NONE',  ( -489.0000000000001137, 402.3800000000000523, 27.50000000000272848 ) ) ;
#2865 = VECTOR ( 'NONE', #7002, 1000.000000000000000 ) ;
#2866 = LINE ( 'NONE', #5548, #6499 ) ;
#2867 = AXIS2_PLACEMENT_3D ( 'NONE', #2930, #3480, #3521 ) ;
#2868 = DIRECTION ( 'NONE',  ( 0.9902680687415233995, 0.1391731009603991709, 0.000000000000000000 ) ) ;
#2869 = CARTESIAN_POINT ( 'NONE',  ( -84.00000000000000000, 0.000000000000000000, -30.00000000000000000 ) ) ;
#2870 = EDGE_CURVE ( 'NONE', #1671, #1797, #5857, .T. ) ;
#2871 = EDGE_LOOP ( 'NONE', ( #6598, #452, #6853, #7202 ) ) ;
#2872 = DIRECTION ( 'NONE',  ( -1.000000000000000000, -1.023284752087778828E-15, -0.000000000000000000 ) ) ;
#2873 = VERTEX_POINT ( 'NONE', #3295 ) ;
#2874 = CARTESIAN_POINT ( 'NONE',  ( 103.9999999999988205, 2.089816482655758982E-12, 24.99999999999999645 ) ) ;
#2875 = DIRECTION ( 'NONE',  ( 0.000000000000000000, 0.000000000000000000, 1.000000000000000000 ) ) ;
#2876 = AXIS2_PLACEMENT_3D ( 'NONE', #6178, #4824, #1033 ) ;
#2877 = DIRECTION ( 'NONE',  ( 0.000000000000000000, 1.000000000000000000, 0.000000000000000000 ) ) ;
#2878 = EDGE_CURVE ( 'NONE', #7769, #2067, #3329, .T. ) ;
#2879 = ORIENTED_EDGE ( 'NONE', *, *, #4751, .F. ) ;
#2880 = LINE ( 'NONE', #3428, #3958 ) ;
#2881 = AXIS2_PLACEMENT_3D ( 'NONE', #4139, #926, #6079 ) ;
#2882 =( BOUNDED_SURFACE ( )  B_SPLINE_SURFACE ( 3, 2, ( 
 ( #5271, #73, #7313 ),
 ( #7228, #2674, #5232 ),
 ( #797, #1530, #2074 ),
 ( #7830, #3383, #1486 ),
 ( #756, #842, #5909 ),
 ( #5951, #196, #2791 ),
 ( #7356, #5598, #1650 ),
 ( #4296, #3000, #7483 ),
 ( #5519, #8118, #3546 ),
 ( #2319, #1012, #4219 ),
 ( #4844, #4887, #2200 ),
 ( #4922, #6879, #3626 ),
 ( #1090, #8035, #1729 ),
 ( #4763, #3505, #4798 ) ),
 .UNSPECIFIED., .F., .F., .T. ) 
 B_SPLINE_SURFACE_WITH_KNOTS ( ( 4, 2, 2, 2, 2, 2, 4 ),
 ( 3, 3 ),
 ( 0.09583169882665004691, 0.1002861278475742635, 0.1025133423580363717, 0.1047405568684984800, 0.1091949858894226966, 0.1114222003998848048, 0.1136494149103469131 ),
 ( 0.000000000000000000, 1.000000000000000000 ),
 .UNSPECIFIED. ) 
 GEOMETRIC_REPRESENTATION_ITEM ( )  RATIONAL_B_SPLINE_SURFACE ( (
 ( 1.000000000000000000, 0.9097484390951027233, 1.000000000000000000),
 ( 1.000000000000000000, 0.9112201398998394097, 1.000000000000000000),
 ( 1.000000000000000000, 0.9121932535330636860, 1.000000000000000000),
 ( 1.000000000000000000, 0.9121056198408574733, 1.000000000000000000),
 ( 1.000000000000000000, 0.9118134975430917111, 1.000000000000000000),
 ( 1.000000000000000000, 0.9105506122000451841, 1.000000000000000000),
 ( 1.000000000000000000, 0.9095796889064561297, 1.000000000000000000),
 ( 1.000000000000000000, 0.9054043866892410586, 1.000000000000000000),
 ( 1.000000000000000000, 0.9009410998485044564, 1.000000000000000000),
 ( 1.000000000000000000, 0.8906920733357217568, 1.000000000000000000),
 ( 1.000000000000000000, 0.8866655445203731611, 1.000000000000000000),
 ( 1.000000000000000000, 0.8773273200574950303, 1.000000000000000000),
 ( 1.000000000000000000, 0.8720253063087118894, 1.000000000000000000),
 ( 1.000000000000000000, 0.8660254037844388186, 1.000000000000000000) ) ) 
 REPRESENTATION_ITEM ( '' )  SURFACE ( )  );
#2883 = ORIENTED_EDGE ( 'NONE', *, *, #7239, .T. ) ;
#2884 = CARTESIAN_POINT ( 'NONE',  ( -88.20444217679309418, 306.0434075515287304, 11.98855632418830197 ) ) ;
#2885 = FACE_OUTER_BOUND ( 'NONE', #7157, .T. ) ;
#2886 = LINE ( 'NONE', #6888, #6718 ) ;
#2887 = DIRECTION ( 'NONE',  ( -0.000000000000000000, -0.000000000000000000, -1.000000000000000000 ) ) ;
#2888 = EDGE_CURVE ( 'NONE', #4948, #5512, #2064, .T. ) ;
#2889 = AXIS2_PLACEMENT_3D ( 'NONE', #7822, #7263, #6546 ) ;
#2890 = AXIS2_PLACEMENT_3D ( 'NONE', #6854, #2254, #3053 ) ;
#2891 = ORIENTED_EDGE ( 'NONE', *, *, #2601, .T. ) ;
#2892 = ORIENTED_EDGE ( 'NONE', *, *, #4768, .F. ) ;
#2893 = CARTESIAN_POINT ( 'NONE',  ( -85.92402627970767526, 324.4430001554675300, 22.81358465600793295 ) ) ;
#2894 = CIRCLE ( 'NONE', #1941, 5.000000000000002665 ) ;
#2895 = DIRECTION ( 'NONE',  ( 1.000000000000000000, 0.000000000000000000, 0.000000000000000000 ) ) ;
#2896 = ORIENTED_EDGE ( 'NONE', *, *, #6940, .T. ) ;
#2897 = FACE_OUTER_BOUND ( 'NONE', #5772, .T. ) ;
#2898 = LINE ( 'NONE', #301, #6503 ) ;
#2899 = CARTESIAN_POINT ( 'NONE',  ( -114.9999999999999858, 0.000000000000000000, 24.99999999999999645 ) ) ;
#2900 = CARTESIAN_POINT ( 'NONE',  ( -79.00000000000000000, 442.1664864017459422, 24.99999999999999645 ) ) ;
#2901 = CARTESIAN_POINT ( 'NONE',  ( 117.0000000000000000, -59.00000000000001421, -24.99999999999999289 ) ) ;
#2902 = VERTEX_POINT ( 'NONE', #1394 ) ;
#2903 = FACE_OUTER_BOUND ( 'NONE', #508, .T. ) ;
#2904 = CARTESIAN_POINT ( 'NONE',  ( -115.0000000016510029, 204.1311561622549107, 30.00000000000000000 ) ) ;
#2905 = ORIENTED_EDGE ( 'NONE', *, *, #7745, .T. ) ;
#2906 = DIRECTION ( 'NONE',  ( 0.7071067811865324737, 0.000000000000000000, -0.7071067811865626718 ) ) ;
#2907 = DIRECTION ( 'NONE',  ( -0.000000000000000000, -0.000000000000000000, -1.000000000000000000 ) ) ;
#2908 = DIRECTION ( 'NONE',  ( -0.000000000000000000, 0.000000000000000000, 1.000000000000000000 ) ) ;
#2909 = VERTEX_POINT ( 'NONE', #5221 ) ;
#2910 = CYLINDRICAL_SURFACE ( 'NONE', #4229, 391.9999999999878924 ) ;
#2911 = ORIENTED_EDGE ( 'NONE', *, *, #378, .F. ) ;
#2912 = ADVANCED_FACE ( 'NONE', ( #2747 ), #3370, .F. ) ;
#2913 = CARTESIAN_POINT ( 'NONE',  ( 117.0000000016515713, 1.000000000000225597, 0.000000000000000000 ) ) ;
#2914 = ADVANCED_FACE ( 'NONE', ( #3964 ), #1099, .T. ) ;
#2915 = CYLINDRICAL_SURFACE ( 'NONE', #1588, 5.000000000000004441 ) ;
#2916 = DIRECTION ( 'NONE',  ( 1.000000000000000000, 0.000000000000000000, 0.000000000000000000 ) ) ;
#2917 = ORIENTED_EDGE ( 'NONE', *, *, #3249, .T. ) ;
#2918 = FACE_OUTER_BOUND ( 'NONE', #1502, .T. ) ;
#2919 = ORIENTED_EDGE ( 'NONE', *, *, #7350, .F. ) ;
#2920 = EDGE_CURVE ( 'NONE', #2015, #1398, #5817, .T. ) ;
#2921 = DIRECTION ( 'NONE',  ( 0.1391731009596217095, -0.9902680687416327565, 0.000000000000000000 ) ) ;
#2922 = DIRECTION ( 'NONE',  ( -1.000000000000000000, 1.070773475526800059E-14, 0.000000000000000000 ) ) ;
#2923 = DIRECTION ( 'NONE',  ( -0.000000000000000000, 0.000000000000000000, 1.000000000000000000 ) ) ;
#2924 = FACE_OUTER_BOUND ( 'NONE', #6121, .T. ) ;
#2925 = ORIENTED_EDGE ( 'NONE', *, *, #3744, .F. ) ;
#2926 = PLANE ( 'NONE',  #4180 ) ;
#2927 = CARTESIAN_POINT ( 'NONE',  ( -86.33035619158941643, 312.9057462063559001, -16.51674501565378250 ) ) ;
#2928 = ORIENTED_EDGE ( 'NONE', *, *, #1615, .T. ) ;
#2929 = FACE_OUTER_BOUND ( 'NONE', #7080, .T. ) ;
#2930 = CARTESIAN_POINT ( 'NONE',  ( 117.0000000016515855, 389.7200000000000273, -37.00000000000000711 ) ) ;
#2931 = CARTESIAN_POINT ( 'NONE',  ( 79.00000000000001421, 450.1611994100097718, 17.70304050372915583 ) ) ;
#2932 = CARTESIAN_POINT ( 'NONE',  ( -79.00000000000723333, 449.8341583063490248, 12.51822308832717923 ) ) ;
#2933 = CARTESIAN_POINT ( 'NONE',  ( -79.00000000000017053, 441.9154090435906710, 25.10024462080709640 ) ) ;
#2934 = AXIS2_PLACEMENT_3D ( 'NONE', #1267, #3667, #3838 ) ;
#2935 = ORIENTED_EDGE ( 'NONE', *, *, #6712, .F. ) ;
#2936 = EDGE_CURVE ( 'NONE', #7974, #5432, #5940, .T. ) ;
#2937 = DIRECTION ( 'NONE',  ( 0.000000000000000000, 1.000000000000000000, 0.000000000000000000 ) ) ;
#2938 = DIRECTION ( 'NONE',  ( -0.000000000000000000, -0.000000000000000000, -1.000000000000000000 ) ) ;
#2939 = DIRECTION ( 'NONE',  ( 0.000000000000000000, 0.000000000000000000, -1.000000000000000000 ) ) ;
#2940 = AXIS2_PLACEMENT_3D ( 'NONE', #6648, #2684, #2843 ) ;
#2941 = ORIENTED_EDGE ( 'NONE', *, *, #7209, .F. ) ;
#2942 = DIRECTION ( 'NONE',  ( -0.000000000000000000, -0.000000000000000000, -1.000000000000000000 ) ) ;
#2943 = LINE ( 'NONE', #3614, #4326 ) ;
#2944 = CARTESIAN_POINT ( 'NONE',  ( 86.64762311201529599, 319.2943411640158047, -20.41264202257042726 ) ) ;
#2945 = FACE_BOUND ( 'NONE', #8229, .T. ) ;
#2946 = TOROIDAL_SURFACE ( 'NONE', #232, 397.0000000000002274, 3.000000000000000000 ) ;
#2947 = ORIENTED_EDGE ( 'NONE', *, *, #4220, .T. ) ;
#2948 = CARTESIAN_POINT ( 'NONE',  ( -85.36157384111895396, 330.2148405793598727, -26.57773229540853777 ) ) ;
#2949 = EDGE_LOOP ( 'NONE', ( #5671, #125, #781, #4394 ) ) ;
#2950 = DIRECTION ( 'NONE',  ( -1.000000000000000000, -0.000000000000000000, -0.000000000000000000 ) ) ;
#2951 = VECTOR ( 'NONE', #4460, 1000.000000000000000 ) ;
#2952 = CARTESIAN_POINT ( 'NONE',  ( 79.00000000000000000, 452.2987785557373854, 10.85786437626888556 ) ) ;
#2953 = FACE_OUTER_BOUND ( 'NONE', #8185, .T. ) ;
#2954 = EDGE_CURVE ( 'NONE', #5288, #5556, #5985, .T. ) ;
#2955 = TOROIDAL_SURFACE ( 'NONE', #4833, 403.0000000000167688, 5.000000000000000000 ) ;
#2956 = EDGE_CURVE ( 'NONE', #1443, #5977, #4001, .T. ) ;
#2957 = ORIENTED_EDGE ( 'NONE', *, *, #8022, .T. ) ;
#2958 = CIRCLE ( 'NONE', #4701, 5.000000000000010658 ) ;
#2959 = CARTESIAN_POINT ( 'NONE',  ( 85.09534728754844934, 328.1191338813322318, 23.97253161171666136 ) ) ;
#2960 = EDGE_LOOP ( 'NONE', ( #4663, #4047, #1815, #5726 ) ) ;
#2961 = CARTESIAN_POINT ( 'NONE',  ( -87.59352033484951505, 308.3385890437006651, 14.23926849795495286 ) ) ;
#2962 = CARTESIAN_POINT ( 'NONE',  ( 85.49912105156467135, 315.8047877036848945, -17.56769493709198926 ) ) ;
#2963 = DIRECTION ( 'NONE',  ( -0.000000000000000000, -0.000000000000000000, -1.000000000000000000 ) ) ;
#2964 = VECTOR ( 'NONE', #6447, 1000.000000000000000 ) ;
#2965 = DIRECTION ( 'NONE',  ( -0.000000000000000000, 0.000000000000000000, 1.000000000000000000 ) ) ;
#2966 = CIRCLE ( 'NONE', #5925, 5.000000000000010658 ) ;
#2967 = ADVANCED_FACE ( 'NONE', ( #7902 ), #2104, .F. ) ;
#2968 = ADVANCED_FACE ( 'NONE', ( #5340 ), #7851, .F. ) ;
#2969 = ORIENTED_EDGE ( 'NONE', *, *, #3839, .F. ) ;
#2970 = AXIS2_PLACEMENT_3D ( 'NONE', #296, #5490, #4814 ) ;
#2971 = DIRECTION ( 'NONE',  ( 0.000000000000000000, 0.000000000000000000, -1.000000000000000000 ) ) ;
#2972 = CARTESIAN_POINT ( 'NONE',  ( 83.41860865371219802, 327.2453395506913125, 22.53162415362242044 ) ) ;
#2973 = ORIENTED_EDGE ( 'NONE', *, *, #2023, .F. ) ;
#2974 = DIRECTION ( 'NONE',  ( -0.1391731009596220703, -0.9902680687416326455, -0.000000000000000000 ) ) ;
#2975 = CARTESIAN_POINT ( 'NONE',  ( -97.00000000000000000, 538.9999999999998863, -24.99999999999999289 ) ) ;
#2976 = CARTESIAN_POINT ( 'NONE',  ( 79.00000000000000000, 452.2630266529302503, 11.90085879769753419 ) ) ;
#2977 = DIRECTION ( 'NONE',  ( -0.000000000000000000, 0.000000000000000000, 1.000000000000000000 ) ) ;
#2978 = EDGE_CURVE ( 'NONE', #1400, #1810, #6498, .T. ) ;
#2979 = ORIENTED_EDGE ( 'NONE', *, *, #490, .T. ) ;
#2980 = VECTOR ( 'NONE', #1401, 1000.000000000000000 ) ;
#2981 = CARTESIAN_POINT ( 'NONE',  ( -76.14881651623673520, 440.8428812786651747, -20.27938311978276786 ) ) ;
#2982 = CARTESIAN_POINT ( 'NONE',  ( 79.36545911879611026, 344.8096197016266160, -30.00000000000000355 ) ) ;
#2983 = LINE ( 'NONE', #3652, #6202 ) ;
#2984 = ORIENTED_EDGE ( 'NONE', *, *, #1852, .F. ) ;
#2985 = FACE_OUTER_BOUND ( 'NONE', #3427, .T. ) ;
#2986 = CARTESIAN_POINT ( 'NONE',  ( 96.99999999999997158, 509.0000000000001137, 0.000000000000000000 ) ) ;
#2987 = EDGE_CURVE ( 'NONE', #6221, #4934, #7445, .T. ) ;
#2988 = CARTESIAN_POINT ( 'NONE',  ( 84.74072730763529648, 319.6416370902153972, -19.04101216583735479 ) ) ;
#2989 = AXIS2_PLACEMENT_3D ( 'NONE', #8157, #322, #8032 ) ;
#2990 = PLANE ( 'NONE',  #5364 ) ;
#2991 = TOROIDAL_SURFACE ( 'NONE', #7308, 405.0000000000001137, 5.000000000000000000 ) ;
#2992 = EDGE_CURVE ( 'NONE', #5521, #7833, #6894, .T. ) ;
#2993 = ORIENTED_EDGE ( 'NONE', *, *, #2978, .F. ) ;
#2994 = FACE_OUTER_BOUND ( 'NONE', #8015, .T. ) ;
#2995 = CIRCLE ( 'NONE', #3799, 5.000000000000000888 ) ;
#2996 = TOROIDAL_SURFACE ( 'NONE', #1242, 394.9999999999878924, 5.000000000000000000 ) ;
#2997 = ORIENTED_EDGE ( 'NONE', *, *, #858, .F. ) ;
#2998 = CARTESIAN_POINT ( 'NONE',  ( -489.0000000000001137, 402.3800000000000523, 27.99999999999999645 ) ) ;
#2999 = CARTESIAN_POINT ( 'NONE',  ( 79.00000000000000000, 448.2083972186189271, 20.11449043435775508 ) ) ;
#3000 = CARTESIAN_POINT ( 'NONE',  ( -83.97886922277572808, 334.6959414339524415, 25.08131275127497162 ) ) ;
#3001 = AXIS2_PLACEMENT_3D ( 'NONE', #216, #7334, #2812 ) ;
#3002 = EDGE_LOOP ( 'NONE', ( #6419, #6057, #5291, #1479 ) ) ;
#3003 = FACE_OUTER_BOUND ( 'NONE', #5643, .T. ) ;
#3004 = ORIENTED_EDGE ( 'NONE', *, *, #3452, .F. ) ;
#3005 = AXIS2_PLACEMENT_3D ( 'NONE', #4784, #1240, #2543 ) ;
#3006 = CIRCLE ( 'NONE', #557, 15.00000000000001421 ) ;
#3007 = CARTESIAN_POINT ( 'NONE',  ( -87.86522020091580032, 310.6306877031856857, 16.90386217825510329 ) ) ;
#3008 = EDGE_CURVE ( 'NONE', #1855, #7111, #6789, .T. ) ;
#3009 = CYLINDRICAL_SURFACE ( 'NONE', #5154, 5.000000000000003553 ) ;
#3010 = DIRECTION ( 'NONE',  ( 0.000000000000000000, -0.000000000000000000, -1.000000000000000000 ) ) ;
#3011 = CARTESIAN_POINT ( 'NONE',  ( 78.99999999999998579, 451.4799303901270946, -15.16005833647120937 ) ) ;
#3012 = AXIS2_PLACEMENT_3D ( 'NONE', #1653, #6242, #4803 ) ;
#3013 = VERTEX_POINT ( 'NONE', #4209 ) ;
#3014 = FACE_OUTER_BOUND ( 'NONE', #1388, .T. ) ;
#3015 = VERTEX_POINT ( 'NONE', #1000 ) ;
#3016 = FACE_OUTER_BOUND ( 'NONE', #2464, .T. ) ;
#3017 = CIRCLE ( 'NONE', #4489, 5.000000000000000888 ) ;
#3018 = CARTESIAN_POINT ( 'NONE',  ( 85.83912027793472532, 314.6303516381973964, 17.17327243612352206 ) ) ;
#3019 = EDGE_CURVE ( 'NONE', #6497, #5512, #2866, .T. ) ;
#3020 = CARTESIAN_POINT ( 'NONE',  ( -100.1552701557798883, 259.1089210392215705, 27.99999999999999645 ) ) ;
#3021 = DIRECTION ( 'NONE',  ( 0.000000000000000000, 0.000000000000000000, 1.000000000000000000 ) ) ;
#3022 = ORIENTED_EDGE ( 'NONE', *, *, #5641, .F. ) ;
#3023 = VECTOR ( 'NONE', #1878, 1000.000000000000000 ) ;
#3024 = DIRECTION ( 'NONE',  ( 0.000000000000000000, -1.000000000000000000, 0.000000000000000000 ) ) ;
#3025 = ORIENTED_EDGE ( 'NONE', *, *, #2470, .F. ) ;
#3026 = CARTESIAN_POINT ( 'NONE',  ( 79.00000000000358114, 449.5156694213864057, -13.49426828930238820 ) ) ;
#3027 = ORIENTED_EDGE ( 'NONE', *, *, #7874, .T. ) ;
#3028 = CARTESIAN_POINT ( 'NONE',  ( -79.64825359230313495, 431.4046255181400511, -27.46382226953730665 ) ) ;
#3029 = DIRECTION ( 'NONE',  ( 0.000000000000000000, -0.000000000000000000, -1.000000000000000000 ) ) ;
#3030 = ADVANCED_FACE ( 'NONE', ( #8023, #7346 ), #6824, .T. ) ;
#3031 = DIRECTION ( 'NONE',  ( -1.000000000000000000, -0.000000000000000000, -0.000000000000000000 ) ) ;
#3032 = DIRECTION ( 'NONE',  ( 0.1279686916634569793, -0.9105445540782400871, 0.3931063838102887842 ) ) ;
#3033 = VERTEX_POINT ( 'NONE', #1679 ) ;
#3034 = CARTESIAN_POINT ( 'NONE',  ( 290.9999999983658086, 204.1311561622549107, 30.00000000000000000 ) ) ;
#3035 = DIRECTION ( 'NONE',  ( -1.000000000000000000, 0.000000000000000000, 0.000000000000000000 ) ) ;
#3036 = EDGE_LOOP ( 'NONE', ( #801, #5751, #7360, #4812 ) ) ;
#3037 = CARTESIAN_POINT ( 'NONE',  ( -91.99999999999985789, 402.3799999999999955, 30.00000000000000000 ) ) ;
#3038 = CARTESIAN_POINT ( 'NONE',  ( -84.33645126426318939, 322.2510309575158658, -20.22330854792658172 ) ) ;
#3039 = DIRECTION ( 'NONE',  ( -1.000000000000000000, -2.009438925630560469E-14, 0.000000000000000000 ) ) ;
#3040 = B_SPLINE_CURVE_WITH_KNOTS ( 'NONE', 3,
 ( #3620, #1044, #7513, #6795, #4214, #8028, #2948, #6189, #5431, #440 ),
 .UNSPECIFIED., .F., .F.,
 ( 4, 2, 2, 2, 4 ),
 ( 0.000000000000000000, 0.004358604152739141077, 0.008717208305478282154, 0.01307581245821742323, 0.01743441661095656431 ),
 .UNSPECIFIED. ) ;
#3041 = ORIENTED_EDGE ( 'NONE', *, *, #1937, .T. ) ;
#3042 = ORIENTED_EDGE ( 'NONE', *, *, #4440, .T. ) ;
#3043 = ORIENTED_EDGE ( 'NONE', *, *, #2187, .T. ) ;
#3044 = LINE ( 'NONE', #2240, #4485 ) ;
#3045 = VERTEX_POINT ( 'NONE', #5506 ) ;
#3046 = CARTESIAN_POINT ( 'NONE',  ( 0.000000000000000000, 540.3271830624646554, -22.07106781186546485 ) ) ;
#3047 = DIRECTION ( 'NONE',  ( -1.015794745118904431E-15, -1.000000000000000000, -0.000000000000000000 ) ) ;
#3048 = FACE_OUTER_BOUND ( 'NONE', #5008, .T. ) ;
#3049 = DIRECTION ( 'NONE',  ( 0.000000000000000000, 1.000000000000000000, 0.000000000000000000 ) ) ;
#3050 = ORIENTED_EDGE ( 'NONE', *, *, #7153, .F. ) ;
#3051 = CARTESIAN_POINT ( 'NONE',  ( 111.9999999999999858, -59.00000000000001421, 24.99999999999999645 ) ) ;
#3052 = ORIENTED_EDGE ( 'NONE', *, *, #1279, .T. ) ;
#3053 = DIRECTION ( 'NONE',  ( 0.9902680687416325345, -0.1391731009596222646, 0.000000000000000000 ) ) ;
#3054 = CARTESIAN_POINT ( 'NONE',  ( 88.27822797942754107, 305.7617627650387249, 10.85786437626894774 ) ) ;
#3055 = CARTESIAN_POINT ( 'NONE',  ( 101.0000000016221264, 204.1311561622549107, -24.99999999999999289 ) ) ;
#3056 = CARTESIAN_POINT ( 'NONE',  ( -79.66987298126325356, 430.4357420940477823, 27.50000000032121150 ) ) ;
#3057 = ORIENTED_EDGE ( 'NONE', *, *, #7251, .T. ) ;
#3058 = AXIS2_PLACEMENT_3D ( 'NONE', #5015, #7102, #6376 ) ;
#3059 = EDGE_CURVE ( 'NONE', #2090, #7769, #4752, .T. ) ;
#3060 = ADVANCED_FACE ( 'NONE', ( #4246 ), #2996, .T. ) ;
#3061 = CARTESIAN_POINT ( 'NONE',  ( 84.00000000000000000, 538.9999999999998863, 27.99999999999999645 ) ) ;
#3062 = ORIENTED_EDGE ( 'NONE', *, *, #7289, .T. ) ;
#3063 = CARTESIAN_POINT ( 'NONE',  ( 79.00000000000360956, 449.2852048511339831, -14.07846157524419439 ) ) ;
#3064 = ORIENTED_EDGE ( 'NONE', *, *, #5853, .F. ) ;
#3065 = CARTESIAN_POINT ( 'NONE',  ( 79.64826920390672171, 431.4042315133069678, -27.46385083114488879 ) ) ;
#3066 = AXIS2_PLACEMENT_3D ( 'NONE', #5435, #7394, #1607 ) ;
#3067 = CARTESIAN_POINT ( 'NONE',  ( -87.82906574877672767, 310.8879399972626629, 19.00068159397061152 ) ) ;
#3068 = DIRECTION ( 'NONE',  ( 0.000000000000000000, 0.000000000000000000, 1.000000000000000000 ) ) ;
#3069 = ADVANCED_FACE ( 'NONE', ( #875 ), #1038, .F. ) ;
#3071 = EDGE_CURVE ( 'NONE', #3013, #4431, #148, .T. ) ;
#3070 = ORIENTED_EDGE ( 'NONE', *, *, #7121, .F. ) ;
#3072 = AXIS2_PLACEMENT_3D ( 'NONE', #6216, #1155, #988 ) ;
#3073 = LINE ( 'NONE', #5633, #3152 ) ;
#3074 = DIRECTION ( 'NONE',  ( -1.000000000000000000, 1.015794745118904431E-15, 0.000000000000000000 ) ) ;
#3075 = ORIENTED_EDGE ( 'NONE', *, *, #6769, .T. ) ;
#3076 = FACE_OUTER_BOUND ( 'NONE', #7753, .T. ) ;
#3077 = DIRECTION ( 'NONE',  ( 1.000000000000000000, 0.000000000000000000, 0.000000000000000000 ) ) ;
#3078 = DIRECTION ( 'NONE',  ( -1.000000000000000000, 2.009438925630560469E-14, 0.000000000000000000 ) ) ;
#3079 = VECTOR ( 'NONE', #7148, 1000.000000000000000 ) ;
#3080 = EDGE_LOOP ( 'NONE', ( #7066, #4338, #5862, #7584 ) ) ;
#3081 = VERTEX_POINT ( 'NONE', #8149 ) ;
#3082 = ORIENTED_EDGE ( 'NONE', *, *, #6644, .F. ) ;
#3083 = CARTESIAN_POINT ( 'NONE',  ( 85.75086318203126723, 325.8936882247562608, 25.65233037929555948 ) ) ;
#3084 = ORIENTED_EDGE ( 'NONE', *, *, #1325, .F. ) ;
#3085 = CARTESIAN_POINT ( 'NONE',  ( 86.95751186034119939, 310.6664462514442562, -15.54355618386813198 ) ) ;
#3086 = CARTESIAN_POINT ( 'NONE',  ( -104.0000000000000000, 0.000000000000000000, 27.99999999999999645 ) ) ;
#3087 = CARTESIAN_POINT ( 'NONE',  ( 79.00000000000000000, 452.2987785557373854, -10.85786437626900280 ) ) ;
#3088 = VECTOR ( 'NONE', #5498, 1000.000000000000000 ) ;
#3089 = EDGE_CURVE ( 'NONE', #6, #2721, #2943, .T. ) ;
#3090 = ORIENTED_EDGE ( 'NONE', *, *, #1698, .F. ) ;
#3091 = AXIS2_PLACEMENT_3D ( 'NONE', #6428, #84, #728 ) ;
#3092 = DIRECTION ( 'NONE',  ( -0.000000000000000000, -0.000000000000000000, -1.000000000000000000 ) ) ;
#3093 = ORIENTED_EDGE ( 'NONE', *, *, #1140, .T. ) ;
#3094 = FACE_OUTER_BOUND ( 'NONE', #5816, .T. ) ;
#3095 = CARTESIAN_POINT ( 'NONE',  ( 86.33063765709199799, 312.9047549814972058, 16.51635899547389741 ) ) ;
#3096 = CARTESIAN_POINT ( 'NONE',  ( -95.20393762187492825, 258.4129999647863087, 30.00000000000000000 ) ) ;
#3097 = EDGE_CURVE ( 'NONE', #8064, #7069, #6184, .T. ) ;
#3098 = CARTESIAN_POINT ( 'NONE',  ( -78.22649730810377378, 429.3405386945347573, 25.00000000000000000 ) ) ;
#3099 = ORIENTED_EDGE ( 'NONE', *, *, #5067, .T. ) ;
#3100 = CARTESIAN_POINT ( 'NONE',  ( 79.66987298124902850, 430.4358293502582455, 27.50000000029656988 ) ) ;
#3101 = ORIENTED_EDGE ( 'NONE', *, *, #2473, .F. ) ;
#3102 = CIRCLE ( 'NONE', #2429, 2.999999999999999112 ) ;
#3103 = DIRECTION ( 'NONE',  ( -0.000000000000000000, -0.000000000000000000, -1.000000000000000000 ) ) ;
#3104 = ORIENTED_EDGE ( 'NONE', *, *, #5573, .F. ) ;
#3105 = DIRECTION ( 'NONE',  ( -0.000000000000000000, 0.000000000000000000, 1.000000000000000000 ) ) ;
#3106 = DIRECTION ( 'NONE',  ( 1.000000000000000000, 0.000000000000000000, 0.000000000000000000 ) ) ;
#3107 = CARTESIAN_POINT ( 'NONE',  ( -87.32218671424986667, 314.4945717324582120, 20.92275084991804945 ) ) ;
#3108 = ADVANCED_FACE ( 'NONE', ( #7385 ), #272, .F. ) ;
#3109 = CARTESIAN_POINT ( 'NONE',  ( 87.99128673928903765, 309.7336776730326164, 18.26969085729068709 ) ) ;
#3110 = AXIS2_PLACEMENT_3D ( 'NONE', #5584, #553, #1838 ) ;
#3111 = ORIENTED_EDGE ( 'NONE', *, *, #6210, .F. ) ;
#3112 = DIRECTION ( 'NONE',  ( 0.000000000000000000, -0.7866829060711828525, 0.6173572752429492549 ) ) ;
#3113 = CARTESIAN_POINT ( 'NONE',  ( 79.00000000000000000, 442.1664864017372452, -24.99999999999999645 ) ) ;
#3114 = VERTEX_POINT ( 'NONE', #1558 ) ;
#3115 = AXIS2_PLACEMENT_3D ( 'NONE', #3301, #882, #5863 ) ;
#3116 = CARTESIAN_POINT ( 'NONE',  ( 85.14916676944922358, 316.9951061200583240, 17.92893218813446055 ) ) ;
#3117 = CARTESIAN_POINT ( 'NONE',  ( 117.0000000016515855, 377.7200000000000273, -37.00000000000000711 ) ) ;
#3118 = ADVANCED_FACE ( 'NONE', ( #5464 ), #1714, .F. ) ;
#3119 = CARTESIAN_POINT ( 'NONE',  ( -79.00000000000000000, 450.4501289875625503, -17.24951007879164067 ) ) ;
#3120 = EDGE_CURVE ( 'NONE', #5280, #5175, #4462, .T. ) ;
#3121 = ORIENTED_EDGE ( 'NONE', *, *, #2808, .F. ) ;
#3122 = ORIENTED_EDGE ( 'NONE', *, *, #5345, .F. ) ;
#3123 = CARTESIAN_POINT ( 'NONE',  ( -60.00000000000000000, 401.7200000000000273, -37.00000000000000711 ) ) ;
#3124 = ORIENTED_EDGE ( 'NONE', *, *, #1005, .T. ) ;
#3125 = CARTESIAN_POINT ( 'NONE',  ( -88.07033484500375664, 309.1712211750161714, -17.88640208786090469 ) ) ;
#3126 = DIRECTION ( 'NONE',  ( 0.9902680687416326455, -0.1391731009596221258, 0.000000000000000000 ) ) ;
#3127 = CARTESIAN_POINT ( 'NONE',  ( 86.33035619159743135, 312.9057462063388471, -16.51674501565102204 ) ) ;
#3128 = CIRCLE ( 'NONE', #8130, 409.3301270189203365 ) ;
#3129 = EDGE_CURVE ( 'NONE', #8056, #7327, #1641, .T. ) ;
#3130 = FACE_OUTER_BOUND ( 'NONE', #6935, .T. ) ;
#3131 = DIRECTION ( 'NONE',  ( 1.000000000000000000, 0.000000000000000000, 0.000000000000000000 ) ) ;
#3132 = CARTESIAN_POINT ( 'NONE',  ( -76.12829888279344459, 439.3433066579995057, 21.46446609407785289 ) ) ;
#3133 = ORIENTED_EDGE ( 'NONE', *, *, #3892, .T. ) ;
#3134 = PLANE ( 'NONE',  #3409 ) ;
#3135 = AXIS2_PLACEMENT_3D ( 'NONE', #6039, #5361, #5484 ) ;
#3136 = CARTESIAN_POINT ( 'NONE',  ( -290.9999999983658086, 204.1311561622549107, -24.99999999999999289 ) ) ;
#3137 = ORIENTED_EDGE ( 'NONE', *, *, #7984, .F. ) ;
#3138 = CARTESIAN_POINT ( 'NONE',  ( 75.63746722086577279, 431.0240928181927984, -24.94585154091285872 ) ) ;
#3139 = CARTESIAN_POINT ( 'NONE',  ( 87.65775906654714333, 308.1001393916640154, 14.07837000397452876 ) ) ;
#3140 = CARTESIAN_POINT ( 'NONE',  ( 75.33974596215561803, 0.000000000000000000, -25.00000000000000000 ) ) ;
#3141 = DIRECTION ( 'NONE',  ( -0.000000000000000000, -0.000000000000000000, -1.000000000000000000 ) ) ;
#3142 = VERTEX_POINT ( 'NONE', #6065 ) ;
#3143 = FILL_AREA_STYLE_COLOUR ( '', #5987 ) ;
#3144 = ORIENTED_EDGE ( 'NONE', *, *, #8176, .T. ) ;
#3145 = CIRCLE ( 'NONE', #3012, 5.000000000000000888 ) ;
#3146 = CARTESIAN_POINT ( 'NONE',  ( 79.00000000000000000, 449.1979253185849075, -14.27142769583328530 ) ) ;
#3147 = EDGE_LOOP ( 'NONE', ( #1334, #6996, #2649, #2362 ) ) ;
#3148 = CARTESIAN_POINT ( 'NONE',  ( -101.0000000016221264, 204.1311561622549107, 24.99999999999999645 ) ) ;
#3149 = DIRECTION ( 'NONE',  ( 0.000000000000000000, 1.000000000000000000, 3.469446951953611231E-16 ) ) ;
#3150 = DIRECTION ( 'NONE',  ( 1.015794745118904037E-15, -1.000000000000000000, 0.000000000000000000 ) ) ;
#3151 = CARTESIAN_POINT ( 'NONE',  ( 141.8475409834426557, 19.93537181034424677, 27.99999999999999645 ) ) ;
#3152 = VECTOR ( 'NONE', #8230, 1000.000000000000000 ) ;
#3153 = EDGE_LOOP ( 'NONE', ( #4165, #6864, #550, #5451 ) ) ;
#3154 = EDGE_CURVE ( 'NONE', #1959, #3270, #4604, .T. ) ;
#3155 = CARTESIAN_POINT ( 'NONE',  ( -79.66987298107780191, 402.3799999999999955, 27.49999999999999645 ) ) ;
#3156 = FACE_BOUND ( 'NONE', #3366, .T. ) ;
#3157 = ORIENTED_EDGE ( 'NONE', *, *, #4451, .T. ) ;
#3158 = LINE ( 'NONE', #1972, #1619 ) ;
#3159 = CARTESIAN_POINT ( 'NONE',  ( 94.99999999999945999, -9.650050078629536914E-14, -24.99999999999999289 ) ) ;
#3160 = CARTESIAN_POINT ( 'NONE',  ( -290.9999999983658086, 204.1311561622549107, -27.99999999999999289 ) ) ;
#3161 = DIRECTION ( 'NONE',  ( -1.000000000000000000, 1.015794745118904431E-15, 0.000000000000000000 ) ) ;
#3162 = ORIENTED_EDGE ( 'NONE', *, *, #3526, .T. ) ;
#3163 = VERTEX_POINT ( 'NONE', #5714 ) ;
#3164 = EDGE_CURVE ( 'NONE', #1137, #8304, #5669, .T. ) ;
#3165 = CARTESIAN_POINT ( 'NONE',  ( 84.63162992337733215, 330.7184566371343521, 24.52267083839302586 ) ) ;
#3166 = EDGE_CURVE ( 'NONE', #1907, #6902, #2177, .T. ) ;
#3167 = ORIENTED_EDGE ( 'NONE', *, *, #731, .T. ) ;
#3168 = CARTESIAN_POINT ( 'NONE',  ( 76.16981787326297137, 442.3474182790621398, 19.10063503845969635 ) ) ;
#3169 = CARTESIAN_POINT ( 'NONE',  ( 489.0000000000001137, 402.3800000000000523, 24.99999999999999645 ) ) ;
#3170 = CARTESIAN_POINT ( 'NONE',  ( 79.00000000000000000, 446.6320201490437967, 21.46446609406710593 ) ) ;
#3171 = CARTESIAN_POINT ( 'NONE',  ( -74.00000000000000000, 452.2987785557373854, -10.85786437626900280 ) ) ;
#3172 = CARTESIAN_POINT ( 'NONE',  ( 87.94143215966390414, 346.0148941111734757, -30.00000000000000000 ) ) ;
#3173 = CARTESIAN_POINT ( 'NONE',  ( -79.00000000000000000, 442.1664864017461127, -24.99999999999999289 ) ) ;
#3174 = ORIENTED_EDGE ( 'NONE', *, *, #7855, .F. ) ;
#3175 = CARTESIAN_POINT ( 'NONE',  ( -94.99999999999945999, -9.650050078629534389E-14, -24.99999999999999289 ) ) ;
#3176 = EDGE_CURVE ( 'NONE', #7581, #6404, #2517, .T. ) ;
#3177 = CARTESIAN_POINT ( 'NONE',  ( -130.9545922270419567, 18.40446769963999074, -24.99999999999999289 ) ) ;
#3178 = ORIENTED_EDGE ( 'NONE', *, *, #7748, .T. ) ;
#3179 = CARTESIAN_POINT ( 'NONE',  ( 75.87123134407710268, 433.8792382394194078, -24.40182857812365924 ) ) ;
#3180 = CARTESIAN_POINT ( 'NONE',  ( 88.65365335144642245, 305.0206943357827072, 11.14781647555249400 ) ) ;
#3181 = CARTESIAN_POINT ( 'NONE',  ( 79.00000000000000000, 0.000000000000000000, 30.00000000000000000 ) ) ;
#3182 = ORIENTED_EDGE ( 'NONE', *, *, #5687, .T. ) ;
#3183 = CARTESIAN_POINT ( 'NONE',  ( 79.31794751070634675, 436.8057032612636021, 26.75894635202045890 ) ) ;
#3184 = ORIENTED_EDGE ( 'NONE', *, *, #3226, .T. ) ;
#3185 = CARTESIAN_POINT ( 'NONE',  ( -75.85362820585260124, 433.4837602799964316, -24.50951314250377067 ) ) ;
#3186 = ORIENTED_EDGE ( 'NONE', *, *, #2878, .F. ) ;
#3187 = CYLINDRICAL_SURFACE ( 'NONE', #4392, 391.9999999999878924 ) ;
#3188 = DIRECTION ( 'NONE',  ( 0.000000000000000000, -1.000000000000000000, 0.000000000000000000 ) ) ;
#3189 = AXIS2_PLACEMENT_3D ( 'NONE', #6009, #4737, #6566 ) ;
#3190 = CARTESIAN_POINT ( 'NONE',  ( -79.00000000000000000, 538.9999999999998863, 30.00000000000000000 ) ) ;
#3191 = CARTESIAN_POINT ( 'NONE',  ( 87.82906574877669925, 310.8879399972626061, 19.00068159397059731 ) ) ;
#3192 = CIRCLE ( 'NONE', #4005, 394.9999999999878924 ) ;
#3193 = ORIENTED_EDGE ( 'NONE', *, *, #4963, .F. ) ;
#3194 = CARTESIAN_POINT ( 'NONE',  ( -60.00000000000000000, 389.7200000000000273, -37.00000000000000711 ) ) ;
#3195 = CYLINDRICAL_SURFACE ( 'NONE', #3787, 5.000000000000007994 ) ;
#3196 = ORIENTED_EDGE ( 'NONE', *, *, #2673, .T. ) ;
#3197 = CARTESIAN_POINT ( 'NONE',  ( 0.000000000000000000, 0.000000000000000000, 0.000000000000000000 ) ) ;
#3198 = LINE ( 'NONE', #6956, #2865 ) ;
#3199 = CARTESIAN_POINT ( 'NONE',  ( -86.64762311198337841, 319.2943411640150657, -20.41264202258338756 ) ) ;
#3200 = CARTESIAN_POINT ( 'NONE',  ( 92.00000000000000000, 538.9999999999998863, 30.00000000000000000 ) ) ;
#3201 = VECTOR ( 'NONE', #8165, 1000.000000000000000 ) ;
#3202 = EDGE_LOOP ( 'NONE', ( #7471, #136, #213, #4681 ) ) ;
#3203 = ORIENTED_EDGE ( 'NONE', *, *, #3459, .F. ) ;
#3204 = CARTESIAN_POINT ( 'NONE',  ( 82.74487088751811825, 341.5060199644881891, 24.99999999999999289 ) ) ;
#3205 = ORIENTED_EDGE ( 'NONE', *, *, #6256, .F. ) ;
#3206 = CARTESIAN_POINT ( 'NONE',  ( -88.29925440415826188, 307.5423738749414611, -16.62670023786985851 ) ) ;
#3207 = AXIS2_PLACEMENT_3D ( 'NONE', #3983, #5362, #2124 ) ;
#3208 = DIRECTION ( 'NONE',  ( -0.03880832485709575369, -0.7685696240441932670, -0.6385880103152218323 ) ) ;
#3209 = CARTESIAN_POINT ( 'NONE',  ( 79.00920761912590251, 441.4216607543465329, 25.30330085889912439 ) ) ;
#3210 = CARTESIAN_POINT ( 'NONE',  ( -83.76585374409980034, 326.0466849473704087, -22.07106781186550037 ) ) ;
#3211 = CARTESIAN_POINT ( 'NONE',  ( 86.01691566009593259, 323.7820578707197114, 25.09776014238670427 ) ) ;
#3212 = EDGE_CURVE ( 'NONE', #7261, #3300, #7182, .T. ) ;
#3213 = DIRECTION ( 'NONE',  ( -1.000000000000000000, -1.023284752087778828E-15, -0.000000000000000000 ) ) ;
#3214 = EDGE_CURVE ( 'NONE', #6547, #1768, #3534, .T. ) ;
#3215 = VERTEX_POINT ( 'NONE', #556 ) ;
#3216 = AXIS2_PLACEMENT_3D ( 'NONE', #8082, #3010, #4973 ) ;
#3217 = CARTESIAN_POINT ( 'NONE',  ( 84.00000000000000000, 538.9999999999998863, -27.99999999999999645 ) ) ;
#3218 = B_SPLINE_CURVE_WITH_KNOTS ( 'NONE', 3,
 ( #6286, #5868, #3211, #669 ),
 .UNSPECIFIED., .F., .F.,
 ( 4, 4 ),
 ( 0.000000000000000000, 0.001236260972085365421 ),
 .UNSPECIFIED. ) ;
#3219 = CARTESIAN_POINT ( 'NONE',  ( -290.9999999983658086, 204.1311561622549107, 27.99999999999999645 ) ) ;
#3220 = ORIENTED_EDGE ( 'NONE', *, *, #3097, .T. ) ;
#3221 = CARTESIAN_POINT ( 'NONE',  ( 79.08797994707654766, 439.6812837506741403, -25.97754677233794141 ) ) ;
#3222 = DIRECTION ( 'NONE',  ( 0.000000000000000000, -0.000000000000000000, -1.000000000000000000 ) ) ;
#3223 = DIRECTION ( 'NONE',  ( 0.000000000000000000, -1.000000000000000000, 0.000000000000000000 ) ) ;
#3224 = AXIS2_PLACEMENT_3D ( 'NONE', #4587, #3372, #4044 ) ;
#3225 = CARTESIAN_POINT ( 'NONE',  ( -117.0000000000000000, -59.00000000000001421, -24.99999999999999645 ) ) ;
#3226 = EDGE_CURVE ( 'NONE', #6687, #5013, #4361, .T. ) ;
#3227 = B_SPLINE_CURVE_WITH_KNOTS ( 'NONE', 3,
 ( #4466, #2580, #3168, #7059 ),
 .UNSPECIFIED., .F., .F.,
 ( 4, 4 ),
 ( 0.0009775000892957863303, 0.006711753826109169777 ),
 .UNSPECIFIED. ) ;
#3228 = EDGE_CURVE ( 'NONE', #8056, #3756, #7863, .T. ) ;
#3229 = AXIS2_PLACEMENT_3D ( 'NONE', #1550, #4821, #344 ) ;
#3230 = ORIENTED_EDGE ( 'NONE', *, *, #506, .T. ) ;
#3231 = AXIS2_PLACEMENT_3D ( 'NONE', #6490, #7247, #5333 ) ;
#3232 = SURFACE_STYLE_USAGE ( .BOTH. , #639 ) ;
#3233 = ORIENTED_EDGE ( 'NONE', *, *, #2708, .F. ) ;
#3234 = CARTESIAN_POINT ( 'NONE',  ( -79.66987298124763583, 430.4358293502357355, -27.50000000029416114 ) ) ;
#3235 = ORIENTED_EDGE ( 'NONE', *, *, #7823, .F. ) ;
#3236 = DIRECTION ( 'NONE',  ( 9.251858538542961967E-16, -1.000000000000000000, 0.000000000000000000 ) ) ;
#3237 = CARTESIAN_POINT ( 'NONE',  ( 79.00000000000000000, 442.1664864017591867, 24.99999999999999645 ) ) ;
#3238 = CARTESIAN_POINT ( 'NONE',  ( 99.00000000162212643, 204.1311561622549107, 24.99999999999999645 ) ) ;
#3239 = PLANE ( 'NONE',  #3630 ) ;
#3240 = EDGE_CURVE ( 'NONE', #3540, #3013, #994, .T. ) ;
#3241 = ORIENTED_EDGE ( 'NONE', *, *, #519, .T. ) ;
#3242 = CIRCLE ( 'NONE', #7290, 2.999999999999999112 ) ;
#3243 = DIRECTION ( 'NONE',  ( 0.000000000000000000, -0.000000000000000000, -1.000000000000000000 ) ) ;
#3244 = CARTESIAN_POINT ( 'NONE',  ( 35.00000000000000000, 389.7200000000000273, -37.00000000000000711 ) ) ;
#3245 = EDGE_CURVE ( 'NONE', #7213, #5226, #435, .T. ) ;
#3246 = ORIENTED_EDGE ( 'NONE', *, *, #6464, .T. ) ;
#3247 = DIRECTION ( 'NONE',  ( -0.000000000000000000, -0.000000000000000000, -1.000000000000000000 ) ) ;
#3248 = CARTESIAN_POINT ( 'NONE',  ( -84.74386365504793162, 330.0631746587905013, -24.39461197955747451 ) ) ;
#3249 = EDGE_CURVE ( 'NONE', #3550, #1981, #8182, .T. ) ;
#3250 = DIRECTION ( 'NONE',  ( 0.000000000000000000, 1.000000000000000000, 0.000000000000000000 ) ) ;
#3251 = ORIENTED_EDGE ( 'NONE', *, *, #1748, .T. ) ;
#3252 = ORIENTED_EDGE ( 'NONE', *, *, #4101, .T. ) ;
#3253 = VECTOR ( 'NONE', #271, 1000.000000000000000 ) ;
#3254 = DIRECTION ( 'NONE',  ( 0.000000000000000000, 0.3963652161555147324, -0.9180929230867603819 ) ) ;
#3255 = AXIS2_PLACEMENT_3D ( 'NONE', #7945, #154, #4594 ) ;
#3256 = ORIENTED_EDGE ( 'NONE', *, *, #2231, .T. ) ;
#3257 = CARTESIAN_POINT ( 'NONE',  ( -88.76926981888284729, 304.1980404239453719, -11.55765772544732961 ) ) ;
#3258 = DIRECTION ( 'NONE',  ( -0.000000000000000000, 0.000000000000000000, 1.000000000000000000 ) ) ;
#3259 = CARTESIAN_POINT ( 'NONE',  ( 84.17419972766280978, 341.7068990327455253, 27.50000000000000000 ) ) ;
#3260 = CARTESIAN_POINT ( 'NONE',  ( -83.87269652931949793, 325.2379360665160561, -21.66136008682961389 ) ) ;
#3261 = DIRECTION ( 'NONE',  ( 9.251858538542971828E-16, -1.000000000000000000, 0.000000000000000000 ) ) ;
#3262 = DIRECTION ( 'NONE',  ( 0.1391731009600660485, -0.9902680687415703620, -3.348472015259597429E-13 ) ) ;
#3263 = VECTOR ( 'NONE', #6877, 1000.000000000000000 ) ;
#3264 = AXIS2_PLACEMENT_3D ( 'NONE', #6353, #3029, #5037 ) ;
#3265 = VERTEX_POINT ( 'NONE', #1205 ) ;
#3266 = CARTESIAN_POINT ( 'NONE',  ( 86.07263358526054731, 323.3856042330079958, 25.00000000000000000 ) ) ;
#3267 = DIRECTION ( 'NONE',  ( -1.015794745118904431E-15, -1.000000000000000000, 0.000000000000000000 ) ) ;
#3268 = EDGE_CURVE ( 'NONE', #3163, #4857, #3827, .T. ) ;
#3269 = AXIS2_PLACEMENT_3D ( 'NONE', #92, #7765, #4578 ) ;
#3270 = VERTEX_POINT ( 'NONE', #4323 ) ;
#3271 = CARTESIAN_POINT ( 'NONE',  ( 75.85367022427475092, 433.4850422995621670, -24.50912756632559919 ) ) ;
#3272 = DIRECTION ( 'NONE',  ( 0.1391731009596216817, -0.9902680687416326455, -0.000000000000000000 ) ) ;
#3273 = FACE_OUTER_BOUND ( 'NONE', #6213, .T. ) ;
#3274 = CARTESIAN_POINT ( 'NONE',  ( -86.78382266370697096, 318.3252309973235583, 22.57654868383624347 ) ) ;
#3275 = CIRCLE ( 'NONE', #3669, 5.000000000000000888 ) ;
#3276 = ORIENTED_EDGE ( 'NONE', *, *, #4291, .T. ) ;
#3278 = ADVANCED_FACE ( 'NONE', ( #3655 ), #474, .T. ) ;
#3277 = CARTESIAN_POINT ( 'NONE',  ( 79.03074986587213857, 440.5684048369300854, 25.65777687758994929 ) ) ;
#3279 = ORIENTED_EDGE ( 'NONE', *, *, #6199, .F. ) ;
#3280 = ADVANCED_FACE ( 'NONE', ( #6992 ), #7992, .F. ) ;
#3281 = CARTESIAN_POINT ( 'NONE',  ( -78.38753286706840129, 433.0430625937618743, -24.99812993374201042 ) ) ;
#3282 = ORIENTED_EDGE ( 'NONE', *, *, #6312, .T. ) ;
#3283 = DIRECTION ( 'NONE',  ( 1.000000000000000000, 0.000000000000000000, 0.000000000000000000 ) ) ;
#3284 = DIRECTION ( 'NONE',  ( -1.000000000000000000, -1.023284752087778828E-15, -0.000000000000000000 ) ) ;
#3285 = AXIS2_PLACEMENT_3D ( 'NONE', #6439, #1885, #1258 ) ;
#3286 = DIRECTION ( 'NONE',  ( 0.000000000000000000, 0.000000000000000000, 1.000000000000000000 ) ) ;
#3287 = DIRECTION ( 'NONE',  ( -0.9902680687415227334, -0.1391731009604045832, 0.000000000000000000 ) ) ;
#3288 = VECTOR ( 'NONE', #2838, 1000.000000000000000 ) ;
#3289 = ORIENTED_EDGE ( 'NONE', *, *, #2351, .T. ) ;
#3290 = CARTESIAN_POINT ( 'NONE',  ( 84.00000000000000000, 402.3800000000000523, 30.00000000000000000 ) ) ;
#3291 = EDGE_CURVE ( 'NONE', #2090, #3310, #6906, .T. ) ;
#3292 = CARTESIAN_POINT ( 'NONE',  ( 489.0000000000001137, 402.3800000000000523, -24.99999999999999289 ) ) ;
#3293 = EDGE_LOOP ( 'NONE', ( #3934, #1378, #7779, #862 ) ) ;
#3294 = PRODUCT_CONTEXT ( 'NONE', #4015, 'mechanical' ) ;
#3295 = CARTESIAN_POINT ( 'NONE',  ( -97.18447063532408947, 258.6913683945445541, -24.99999999999999289 ) ) ;
#3296 = AXIS2_PLACEMENT_3D ( 'NONE', #7295, #6494, #2658 ) ;
#3297 = CARTESIAN_POINT ( 'NONE',  ( -104.0000000000000000, -59.00000000000001421, 30.00000000000000000 ) ) ;
#3298 = ORIENTED_EDGE ( 'NONE', *, *, #1345, .F. ) ;
#3299 = CARTESIAN_POINT ( 'NONE',  ( -84.74072730758108207, 319.6416370902197173, 19.04101216579431011 ) ) ;
#3300 = VERTEX_POINT ( 'NONE', #1122 ) ;
#3301 = CARTESIAN_POINT ( 'NONE',  ( -489.0000000000001137, 402.3800000000000523, -30.00000000000000000 ) ) ;
#3302 = DIRECTION ( 'NONE',  ( 0.000000000000000000, 0.000000000000000000, 1.000000000000000000 ) ) ;
#3303 = DIRECTION ( 'NONE',  ( 9.251858538542971828E-16, -1.000000000000000000, 0.000000000000000000 ) ) ;
#3304 = CARTESIAN_POINT ( 'NONE',  ( 290.9999999983658086, 204.1311561622549107, 30.00000000000000000 ) ) ;
#3305 = DIRECTION ( 'NONE',  ( -0.1391731009604045832, 0.9902680687415227334, -0.000000000000000000 ) ) ;
#3306 = CARTESIAN_POINT ( 'NONE',  ( 113.0287491559736281, 260.9182132862523531, 30.00000000000000000 ) ) ;
#3307 = ORIENTED_EDGE ( 'NONE', *, *, #5319, .F. ) ;
#3308 = CARTESIAN_POINT ( 'NONE',  ( 92.00000000000000000, 538.9999999999998863, -24.99999999999999289 ) ) ;
#3309 = CARTESIAN_POINT ( 'NONE',  ( 111.0482130184905714, 260.6398670843315699, 24.99999999999999289 ) ) ;
#3310 = VERTEX_POINT ( 'NONE', #5666 ) ;
#3311 = CARTESIAN_POINT ( 'NONE',  ( 92.00000000000000000, 538.9999999999998863, -27.99999999999999645 ) ) ;
#3312 = CARTESIAN_POINT ( 'NONE',  ( 290.9999999983658086, 204.1311561622549107, -30.00000000000000000 ) ) ;
#3313 = CARTESIAN_POINT ( 'NONE',  ( 79.88621320722880625, 341.1042618279727776, -25.00000000000000000 ) ) ;
#3314 = DIRECTION ( 'NONE',  ( -0.000000000000000000, 0.000000000000000000, 1.000000000000000000 ) ) ;
#3315 = ORIENTED_EDGE ( 'NONE', *, *, #4698, .F. ) ;
#3316 = CARTESIAN_POINT ( 'NONE',  ( -75.50290913128732484, 430.1535402464293725, 25.00000000000001066 ) ) ;
#3317 = ORIENTED_EDGE ( 'NONE', *, *, #8369, .T. ) ;
#3318 = CARTESIAN_POINT ( 'NONE',  ( -78.22649730810377378, 429.3405386945351552, -25.00000000000000000 ) ) ;
#3319 = EDGE_LOOP ( 'NONE', ( #106, #3542, #2161, #4765 ) ) ;
#3320 = DIRECTION ( 'NONE',  ( -0.000000000000000000, -1.000000000000000000, 0.000000000000000000 ) ) ;
#3321 = CARTESIAN_POINT ( 'NONE',  ( -79.00000000000000000, 449.5555461030734250, 18.54935824866545957 ) ) ;
#3322 = LINE ( 'NONE', #95, #8217 ) ;
#3323 = EDGE_CURVE ( 'NONE', #1118, #7030, #7448, .T. ) ;
#3324 = EDGE_CURVE ( 'NONE', #7494, #7392, #4330, .T. ) ;
#3325 = ORIENTED_EDGE ( 'NONE', *, *, #4043, .F. ) ;
#3326 = DIRECTION ( 'NONE',  ( 0.000000000000000000, 0.000000000000000000, 1.000000000000000000 ) ) ;
#3327 = CARTESIAN_POINT ( 'NONE',  ( -81.00000000000000000, 523.9999999999998863, 1.836970198721034716E-15 ) ) ;
#3328 = VERTEX_POINT ( 'NONE', #3991 ) ;
#3329 = LINE ( 'NONE', #828, #827 ) ;
#3330 = DIRECTION ( 'NONE',  ( 1.000000000000000000, 0.000000000000000000, 0.000000000000000000 ) ) ;
#3331 = EDGE_CURVE ( 'NONE', #1398, #551, #4210, .T. ) ;
#3332 = EDGE_CURVE ( 'NONE', #5621, #8064, #1100, .T. ) ;
#3333 = ORIENTED_EDGE ( 'NONE', *, *, #2613, .T. ) ;
#3334 = CIRCLE ( 'NONE', #4535, 5.000000000000000888 ) ;
#3335 = CARTESIAN_POINT ( 'NONE',  ( -79.00000000000000000, 451.2026007851195004, 15.90614613609706396 ) ) ;
#3336 = VERTEX_POINT ( 'NONE', #5972 ) ;
#3337 = VECTOR ( 'NONE', #2516, 1000.000000000000000 ) ;
#3338 = CARTESIAN_POINT ( 'NONE',  ( -133.9253964332668829, 18.82198700251885981, -30.00000000000000000 ) ) ;
#3339 = LINE ( 'NONE', #1358, #2127 ) ;
#3340 = CARTESIAN_POINT ( 'NONE',  ( -88.07033484493813091, 309.1712211754831401, -17.88640208730453196 ) ) ;
#3341 = DIRECTION ( 'NONE',  ( 0.1391731009604045555, -0.9902680687415226224, 0.000000000000000000 ) ) ;
#3342 = VECTOR ( 'NONE', #4962, 999.9999999999998863 ) ;
#3343 = CARTESIAN_POINT ( 'NONE',  ( -489.0000000000001137, 402.3800000000000523, -30.00000000000000355 ) ) ;
#3344 = DIRECTION ( 'NONE',  ( -1.000000000000000000, -1.023284752087778828E-15, -0.000000000000000000 ) ) ;
#3345 = ORIENTED_EDGE ( 'NONE', *, *, #6855, .F. ) ;
#3346 = CARTESIAN_POINT ( 'NONE',  ( 60.00000000000000711, 377.7200000000000273, -37.00000000000000711 ) ) ;
#3347 = ORIENTED_EDGE ( 'NONE', *, *, #3494, .F. ) ;
#3348 = CARTESIAN_POINT ( 'NONE',  ( -79.66987298107781612, 429.3405386945347573, 27.50000000000000355 ) ) ;
#3349 = CARTESIAN_POINT ( 'NONE',  ( 79.00000000000001421, 440.1862244976456964, 22.52007178426056910 ) ) ;
#3350 = CARTESIAN_POINT ( 'NONE',  ( 81.69018693079510740, 334.7407095505091661, -24.53573616173272853 ) ) ;
#3351 = DIRECTION ( 'NONE',  ( 1.000000000000000000, 4.923350670504228672E-10, 0.000000000000000000 ) ) ;
#3352 = ORIENTED_EDGE ( 'NONE', *, *, #2992, .F. ) ;
#3353 = CARTESIAN_POINT ( 'NONE',  ( 84.56233017191894419, 338.7293436676375222, -27.44734952673573858 ) ) ;
#3354 = VECTOR ( 'NONE', #5510, 1000.000000000000000 ) ;
#3355 = ORIENTED_EDGE ( 'NONE', *, *, #7452, .T. ) ;
#3356 = CARTESIAN_POINT ( 'NONE',  ( 114.9999999999999858, -59.00000000000001421, 24.99999999999999645 ) ) ;
#3357 = CARTESIAN_POINT ( 'NONE',  ( 88.27419289946631409, 305.7771900425868807, -11.15572774871981387 ) ) ;
#3358 = CARTESIAN_POINT ( 'NONE',  ( -111.9999999999999858, -59.00000000000001421, 27.99999999999999645 ) ) ;
#3359 = CARTESIAN_POINT ( 'NONE',  ( 117.0000000016515571, 16.00000000000022737, 1.836970198721029983E-15 ) ) ;
#3360 = CIRCLE ( 'NONE', #380, 403.0000000000167688 ) ;
#3361 = AXIS2_PLACEMENT_3D ( 'NONE', #5457, #2258, #4200 ) ;
#3362 = EDGE_LOOP ( 'NONE', ( #8363, #5239, #2935, #4456 ) ) ;
#3363 = CARTESIAN_POINT ( 'NONE',  ( -76.13679048190853393, 438.5910271985749205, -22.07106781186546485 ) ) ;
#3364 = AXIS2_PLACEMENT_3D ( 'NONE', #466, #6981, #1794 ) ;
#3365 = LINE ( 'NONE', #6444, #5395 ) ;
#3366 = EDGE_LOOP ( 'NONE', ( #7497, #6885 ) ) ;
#3367 = CARTESIAN_POINT ( 'NONE',  ( 86.69371457743291387, 311.6186408160822907, 15.99888595850890205 ) ) ;
#3368 = EDGE_CURVE ( 'NONE', #3599, #4251, #6043, .T. ) ;
#3369 = EDGE_CURVE ( 'NONE', #4475, #5928, #7268, .T. ) ;
#3370 = CYLINDRICAL_SURFACE ( 'NONE', #3661, 392.0000000000002274 ) ;
#3371 = VECTOR ( 'NONE', #2766, 1000.000000000000000 ) ;
#3372 = DIRECTION ( 'NONE',  ( -0.000000000000000000, 0.000000000000000000, 1.000000000000000000 ) ) ;
#3373 = CIRCLE ( 'NONE', #803, 2.999999999999994227 ) ;
#3374 = ORIENTED_EDGE ( 'NONE', *, *, #2978, .T. ) ;
#3375 = CARTESIAN_POINT ( 'NONE',  ( -79.00000000000000000, 452.2987785557373854, 10.85786437626888201 ) ) ;
#3376 = ORIENTED_EDGE ( 'NONE', *, *, #1074, .F. ) ;
#3377 = DIRECTION ( 'NONE',  ( -0.1391731009596220703, -0.9902680687416326455, -0.000000000000000000 ) ) ;
#3378 = EDGE_CURVE ( 'NONE', #3015, #6087, #1965, .T. ) ;
#3379 = AXIS2_PLACEMENT_3D ( 'NONE', #3244, #7727, #5937 ) ;
#3380 = CARTESIAN_POINT ( 'NONE',  ( -76.16981787326295716, 442.3474182790614577, 19.10063503846022925 ) ) ;
#3381 = EDGE_CURVE ( 'NONE', #868, #6219, #4926, .T. ) ;
#3382 = CARTESIAN_POINT ( 'NONE',  ( 85.14916676944928042, 316.9951061200580966, -17.92893218813450673 ) ) ;
#3383 = CARTESIAN_POINT ( 'NONE',  ( -84.74391989146064930, 330.0628498418920458, 24.39454709379884889 ) ) ;
#3384 = LINE ( 'NONE', #6032, #7151 ) ;
#3385 = ORIENTED_EDGE ( 'NONE', *, *, #4613, .T. ) ;
#3386 = DIRECTION ( 'NONE',  ( 0.000000000000000000, 0.000000000000000000, 1.000000000000000000 ) ) ;
#3387 = EDGE_CURVE ( 'NONE', #4959, #3142, #7850, .T. ) ;
#3388 = EDGE_LOOP ( 'NONE', ( #5059, #1918, #7924, #3788, #6840, #8219, #1364 ) ) ;
#3389 = CARTESIAN_POINT ( 'NONE',  ( 78.22649730810377378, 429.3405386945351552, -25.00000000000000000 ) ) ;
#3390 = CARTESIAN_POINT ( 'NONE',  ( -79.00000000000000000, 451.7412242848815254, -14.42188821138912758 ) ) ;
#3391 = AXIS2_PLACEMENT_3D ( 'NONE', #5949, #5310, #4048 ) ;
#3392 = DIRECTION ( 'NONE',  ( -0.7071067811865312525, 0.000000000000000000, 0.7071067811865637820 ) ) ;
#3393 = CARTESIAN_POINT ( 'NONE',  ( -97.00000000000000000, 523.9999999999998863, 1.836970198721034716E-15 ) ) ;
#3394 = ORIENTED_EDGE ( 'NONE', *, *, #5238, .F. ) ;
#3395 = VECTOR ( 'NONE', #1933, 1000.000000000000000 ) ;
#3396 = AXIS2_PLACEMENT_3D ( 'NONE', #2986, #4875, #4167 ) ;
#3397 = CARTESIAN_POINT ( 'NONE',  ( 60.00000000000000711, 377.7200000000000273, -25.00000000000000000 ) ) ;
#3398 = FACE_OUTER_BOUND ( 'NONE', #3780, .T. ) ;
#3399 = VERTEX_POINT ( 'NONE', #3237 ) ;
#3400 = CARTESIAN_POINT ( 'NONE',  ( -84.97062795343931896, 345.5973748082922725, -24.99999999999999289 ) ) ;
#3401 = CARTESIAN_POINT ( 'NONE',  ( -85.25052658376502279, 331.6429716547951898, 26.81024058031814405 ) ) ;
#3402 = LINE ( 'NONE', #2899, #1320 ) ;
#3403 = DIRECTION ( 'NONE',  ( 0.000000000000000000, 0.000000000000000000, -1.000000000000000000 ) ) ;
#3404 = AXIS2_PLACEMENT_3D ( 'NONE', #7718, #6225, #3106 ) ;
#3405 = CARTESIAN_POINT ( 'NONE',  ( 79.00000000000002842, 440.1862244976456964, 22.52007178426058331 ) ) ;
#3406 = ORIENTED_EDGE ( 'NONE', *, *, #6047, .T. ) ;
#3407 = ORIENTED_EDGE ( 'NONE', *, *, #4293, .T. ) ;
#3408 = DIRECTION ( 'NONE',  ( 0.000000000000000000, 0.000000000000000000, -1.000000000000000000 ) ) ;
#3409 = AXIS2_PLACEMENT_3D ( 'NONE', #4561, #4428, #1366 ) ;
#3410 = VECTOR ( 'NONE', #3047, 1000.000000000000000 ) ;
#3411 = DIRECTION ( 'NONE',  ( 1.000000000000000000, 0.000000000000000000, 0.000000000000000000 ) ) ;
#3412 = ORIENTED_EDGE ( 'NONE', *, *, #3416, .T. ) ;
#3413 = FACE_OUTER_BOUND ( 'NONE', #5069, .T. ) ;
#3414 = DIRECTION ( 'NONE',  ( -0.000000000000000000, -0.000000000000000000, -1.000000000000000000 ) ) ;
#3415 = AXIS2_PLACEMENT_3D ( 'NONE', #7097, #7010, #6411 ) ;
#3416 = EDGE_CURVE ( 'NONE', #7906, #5480, #5801, .T. ) ;
#3417 = ORIENTED_EDGE ( 'NONE', *, *, #2878, .T. ) ;
#3418 = CARTESIAN_POINT ( 'NONE',  ( -76.12484015957163308, 439.0905185585335744, 21.66423932886943149 ) ) ;
#3419 = ORIENTED_EDGE ( 'NONE', *, *, #7748, .F. ) ;
#3420 = CIRCLE ( 'NONE', #4633, 3.000000000000002665 ) ;
#3421 = PLANE ( 'NONE',  #1087 ) ;
#3422 = DIRECTION ( 'NONE',  ( 0.000000000000000000, 1.000000000000000000, 0.000000000000000000 ) ) ;
#3423 = DIRECTION ( 'NONE',  ( 0.000000000000000000, -0.6173572752431911725, -0.7866829060709930044 ) ) ;
#3424 = DIRECTION ( 'NONE',  ( 0.000000000000000000, 0.000000000000000000, 1.000000000000000000 ) ) ;
#3425 = ADVANCED_FACE ( 'NONE', ( #2653 ), #1026, .T. ) ;
#3426 = EDGE_CURVE ( 'NONE', #2441, #981, #3128, .T. ) ;
#3427 = EDGE_LOOP ( 'NONE', ( #3751, #1938, #2626, #4869 ) ) ;
#3428 = CARTESIAN_POINT ( 'NONE',  ( 98.83438091582119966, 347.5457982217341169, 30.00000000000000000 ) ) ;
#3429 = ORIENTED_EDGE ( 'NONE', *, *, #5010, .F. ) ;
#3430 = CARTESIAN_POINT ( 'NONE',  ( 76.12829888279362933, 439.3433066580129207, 21.46446609406726580 ) ) ;
#3431 = DIRECTION ( 'NONE',  ( -0.000000000000000000, -0.000000000000000000, -1.000000000000000000 ) ) ;
#3432 = CARTESIAN_POINT ( 'NONE',  ( -60.00000000000000000, 389.7200000000000273, -29.00000000000016342 ) ) ;
#3433 = DIRECTION ( 'NONE',  ( 1.000000000000000000, 0.000000000000000000, 0.000000000000000000 ) ) ;
#3434 = EDGE_CURVE ( 'NONE', #3885, #6983, #2898, .T. ) ;
#3435 = ORIENTED_EDGE ( 'NONE', *, *, #2796, .T. ) ;
#3436 = CARTESIAN_POINT ( 'NONE',  ( 0.000000000000000000, 538.9999999999998863, 30.00000000000000000 ) ) ;
#3437 = CARTESIAN_POINT ( 'NONE',  ( 81.00000000000000000, 538.9999999999998863, 24.99999999999999645 ) ) ;
#3438 = ORIENTED_EDGE ( 'NONE', *, *, #7042, .T. ) ;
#3439 = CARTESIAN_POINT ( 'NONE',  ( -35.00000000000000000, 0.000000000000000000, -25.00000000000000000 ) ) ;
#3440 = FACE_OUTER_BOUND ( 'NONE', #1876, .T. ) ;
#3441 = CARTESIAN_POINT ( 'NONE',  ( -84.56893662183394156, 338.7212351533292463, -27.45887939289848489 ) ) ;
#3442 = CARTESIAN_POINT ( 'NONE',  ( -76.82423259373082658, 446.7197619472609063, 15.42131512782190939 ) ) ;
#3443 = CARTESIAN_POINT ( 'NONE',  ( 98.99999999999469935, 204.1300253685546977, -24.99999999999999289 ) ) ;
#3444 = ORIENTED_EDGE ( 'NONE', *, *, #6060, .T. ) ;
#3445 = VECTOR ( 'NONE', #3851, 1000.000000000000000 ) ;
#3446 = CARTESIAN_POINT ( 'NONE',  ( -94.99999999999997158, 493.9999999999998863, 0.000000000000000000 ) ) ;
#3447 = DIRECTION ( 'NONE',  ( -0.000000000000000000, 0.000000000000000000, 1.000000000000000000 ) ) ;
#3448 = CARTESIAN_POINT ( 'NONE',  ( 128.9740560895585872, 18.12612149772068193, 24.99999999999999645 ) ) ;
#3449 = VERTEX_POINT ( 'NONE', #939 ) ;
#3450 = DIRECTION ( 'NONE',  ( 0.000000000000000000, -1.000000000000000000, 0.000000000000000000 ) ) ;
#3451 = DIRECTION ( 'NONE',  ( 0.000000000000000000, 0.6390694384437046738, -0.7691490446248036017 ) ) ;
#3452 = EDGE_CURVE ( 'NONE', #6182, #5432, #6643, .T. ) ;
#3453 = DIRECTION ( 'NONE',  ( -0.1250563527461379387, -0.8898221859245595278, -0.4388364001245477208 ) ) ;
#3454 = ADVANCED_FACE ( 'NONE', ( #5537 ), #7414, .T. ) ;
#3455 = ORIENTED_EDGE ( 'NONE', *, *, #3847, .F. ) ;
#3456 = DIRECTION ( 'NONE',  ( -0.9902680687416326455, -0.1391731009596216817, 0.000000000000000000 ) ) ;
#3457 = ORIENTED_EDGE ( 'NONE', *, *, #950, .T. ) ;
#3458 = CARTESIAN_POINT ( 'NONE',  ( 290.9999999983658086, 204.1311561622549107, -24.99999999999999289 ) ) ;
#3459 = EDGE_CURVE ( 'NONE', #1066, #6574, #6360, .T. ) ;
#3460 = CYLINDRICAL_SURFACE ( 'NONE', #4540, 5.000000000000000888 ) ;
#3461 = DIRECTION ( 'NONE',  ( 0.1391839635308285972, 0.9902665419852992867, -1.096934003579906443E-05 ) ) ;
#3462 = DIRECTION ( 'NONE',  ( 0.1391731009596216817, -0.9902680687416326455, 0.000000000000000000 ) ) ;
#3463 = AXIS2_PLACEMENT_3D ( 'NONE', #2800, #5916, #7794 ) ;
#3464 = ORIENTED_EDGE ( 'NONE', *, *, #19, .T. ) ;
#3465 = LINE ( 'NONE', #4098, #6917 ) ;
#3466 = ORIENTED_EDGE ( 'NONE', *, *, #7209, .T. ) ;
#3467 = VECTOR ( 'NONE', #2072, 1000.000000000000000 ) ;
#3468 = DIRECTION ( 'NONE',  ( -1.000000000000000000, -1.023284752087778828E-15, -0.000000000000000000 ) ) ;
#3469 = ADVANCED_FACE ( 'NONE', ( #2255, #1548 ), #2851, .T. ) ;
#3470 = EDGE_CURVE ( 'NONE', #3265, #7309, #5549, .T. ) ;
#3471 = DIRECTION ( 'NONE',  ( 0.000000000000000000, 0.000000000000000000, 1.000000000000000000 ) ) ;
#3472 = CARTESIAN_POINT ( 'NONE',  ( 0.000000000000000000, 0.000000000000000000, -30.00000000000000000 ) ) ;
#3473 = CARTESIAN_POINT ( 'NONE',  ( -87.66553648249204400, 308.0721505899513772, -14.07397982499626110 ) ) ;
#3474 = EDGE_LOOP ( 'NONE', ( #6024, #6876, #6895, #3394 ) ) ;
#3475 = PLANE ( 'NONE',  #7557 ) ;
#3476 = VECTOR ( 'NONE', #772, 1000.000000000000114 ) ;
#3477 = CARTESIAN_POINT ( 'NONE',  ( -87.14584108898682757, 315.7493360551335968, -21.46446609406720185 ) ) ;
#3478 = ORIENTED_EDGE ( 'NONE', *, *, #7453, .F. ) ;
#3479 = DIRECTION ( 'NONE',  ( -0.000000000000000000, 0.000000000000000000, 1.000000000000000000 ) ) ;
#3480 = DIRECTION ( 'NONE',  ( -1.000000000000000000, -0.000000000000000000, -0.000000000000000000 ) ) ;
#3481 = ADVANCED_FACE ( 'NONE', ( #987 ), #4693, .F. ) ;
#3482 = CARTESIAN_POINT ( 'NONE',  ( 108.0774164457364321, 260.2222934685545397, -24.99999999999999289 ) ) ;
#3483 = AXIS2_PLACEMENT_3D ( 'NONE', #6766, #1101, #3676 ) ;
#3484 = CARTESIAN_POINT ( 'NONE',  ( -77.01469359355988331, 447.5711110417874465, 14.22338554947778810 ) ) ;
#3485 = CARTESIAN_POINT ( 'NONE',  ( -35.00000000000000000, 401.7200000000000273, -37.00000000000000711 ) ) ;
#3486 = EDGE_LOOP ( 'NONE', ( #2979, #7344, #4034, #8006 ) ) ;
#3487 = CARTESIAN_POINT ( 'NONE',  ( -76.12829888279345880, 439.3433066579996762, -21.46446609407791328 ) ) ;
#3488 = VECTOR ( 'NONE', #2358, 1000.000000000000114 ) ;
#3489 = DIRECTION ( 'NONE',  ( 0.000000000000000000, 0.000000000000000000, -1.000000000000000000 ) ) ;
#3490 = CARTESIAN_POINT ( 'NONE',  ( -489.0000000000001137, 402.3800000000000523, 30.00000000000000000 ) ) ;
#3491 = ORIENTED_EDGE ( 'NONE', *, *, #7406, .T. ) ;
#3492 = CARTESIAN_POINT ( 'NONE',  ( 88.16239896524048447, 306.2034736352489404, 12.26847661944275991 ) ) ;
#3493 = DIRECTION ( 'NONE',  ( 0.000000000000000000, 0.000000000000000000, 1.000000000000000000 ) ) ;
#3494 = EDGE_CURVE ( 'NONE', #2401, #1797, #1915, .T. ) ;
#3495 = CYLINDRICAL_SURFACE ( 'NONE', #4162, 3.000000000000002665 ) ;
#3496 = VECTOR ( 'NONE', #3566, 1000.000000000000000 ) ;
#3497 = AXIS2_PLACEMENT_3D ( 'NONE', #1462, #7893, #6568 ) ;
#3498 = ORIENTED_EDGE ( 'NONE', *, *, #3678, .T. ) ;
#3499 = EDGE_CURVE ( 'NONE', #7878, #319, #150, .T. ) ;
#3500 = CARTESIAN_POINT ( 'NONE',  ( 117.0000000016510455, 509.0000000000001137, 0.000000000000000000 ) ) ;
#3501 = ORIENTED_EDGE ( 'NONE', *, *, #4191, .T. ) ;
#3502 = EDGE_CURVE ( 'NONE', #7581, #4776, #4876, .T. ) ;
#3503 = CARTESIAN_POINT ( 'NONE',  ( 94.99999999999998579, 524.0000000000001137, 1.836970198721034716E-15 ) ) ;
#3504 = CARTESIAN_POINT ( 'NONE',  ( 35.00000000000000000, 389.7200000000000273, -44.00000000000000000 ) ) ;
#3505 = CARTESIAN_POINT ( 'NONE',  ( -82.74487088751811825, 341.5060199644879617, 25.00000000000000355 ) ) ;
#3506 = ORIENTED_EDGE ( 'NONE', *, *, #1825, .F. ) ;
#3507 = FACE_OUTER_BOUND ( 'NONE', #1491, .T. ) ;
#3508 = VECTOR ( 'NONE', #1367, 1000.000000000000000 ) ;
#3509 = ORIENTED_EDGE ( 'NONE', *, *, #3499, .T. ) ;
#3510 = AXIS2_PLACEMENT_3D ( 'NONE', #1640, #7472, #4208 ) ;
#3511 = CARTESIAN_POINT ( 'NONE',  ( -88.10115357998327568, 308.9519344812794088, 15.94613959695930383 ) ) ;
#3512 = CARTESIAN_POINT ( 'NONE',  ( -76.19132307818952654, 443.8574745705762439, 17.92893218813437883 ) ) ;
#3513 = CARTESIAN_POINT ( 'NONE',  ( 87.32225600790145847, 314.4940786825078476, -20.92253798709644386 ) ) ;
#3514 = CARTESIAN_POINT ( 'NONE',  ( -80.68884310224603951, 338.5639360137830636, -24.94632868985316065 ) ) ;
#3515 = AXIS2_PLACEMENT_3D ( 'NONE', #2181, #7343, #6062 ) ;
#3516 = ORIENTED_EDGE ( 'NONE', *, *, #7582, .T. ) ;
#3517 = DIRECTION ( 'NONE',  ( 0.000000000000000000, -1.000000000000000000, 0.000000000000000000 ) ) ;
#3518 = CYLINDRICAL_SURFACE ( 'NONE', #1900, 5.000000000000004441 ) ;
#3519 = ORIENTED_EDGE ( 'NONE', *, *, #1536, .F. ) ;
#3520 = CARTESIAN_POINT ( 'NONE',  ( -94.99999999999985789, 402.3800000000001091, 24.99999999999999645 ) ) ;
#3521 = DIRECTION ( 'NONE',  ( 0.000000000000000000, 0.000000000000000000, 1.000000000000000000 ) ) ;
#3522 = CARTESIAN_POINT ( 'NONE',  ( -83.01121062361787040, 340.1763625595224880, -25.13630406992169597 ) ) ;
#3523 = CARTESIAN_POINT ( 'NONE',  ( -83.99999999999995737, 402.3800000000000523, 24.99999999999999645 ) ) ;
#3524 = CARTESIAN_POINT ( 'NONE',  ( 81.00000000000000000, 524.0000000000001137, 1.836970198721034716E-15 ) ) ;
#3525 = ORIENTED_EDGE ( 'NONE', *, *, #731, .F. ) ;
#3526 = EDGE_CURVE ( 'NONE', #3857, #5891, #1247, .T. ) ;
#3528 = EDGE_CURVE ( 'NONE', #4301, #8281, #8260, .T. ) ;
#3527 = CARTESIAN_POINT ( 'NONE',  ( -100.1552701557798883, 259.1089210392215705, 30.00000000000000000 ) ) ;
#3529 = DIRECTION ( 'NONE',  ( 0.1391731009596333946, -0.9902680687416312022, -3.862829527346660510E-16 ) ) ;
#3530 = CARTESIAN_POINT ( 'NONE',  ( -76.69050372816180072, 446.1195043826199935, -16.09654245335384815 ) ) ;
#3531 = ORIENTED_EDGE ( 'NONE', *, *, #1777, .F. ) ;
#3532 = DIRECTION ( 'NONE',  ( 0.000000000000000000, 0.000000000000000000, 1.000000000000000000 ) ) ;
#3533 = CARTESIAN_POINT ( 'NONE',  ( 104.0000000000000000, 0.000000000000000000, -27.99999999999999645 ) ) ;
#3534 = CIRCLE ( 'NONE', #3807, 4.999999999999994671 ) ;
#3535 = B_SPLINE_CURVE_WITH_KNOTS ( 'NONE', 3,
 ( #1537, #1412, #126, #851, #7275, #5960, #5281, #4609, #7321, #3981 ),
 .UNSPECIFIED., .F., .F.,
 ( 4, 2, 2, 2, 4 ),
 ( 0.000000000000000000, 0.003094800246763181051, 0.006189600493526362102, 0.009284400740289543152, 0.01237920098705272420 ),
 .UNSPECIFIED. ) ;
#3536 = DIRECTION ( 'NONE',  ( 1.000000000000000000, 0.000000000000000000, 0.000000000000000000 ) ) ;
#3537 = DIRECTION ( 'NONE',  ( -0.9902665067186269265, 0.1391842148782959643, 0.000000000000000000 ) ) ;
#3538 = VECTOR ( 'NONE', #5304, 1000.000000000000000 ) ;
#3539 = TOROIDAL_SURFACE ( 'NONE', #3135, 108.9600000000013864, 10.00000000000000000 ) ;
#3541 = ADVANCED_FACE ( 'NONE', ( #6814 ), #5818, .T. ) ;
#3540 = VERTEX_POINT ( 'NONE', #4235 ) ;
#3542 = ORIENTED_EDGE ( 'NONE', *, *, #5710, .F. ) ;
#3543 = DIRECTION ( 'NONE',  ( 0.000000000000000000, -1.000000000000000000, 0.000000000000000000 ) ) ;
#3544 = FACE_OUTER_BOUND ( 'NONE', #1514, .T. ) ;
#3545 = CIRCLE ( 'NONE', #8271, 391.9999999999878924 ) ;
#3546 = CARTESIAN_POINT ( 'NONE',  ( -81.38995579737569130, 335.9809834540445195, 24.71052547871629912 ) ) ;
#3547 = ORIENTED_EDGE ( 'NONE', *, *, #2758, .F. ) ;
#3548 = CARTESIAN_POINT ( 'NONE',  ( 100.9999999999946994, 204.1300253685547546, 24.99999999999999645 ) ) ;
#3549 = AXIS2_PLACEMENT_3D ( 'NONE', #4722, #2718, #163 ) ;
#3550 = VERTEX_POINT ( 'NONE', #2975 ) ;
#3551 = CARTESIAN_POINT ( 'NONE',  ( -88.67391972531214606, 304.8764915927671382, 13.51748292729344492 ) ) ;
#3552 = CARTESIAN_POINT ( 'NONE',  ( -79.00000000000000000, 448.2117885404859408, -20.11179491824637111 ) ) ;
#3553 = CARTESIAN_POINT ( 'NONE',  ( 88.76926981972896158, 304.1980404179250286, -11.55861643308606901 ) ) ;
#3554 = ADVANCED_FACE ( 'NONE', ( #3440 ), #6010, .F. ) ;
#3555 = CARTESIAN_POINT ( 'NONE',  ( -86.39575981089950574, 312.6785397269831037, -16.43694105948251050 ) ) ;
#3556 = AXIS2_PLACEMENT_3D ( 'NONE', #3925, #6505, #709 ) ;
#3557 = VERTEX_POINT ( 'NONE', #903 ) ;
#3558 = FACE_OUTER_BOUND ( 'NONE', #1239, .T. ) ;
#3559 = AXIS2_PLACEMENT_3D ( 'NONE', #6103, #2349, #3650 ) ;
#3560 = DIRECTION ( 'NONE',  ( 2.009438925630560469E-14, -1.000000000000000000, 0.000000000000000000 ) ) ;
#3561 = VERTEX_POINT ( 'NONE', #7499 ) ;
#3562 = DIRECTION ( 'NONE',  ( -1.224646799147353207E-16, -1.000000000000000000, -0.000000000000000000 ) ) ;
#3563 = DIRECTION ( 'NONE',  ( 0.000000000000000000, 0.000000000000000000, 1.000000000000000000 ) ) ;
#3564 = CARTESIAN_POINT ( 'NONE',  ( 86.01691566009594681, 323.7820578707194272, -25.09776014238673625 ) ) ;
#3565 = CARTESIAN_POINT ( 'NONE',  ( 8.673617379884035472E-16, 261.0399999999990541, 15.00000000000000178 ) ) ;
#3566 = DIRECTION ( 'NONE',  ( 0.000000000000000000, 0.000000000000000000, -1.000000000000000000 ) ) ;
#3567 = EDGE_LOOP ( 'NONE', ( #306, #3742, #535, #6392 ) ) ;
#3568 = DIRECTION ( 'NONE',  ( -1.000000000000000000, 0.000000000000000000, 0.000000000000000000 ) ) ;
#3569 = DIRECTION ( 'NONE',  ( 0.9902680687416310912, 0.1391731009596330060, 0.000000000000000000 ) ) ;
#3570 = CARTESIAN_POINT ( 'NONE',  ( -77.10244350842192773, 447.9612229029939954, -13.38194780731209477 ) ) ;
#3571 = ORIENTED_EDGE ( 'NONE', *, *, #2110, .F. ) ;
#3572 = DIRECTION ( 'NONE',  ( 0.000000000000000000, 0.000000000000000000, -1.000000000000000000 ) ) ;
#3573 = CARTESIAN_POINT ( 'NONE',  ( 130.9545922270418430, 18.40446769963992679, 24.99999999999999289 ) ) ;
#3574 = CARTESIAN_POINT ( 'NONE',  ( 104.0000000000000000, -59.00000000000001421, -24.99999999999999645 ) ) ;
#3575 = ADVANCED_FACE ( 'NONE', ( #6343 ), #276, .F. ) ;
#3576 = FACE_OUTER_BOUND ( 'NONE', #1036, .T. ) ;
#3577 = EDGE_CURVE ( 'NONE', #7274, #2079, #591, .T. ) ;
#3578 = ORIENTED_EDGE ( 'NONE', *, *, #3434, .F. ) ;
#3579 = CARTESIAN_POINT ( 'NONE',  ( -108.0774088119515994, 260.2223477814061994, -30.00000000000000000 ) ) ;
#3580 = ORIENTED_EDGE ( 'NONE', *, *, #1527, .T. ) ;
#3581 = CYLINDRICAL_SURFACE ( 'NONE', #5135, 394.0000000000002274 ) ;
#3582 = CARTESIAN_POINT ( 'NONE',  ( 78.99999999999278089, 448.2246046529455157, 15.90773244588407564 ) ) ;
#3583 = EDGE_CURVE ( 'NONE', #4357, #7213, #420, .T. ) ;
#3584 = EDGE_CURVE ( 'NONE', #7111, #1217, #5147, .T. ) ;
#3585 = DIRECTION ( 'NONE',  ( 2.899471024374622626E-06, 0.9999999999957965846, 0.000000000000000000 ) ) ;
#3586 = VERTEX_POINT ( 'NONE', #6559 ) ;
#3587 = ORIENTED_EDGE ( 'NONE', *, *, #7661, .F. ) ;
#3588 = CARTESIAN_POINT ( 'NONE',  ( 83.11362942840986534, 328.4736046882790674, 22.96920092522833201 ) ) ;
#3589 = ORIENTED_EDGE ( 'NONE', *, *, #1325, .T. ) ;
#3590 = CARTESIAN_POINT ( 'NONE',  ( -86.49135078734178705, 312.3357423517797429, 16.28640918824938666 ) ) ;
#3591 = CARTESIAN_POINT ( 'NONE',  ( 87.61837638902922265, 312.3870726884409805, -17.73985049693974503 ) ) ;
#3592 = LINE ( 'NONE', #8201, #3887 ) ;
#3593 = CARTESIAN_POINT ( 'NONE',  ( 489.0000000000001137, 402.3800000000000523, -27.99999999999999289 ) ) ;
#3594 = ORIENTED_EDGE ( 'NONE', *, *, #3019, .T. ) ;
#3595 = EDGE_CURVE ( 'NONE', #6223, #958, #2599, .T. ) ;
#3596 = AXIS2_PLACEMENT_3D ( 'NONE', #4980, #4153, #8093 ) ;
#3597 = CARTESIAN_POINT ( 'NONE',  ( 83.27059758822517210, 338.7824938532942838, -25.18105794573573419 ) ) ;
#3598 = CARTESIAN_POINT ( 'NONE',  ( 98.99999999999998579, -59.00000000000001421, 30.00000000000000000 ) ) ;
#3599 = VERTEX_POINT ( 'NONE', #765 ) ;
#3600 = DIRECTION ( 'NONE',  ( -1.000000000000000000, -1.015794745118902656E-15, 0.000000000000000000 ) ) ;
#3601 = EDGE_CURVE ( 'NONE', #1525, #1128, #7756, .T. ) ;
#3602 = DIRECTION ( 'NONE',  ( 1.000000000000000000, 0.000000000000000000, 0.000000000000000000 ) ) ;
#3603 = FACE_OUTER_BOUND ( 'NONE', #3362, .T. ) ;
#3604 = CARTESIAN_POINT ( 'NONE',  ( 104.0000000000000000, -59.00000000000001421, 30.00000000000000000 ) ) ;
#3605 = CARTESIAN_POINT ( 'NONE',  ( -76.12753965901396214, 438.8388138954477427, 21.86714102959460249 ) ) ;
#3606 = AXIS2_PLACEMENT_3D ( 'NONE', #8069, #2318, #2875 ) ;
#3607 = ORIENTED_EDGE ( 'NONE', *, *, #8226, .T. ) ;
#3608 = CARTESIAN_POINT ( 'NONE',  ( 95.86357670959664290, 347.1282789188523452, 24.99999999999999645 ) ) ;
#3609 = DIRECTION ( 'NONE',  ( -0.000000000000000000, -0.000000000000000000, -1.000000000000000000 ) ) ;
#3610 = PLANE ( 'NONE',  #3515 ) ;
#3611 = AXIS2_PLACEMENT_3D ( 'NONE', #4105, #6560, #766 ) ;
#3612 = ORIENTED_EDGE ( 'NONE', *, *, #190, .F. ) ;
#3613 = DIRECTION ( 'NONE',  ( 0.000000000000000000, 0.000000000000000000, -1.000000000000000000 ) ) ;
#3614 = CARTESIAN_POINT ( 'NONE',  ( 59.00000000000019185, 389.7200000000000273, -43.99999999999999289 ) ) ;
#3615 = DIRECTION ( 'NONE',  ( -0.000000000000000000, -0.000000000000000000, -1.000000000000000000 ) ) ;
#3616 = VECTOR ( 'NONE', #3668, 1000.000000000000114 ) ;
#3617 = ORIENTED_EDGE ( 'NONE', *, *, #4665, .T. ) ;
#3618 = B_SPLINE_CURVE_WITH_KNOTS ( 'NONE', 3,
 ( #1060, #2376, #8250, #4306, #6333, #8291, #4344, #416, #6207, #3011, #496, #6970, #2498, #4932, #3809, #3087 ),
 .UNSPECIFIED., .F., .F.,
 ( 4, 2, 2, 2, 2, 2, 2, 4 ),
 ( 0.000000000000000000, 0.003111288390654844659, 0.004666932585982263952, 0.006222576781309682378, 0.007778220976637100804, 0.008556043074300842544, 0.009333865171964583415, 0.01244515356261959721 ),
 .UNSPECIFIED. ) ;
#3619 = EDGE_CURVE ( 'NONE', #1757, #1272, #1371, .T. ) ;
#3620 = CARTESIAN_POINT ( 'NONE',  ( -84.17419972766285241, 341.7068990327451843, -27.50000000000000355 ) ) ;
#3621 = EDGE_CURVE ( 'NONE', #7763, #6404, #4523, .T. ) ;
#3622 = ORIENTED_EDGE ( 'NONE', *, *, #3847, .T. ) ;
#3623 = CARTESIAN_POINT ( 'NONE',  ( -489.0000000000001137, 402.3800000000000523, 30.00000000000000000 ) ) ;
#3624 = CIRCLE ( 'NONE', #649, 15.00000000000000000 ) ;
#3625 = DIRECTION ( 'NONE',  ( 0.000000000000000000, 0.000000000000000000, 1.000000000000000000 ) ) ;
#3626 = CARTESIAN_POINT ( 'NONE',  ( -80.29855822262743459, 339.8310344225720314, 24.98647535492871796 ) ) ;
#3627 = AXIS2_PLACEMENT_3D ( 'NONE', #3913, #4579, #3286 ) ;
#3628 = CIRCLE ( 'NONE', #7001, 389.9999999999878924 ) ;
#3629 = ORIENTED_EDGE ( 'NONE', *, *, #5172, .T. ) ;
#3630 = AXIS2_PLACEMENT_3D ( 'NONE', #5804, #3287, #7853 ) ;
#3631 = DIRECTION ( 'NONE',  ( 0.000000000000000000, 1.000000000000000000, 0.000000000000000000 ) ) ;
#3632 = ADVANCED_FACE ( 'NONE', ( #43 ), #7476, .F. ) ;
#3633 = ORIENTED_EDGE ( 'NONE', *, *, #6451, .F. ) ;
#3634 = CARTESIAN_POINT ( 'NONE',  ( -88.41544189938593945, 306.7156568892393125, 14.21099640792475327 ) ) ;
#3635 = CARTESIAN_POINT ( 'NONE',  ( 77.21739130434782794, 448.4714566206622521, -10.85786437626900458 ) ) ;
#3636 = LINE ( 'NONE', #455, #1054 ) ;
#3637 = CIRCLE ( 'NONE', #4839, 405.0000000000001137 ) ;
#3638 = CARTESIAN_POINT ( 'NONE',  ( -84.00000000000000000, 0.000000000000000000, -24.99999999999999289 ) ) ;
#3639 = VECTOR ( 'NONE', #4186, 1000.000000000000000 ) ;
#3640 = ORIENTED_EDGE ( 'NONE', *, *, #6846, .T. ) ;
#3641 = ADVANCED_FACE ( 'NONE', ( #5282 ), #7840, .T. ) ;
#3642 = LINE ( 'NONE', #6212, #2159 ) ;
#3643 = ORIENTED_EDGE ( 'NONE', *, *, #1103, .T. ) ;
#3644 = CARTESIAN_POINT ( 'NONE',  ( 111.9999999999999858, 0.000000000000000000, -30.00000000000000000 ) ) ;
#3645 = CARTESIAN_POINT ( 'NONE',  ( 87.86522020091108232, 310.6306877032047282, 16.90386217826337045 ) ) ;
#3646 = CYLINDRICAL_SURFACE ( 'NONE', #3072, 389.9999999999878924 ) ;
#3647 = AXIS2_PLACEMENT_3D ( 'NONE', #1800, #3103, #89 ) ;
#3648 = CARTESIAN_POINT ( 'NONE',  ( -78.37447915763804929, 432.5890328454208884, 25.04280411883848956 ) ) ;
#3649 = ORIENTED_EDGE ( 'NONE', *, *, #3426, .T. ) ;
#3650 = DIRECTION ( 'NONE',  ( 0.9902680687416325345, 0.1391731009596222646, 0.000000000000000000 ) ) ;
#3651 = ORIENTED_EDGE ( 'NONE', *, *, #1092, .T. ) ;
#3652 = CARTESIAN_POINT ( 'NONE',  ( 117.0000000016510313, 524.0000000000001137, 1.836970198721033139E-15 ) ) ;
#3653 = ORIENTED_EDGE ( 'NONE', *, *, #3214, .T. ) ;
#3654 = CARTESIAN_POINT ( 'NONE',  ( 98.99999999999469935, 204.1300253685546977, 24.99999999999999645 ) ) ;
#3655 = FACE_OUTER_BOUND ( 'NONE', #1990, .T. ) ;
#3656 = DIRECTION ( 'NONE',  ( 0.000000000000000000, 0.000000000000000000, -1.000000000000000000 ) ) ;
#3657 = AXIS2_PLACEMENT_3D ( 'NONE', #6021, #2826, #7427 ) ;
#3658 = CARTESIAN_POINT ( 'NONE',  ( 117.0000000016515855, 389.7200000000000273, -37.00000000000000711 ) ) ;
#3659 = EDGE_LOOP ( 'NONE', ( #7739, #7686, #1196, #6772 ) ) ;
#3660 = DIRECTION ( 'NONE',  ( 1.000000000000000000, 0.000000000000000000, 0.000000000000000000 ) ) ;
#3661 = AXIS2_PLACEMENT_3D ( 'NONE', #103, #6580, #7218 ) ;
#3662 = AXIS2_PLACEMENT_3D ( 'NONE', #6601, #5198, #4610 ) ;
#3663 = AXIS2_PLACEMENT_3D ( 'NONE', #3804, #30, #6811 ) ;
#3664 = CARTESIAN_POINT ( 'NONE',  ( -290.9999999983658086, 204.1311561622549107, -24.99999999999999289 ) ) ;
#3665 = ORIENTED_EDGE ( 'NONE', *, *, #7469, .T. ) ;
#3666 = DIRECTION ( 'NONE',  ( 1.015794745118904431E-15, 1.000000000000000000, 0.000000000000000000 ) ) ;
#3667 = DIRECTION ( 'NONE',  ( -0.1391731009596217095, 0.9902680687416327565, -0.000000000000000000 ) ) ;
#3668 = DIRECTION ( 'NONE',  ( 0.1391731009604045555, -0.9902680687415226224, -0.000000000000000000 ) ) ;
#3669 = AXIS2_PLACEMENT_3D ( 'NONE', #3574, #4247, #4641 ) ;
#3670 = ORIENTED_EDGE ( 'NONE', *, *, #3331, .F. ) ;
#3671 = CARTESIAN_POINT ( 'NONE',  ( 85.34978096675992276, 326.8542228384588952, 23.64108761899478495 ) ) ;
#3672 = ORIENTED_EDGE ( 'NONE', *, *, #6963, .T. ) ;
#3673 = AXIS2_PLACEMENT_3D ( 'NONE', #8225, #1760, #4494 ) ;
#3674 = CARTESIAN_POINT ( 'NONE',  ( -87.32218052700392263, 314.4946157570004743, 20.92276985688606317 ) ) ;
#3675 = CARTESIAN_POINT ( 'NONE',  ( 88.55660190378488039, 305.7112512680286613, -13.06072887826962692 ) ) ;
#3676 = DIRECTION ( 'NONE',  ( 1.000000000000000000, 0.000000000000000000, 0.000000000000000000 ) ) ;
#3677 = DIRECTION ( 'NONE',  ( 0.000000000000000000, 1.000000000000000000, -0.000000000000000000 ) ) ;
#3678 = EDGE_CURVE ( 'NONE', #6092, #3399, #7052, .T. ) ;
#3679 = EDGE_CURVE ( 'NONE', #1176, #3163, #7462, .T. ) ;
#3680 = ORIENTED_EDGE ( 'NONE', *, *, #5978, .T. ) ;
#3681 = DIRECTION ( 'NONE',  ( -2.833731016493593558E-06, -0.9999999999919699789, -2.833731016505109394E-06 ) ) ;
#3682 = VERTEX_POINT ( 'NONE', #8342 ) ;
#3683 = CARTESIAN_POINT ( 'NONE',  ( -290.9999999983658086, 204.1311561622549107, 24.99999999999999645 ) ) ;
#3684 = VECTOR ( 'NONE', #4838, 1000.000000000000000 ) ;
#3685 = CARTESIAN_POINT ( 'NONE',  ( 88.41544189938591103, 306.7156568892488622, 14.21099640792473551 ) ) ;
#3686 = CARTESIAN_POINT ( 'NONE',  ( 85.73285351710332236, 325.2214417901755041, 23.12402105296899890 ) ) ;
#3687 = CARTESIAN_POINT ( 'NONE',  ( -75.93437305541431215, 436.1535059691718743, 23.52954942937385141 ) ) ;
#3688 = ADVANCED_FACE ( 'NONE', ( #2548, #7705 ), #1912, .T. ) ;
#3689 = EDGE_CURVE ( 'NONE', #5904, #3844, #4567, .T. ) ;
#3690 = VERTEX_POINT ( 'NONE', #7072 ) ;
#3691 = AXIS2_PLACEMENT_3D ( 'NONE', #871, #3447, #3960 ) ;
#3692 = CARTESIAN_POINT ( 'NONE',  ( 79.64549731737679394, 431.5251242532472702, 27.45935737569309865 ) ) ;
#3693 = ORIENTED_EDGE ( 'NONE', *, *, #8226, .F. ) ;
#3694 = CARTESIAN_POINT ( 'NONE',  ( 76.82628071797978464, 446.7289358868172258, -15.40996553462859175 ) ) ;
#3695 = ORIENTED_EDGE ( 'NONE', *, *, #2954, .F. ) ;
#3696 = CARTESIAN_POINT ( 'NONE',  ( -75.33974596215564645, 429.3405386945350415, -25.00000000000000000 ) ) ;
#3697 = CARTESIAN_POINT ( 'NONE',  ( 85.14916676944930884, 316.9951061200580398, -17.92893218813447476 ) ) ;
#3698 = CARTESIAN_POINT ( 'NONE',  ( 100.9999999999946994, 204.1300253685547261, 30.00000000000000000 ) ) ;
#3699 = LINE ( 'NONE', #1125, #4416 ) ;
#3700 = ORIENTED_EDGE ( 'NONE', *, *, #2808, .T. ) ;
#3701 = DIRECTION ( 'NONE',  ( -0.000000000000000000, 0.000000000000000000, 1.000000000000000000 ) ) ;
#3702 = DIRECTION ( 'NONE',  ( 1.000000000000000000, 3.558407130208945486E-15, 0.000000000000000000 ) ) ;
#3703 = ORIENTED_EDGE ( 'NONE', *, *, #614, .T. ) ;
#3704 = FACE_OUTER_BOUND ( 'NONE', #4111, .T. ) ;
#3705 = DIRECTION ( 'NONE',  ( 0.000000000000000000, -1.000000000000000000, 0.000000000000000000 ) ) ;
#3706 = EDGE_CURVE ( 'NONE', #4178, #1083, #6907, .T. ) ;
#3707 = CARTESIAN_POINT ( 'NONE',  ( -79.00000000000000000, 449.5690831741374041, -18.53170900041209279 ) ) ;
#3708 = B_SPLINE_CURVE_WITH_KNOTS ( 'NONE', 3,
 ( #4360, #7426, #8148, #5586, #1802, #3737, #2432, #3028, #8181, #4912 ),
 .UNSPECIFIED., .F., .F.,
 ( 4, 2, 2, 2, 4 ),
 ( 0.000000000000000000, 0.003102610504627141726, 0.006205221009254283451, 0.009307831513881426044, 0.01241044201850856690 ),
 .UNSPECIFIED. ) ;
#3709 = ORIENTED_EDGE ( 'NONE', *, *, #2005, .F. ) ;
#3710 = ORIENTED_EDGE ( 'NONE', *, *, #5328, .T. ) ;
#3711 = DIRECTION ( 'NONE',  ( -0.000000000000000000, 0.000000000000000000, 1.000000000000000000 ) ) ;
#3712 = AXIS2_PLACEMENT_3D ( 'NONE', #3343, #5272, #7063 ) ;
#3713 = EDGE_CURVE ( 'NONE', #531, #813, #6370, .T. ) ;
#3714 = ORIENTED_EDGE ( 'NONE', *, *, #743, .F. ) ;
#3715 = DIRECTION ( 'NONE',  ( -0.9902680687415226224, 0.1391731009604053604, 0.000000000000000000 ) ) ;
#3716 = DIRECTION ( 'NONE',  ( -0.000000000000000000, -0.000000000000000000, -1.000000000000000000 ) ) ;
#3717 = CARTESIAN_POINT ( 'NONE',  ( -83.93619253030698246, 324.8289773764740858, -21.46446609407570705 ) ) ;
#3718 = FACE_OUTER_BOUND ( 'NONE', #6072, .T. ) ;
#3719 = ORIENTED_EDGE ( 'NONE', *, *, #4257, .T. ) ;
#3721 = EDGE_CURVE ( 'NONE', #4389, #5562, #7189, .T. ) ;
#3720 = CARTESIAN_POINT ( 'NONE',  ( -94.99999999999985789, 402.3800000000001091, 30.00000000000000000 ) ) ;
#3722 = ADVANCED_FACE ( 'NONE', ( #2885 ), #3539, .T. ) ;
#3723 = VERTEX_POINT ( 'NONE', #3512 ) ;
#3724 = CARTESIAN_POINT ( 'NONE',  ( 75.97794692247109083, 437.2344702217690724, -22.97006236292142134 ) ) ;
#3725 = CARTESIAN_POINT ( 'NONE',  ( 88.20444217679690269, 306.0434075515210566, 11.98855632418769090 ) ) ;
#3726 = CARTESIAN_POINT ( 'NONE',  ( 78.99999999999998579, 447.4529636368254160, 20.82022248481312232 ) ) ;
#3727 = CARTESIAN_POINT ( 'NONE',  ( -78.41207688061217596, 433.9446260746863118, 24.87220409699454393 ) ) ;
#3728 = ORIENTED_EDGE ( 'NONE', *, *, #2807, .F. ) ;
#3729 = ORIENTED_EDGE ( 'NONE', *, *, #5708, .F. ) ;
#3730 = AXIS2_PLACEMENT_3D ( 'NONE', #6458, #4512, #5099 ) ;
#3731 = CARTESIAN_POINT ( 'NONE',  ( 78.53014330582881541, 436.8968961527285728, 24.09898555815885857 ) ) ;
#3732 = ORIENTED_EDGE ( 'NONE', *, *, #2196, .T. ) ;
#3733 = ADVANCED_FACE ( 'NONE', ( #5961 ), #4595, .F. ) ;
#3734 =( BOUNDED_SURFACE ( )  B_SPLINE_SURFACE ( 3, 2, ( 
 ( #3477, #6131, #2252 ),
 ( #1581, #255, #2848 ),
 ( #7923, #1623, #983 ),
 ( #5411, #338, #2927 ),
 ( #5491, #8090, #2294 ),
 ( #4860, #7454, #3757 ),
 ( #3125, #1902, #8376 ),
 ( #1943, #3886, #5186 ),
 ( #3206, #6852, #8132 ),
 ( #4419, #6328, #6457 ),
 ( #6375, #663, #3846 ),
 ( #7692, #5729, #1276 ),
 ( #1316, #8287, #8326 ),
 ( #536, #2494, #1023 ),
 ( #3257, #4232, #1859 ),
 ( #7496, #7012, #6414 ) ),
 .UNSPECIFIED., .F., .F., .F. ) 
 B_SPLINE_SURFACE_WITH_KNOTS ( ( 4, 2, 2, 2, 2, 2, 2, 4 ),
 ( 3, 3 ),
 ( 0.000000000000000000, 0.004114936661423007104, 0.006172404992134511090, 0.008229873322846014208, 0.01028734165355751906, 0.01234480998426902218, 0.01440227831498052530, 0.01645974664569202842 ),
 ( 0.000000000000000000, 1.000000000000000000 ),
 .UNSPECIFIED. ) 
 GEOMETRIC_REPRESENTATION_ITEM ( )  RATIONAL_B_SPLINE_SURFACE ( (
 ( 1.000000000000000000, 0.9053250720433936305, 1.000000000000000000),
 ( 1.000000000000000000, 0.9153151495388889280, 1.000000000000000000),
 ( 1.000000000000000000, 0.9247205559207064551, 1.000000000000000000),
 ( 1.000000000000000000, 0.9379175678556529450, 1.000000000000000000),
 ( 1.000000000000000000, 0.9421645076075813030, 1.000000000000000000),
 ( 1.000000000000000000, 0.9503368226478678960, 1.000000000000000000),
 ( 1.000000000000000000, 0.9542663239349091775, 1.000000000000000000),
 ( 1.000000000000000000, 0.9617530472511248707, 1.000000000000000000),
 ( 1.000000000000000000, 0.9652832996056595061, 1.000000000000000000),
 ( 1.000000000000000000, 0.9718368775574917073, 1.000000000000000000),
 ( 1.000000000000000000, 0.9748752206174984281, 1.000000000000000000),
 ( 1.000000000000000000, 0.9801085412152286125, 1.000000000000000000),
 ( 1.000000000000000000, 0.9823316977715479403, 1.000000000000000000),
 ( 1.000000000000000000, 0.9855738711462582735, 1.000000000000000000),
 ( 1.000000000000000000, 0.9864753215165756872, 1.000000000000000000),
 ( 1.000000000000000000, 0.9864768133727754851, 1.000000000000000000) ) ) 
 REPRESENTATION_ITEM ( '' )  SURFACE ( )  );
#3735 = CARTESIAN_POINT ( 'NONE',  ( 79.00000000000000000, 444.7029275826975550, -19.00627177607097451 ) ) ;
#3736 = EDGE_LOOP ( 'NONE', ( #4521, #1411 ) ) ;
#3737 = CARTESIAN_POINT ( 'NONE',  ( -79.49762365303401168, 434.4860257544765432, -27.18282955556420788 ) ) ;
#3738 = DIRECTION ( 'NONE',  ( -0.09522540226919964934, -0.8804147036601248644, 0.4645450164857262143 ) ) ;
#3739 = AXIS2_PLACEMENT_3D ( 'NONE', #3160, #7555, #8368 ) ;
#3740 = CARTESIAN_POINT ( 'NONE',  ( -88.22480000751755824, 308.0721444344990800, 17.06218309535058708 ) ) ;
#3741 = CARTESIAN_POINT ( 'NONE',  ( -91.99999999999985789, 402.3799999999999955, -27.99999999999999645 ) ) ;
#3742 = ORIENTED_EDGE ( 'NONE', *, *, #6441, .T. ) ;
#3743 = CARTESIAN_POINT ( 'NONE',  ( 83.65344563923025589, 345.4122569063987953, 27.49999999999996092 ) ) ;
#3744 = EDGE_CURVE ( 'NONE', #4014, #7054, #6647, .T. ) ;
#3745 = LINE ( 'NONE', #7254, #267 ) ;
#3746 = ORIENTED_EDGE ( 'NONE', *, *, #6794, .T. ) ;
#3747 = CARTESIAN_POINT ( 'NONE',  ( 94.99999999999945999, -9.650050078629536914E-14, 24.99999999999999645 ) ) ;
#3748 = LINE ( 'NONE', #3117, #6291 ) ;
#3749 = UNCERTAINTY_MEASURE_WITH_UNIT (LENGTH_MEASURE( 1.000000000000000082E-05 ), #8218, 'distance_accuracy_value', 'NONE');
#3750 = DIRECTION ( 'NONE',  ( -9.251858538542961967E-16, -1.000000000000000000, 0.000000000000000000 ) ) ;
#3751 = ORIENTED_EDGE ( 'NONE', *, *, #2350, .T. ) ;
#3752 = VERTEX_POINT ( 'NONE', #1538 ) ;
#3753 = DIRECTION ( 'NONE',  ( 0.1391731009604046665, 0.9902680687415226224, -0.000000000000000000 ) ) ;
#3754 = EDGE_CURVE ( 'NONE', #8350, #5522, #206, .T. ) ;
#3755 = CIRCLE ( 'NONE', #5096, 2.999999999999999112 ) ;
#3756 = VERTEX_POINT ( 'NONE', #3635 ) ;
#3757 = CARTESIAN_POINT ( 'NONE',  ( -86.80439080099013438, 311.2180086607910994, -15.80054460984609399 ) ) ;
#3758 = CARTESIAN_POINT ( 'NONE',  ( 79.88621320722876362, 341.1042618279730618, 25.00000000000000000 ) ) ;
#3759 = CARTESIAN_POINT ( 'NONE',  ( 88.07033484500384191, 309.1712211750154893, -17.88640208785729868 ) ) ;
#3760 = CARTESIAN_POINT ( 'NONE',  ( 83.87269652933012765, 325.2379360665101444, -21.66136008683440295 ) ) ;
#3761 = DIRECTION ( 'NONE',  ( 0.000000000000000000, 0.000000000000000000, 1.000000000000000000 ) ) ;
#3762 = DIRECTION ( 'NONE',  ( 0.000000000000000000, 0.000000000000000000, 1.000000000000000000 ) ) ;
#3763 = TOROIDAL_SURFACE ( 'NONE', #6600, 403.0000000000167688, 5.000000000000000000 ) ;
#3764 = ORIENTED_EDGE ( 'NONE', *, *, #1477, .F. ) ;
#3765 = DIRECTION ( 'NONE',  ( 0.000000000000000000, 0.000000000000000000, -1.000000000000000000 ) ) ;
#3766 = AXIS2_PLACEMENT_3D ( 'NONE', #2645, #1451, #3351 ) ;
#3767 = LINE ( 'NONE', #3720, #3774 ) ;
#3768 = ORIENTED_EDGE ( 'NONE', *, *, #4146, .F. ) ;
#3769 = CARTESIAN_POINT ( 'NONE',  ( 79.19699856154382189, 438.2671687664266642, -26.39716207194991782 ) ) ;
#3770 = TOROIDAL_SURFACE ( 'NONE', #8100, 394.9999999999878924, 5.000000000000000000 ) ;
#3771 = CARTESIAN_POINT ( 'NONE',  ( 88.50320154993501376, 306.0912145289100295, 15.18498376604229172 ) ) ;
#3772 = DIRECTION ( 'NONE',  ( -0.000000000000000000, 0.000000000000000000, 1.000000000000000000 ) ) ;
#3773 = CARTESIAN_POINT ( 'NONE',  ( -79.36016518601648784, 436.2938260559618016, 26.86603250055737746 ) ) ;
#3774 = VECTOR ( 'NONE', #3092, 1000.000000000000000 ) ;
#3775 = ORIENTED_EDGE ( 'NONE', *, *, #2673, .F. ) ;
#3776 = CARTESIAN_POINT ( 'NONE',  ( 78.50512575686352079, 436.4975161233031713, 24.23656723205195007 ) ) ;
#3777 = ORIENTED_EDGE ( 'NONE', *, *, #1880, .F. ) ;
#3778 = AXIS2_PLACEMENT_3D ( 'NONE', #523, #4406, #6316 ) ;
#3779 = CARTESIAN_POINT ( 'NONE',  ( 79.00000000000000000, 452.1569313044057026, -12.92700391390788184 ) ) ;
#3780 = EDGE_LOOP ( 'NONE', ( #5224, #3509, #8209, #2353 ) ) ;
#3781 = CARTESIAN_POINT ( 'NONE',  ( -115.0000000016510029, 204.1311561622549107, 24.99999999999999645 ) ) ;
#3782 = DIRECTION ( 'NONE',  ( 0.9902680687415703620, -0.1391731009600660485, 0.000000000000000000 ) ) ;
#3783 = CARTESIAN_POINT ( 'NONE',  ( -88.43780743046184512, 306.5565178666330439, 15.68862281716098828 ) ) ;
#3784 = CARTESIAN_POINT ( 'NONE',  ( 84.97062795343929054, 345.5973748082924430, 24.99999999999999289 ) ) ;
#3785 = EDGE_CURVE ( 'NONE', #5895, #5724, #6162, .T. ) ;
#3786 = ADVANCED_FACE ( 'NONE', ( #374 ), #5606, .T. ) ;
#3787 = AXIS2_PLACEMENT_3D ( 'NONE', #5043, #563, #2522 ) ;
#3788 = ORIENTED_EDGE ( 'NONE', *, *, #886, .F. ) ;
#3789 = DIRECTION ( 'NONE',  ( 0.000000000000000000, 0.000000000000000000, 1.000000000000000000 ) ) ;
#3790 = FACE_OUTER_BOUND ( 'NONE', #5959, .T. ) ;
#3791 = ORIENTED_EDGE ( 'NONE', *, *, #1834, .T. ) ;
#3792 = DIRECTION ( 'NONE',  ( -1.000000000000000000, 0.000000000000000000, 0.000000000000000000 ) ) ;
#3793 = AXIS2_PLACEMENT_3D ( 'NONE', #2998, #4842, #8116 ) ;
#3794 = DIRECTION ( 'NONE',  ( -1.015794745118904431E-15, -1.000000000000000000, 0.000000000000000000 ) ) ;
#3795 = DIRECTION ( 'NONE',  ( -0.1391731009596217095, 0.9902680687416327565, -0.000000000000000000 ) ) ;
#3796 = CARTESIAN_POINT ( 'NONE',  ( -79.00000000000001421, 452.1569313045373519, -12.92700391393035275 ) ) ;
#3797 = ADVANCED_FACE ( 'NONE', ( #7567 ), #3009, .T. ) ;
#3798 = ORIENTED_EDGE ( 'NONE', *, *, #6644, .T. ) ;
#3799 = AXIS2_PLACEMENT_3D ( 'NONE', #4369, #5088, #610 ) ;
#3800 = AXIS2_PLACEMENT_3D ( 'NONE', #6702, #229, #397 ) ;
#3801 = ORIENTED_EDGE ( 'NONE', *, *, #7367, .T. ) ;
#3802 = CARTESIAN_POINT ( 'NONE',  ( 81.38986878888579213, 335.9813115733260247, 24.71055905129943397 ) ) ;
#3803 = ORIENTED_EDGE ( 'NONE', *, *, #5976, .T. ) ;
#3804 = CARTESIAN_POINT ( 'NONE',  ( -79.00000000000000000, 508.9999999999998863, 0.000000000000000000 ) ) ;
#3805 = DIRECTION ( 'NONE',  ( -1.000000000000000000, 0.000000000000000000, 0.000000000000000000 ) ) ;
#3806 = FACE_OUTER_BOUND ( 'NONE', #3002, .T. ) ;
#3807 = AXIS2_PLACEMENT_3D ( 'NONE', #5077, #3738, #5587 ) ;
#3808 = DIRECTION ( 'NONE',  ( 0.000000000000000000, 1.000000000000000000, 0.000000000000000000 ) ) ;
#3809 = CARTESIAN_POINT ( 'NONE',  ( 79.00000000000000000, 452.2987785557372717, -11.90549674541247960 ) ) ;
#3810 = LINE ( 'NONE', #3306, #7142 ) ;
#3811 = ORIENTED_EDGE ( 'NONE', *, *, #57, .F. ) ;
#3812 = DIRECTION ( 'NONE',  ( 0.000000000000000000, 1.000000000000000000, -0.000000000000000000 ) ) ;
#3813 = AXIS2_PLACEMENT_3D ( 'NONE', #167, #3471, #2922 ) ;
#3814 = DIRECTION ( 'NONE',  ( -0.000000000000000000, -0.000000000000000000, -1.000000000000000000 ) ) ;
#3815 = ORIENTED_EDGE ( 'NONE', *, *, #5802, .T. ) ;
#3816 = DIRECTION ( 'NONE',  ( -1.000000000000000000, 0.000000000000000000, 0.000000000000000000 ) ) ;
#3817 = CARTESIAN_POINT ( 'NONE',  ( 87.01750970147823239, 316.6624613242468058, 19.30763609674503201 ) ) ;
#3818 = CARTESIAN_POINT ( 'NONE',  ( -76.13679048190995502, 438.5910271985755458, 22.07106781186551814 ) ) ;
#3819 = FACE_BOUND ( 'NONE', #7954, .T. ) ;
#3820 = VECTOR ( 'NONE', #7486, 1000.000000000000000 ) ;
#3821 = EDGE_LOOP ( 'NONE', ( #277, #3345, #335, #6809 ) ) ;
#3822 = ORIENTED_EDGE ( 'NONE', *, *, #3952, .T. ) ;
#3823 = CIRCLE ( 'NONE', #7749, 394.9999999999878924 ) ;
#3824 = FACE_OUTER_BOUND ( 'NONE', #3994, .T. ) ;
#3825 = ORIENTED_EDGE ( 'NONE', *, *, #6061, .T. ) ;
#3826 = DIRECTION ( 'NONE',  ( 1.000000000000000000, 0.000000000000000000, 0.000000000000000000 ) ) ;
#3827 = LINE ( 'NONE', #7545, #7726 ) ;
#3828 = CARTESIAN_POINT ( 'NONE',  ( -87.49479668911989449, 313.2663879434826413, 20.33097646579507511 ) ) ;
#3829 = CARTESIAN_POINT ( 'NONE',  ( 88.22480000751754403, 308.0721444344989095, 17.06218309535056932 ) ) ;
#3830 = AXIS2_PLACEMENT_3D ( 'NONE', #3194, #5761, #6912 ) ;
#3831 = ORIENTED_EDGE ( 'NONE', *, *, #7289, .F. ) ;
#3832 = DIRECTION ( 'NONE',  ( -1.015794745118904037E-15, 1.000000000000000000, -0.000000000000000000 ) ) ;
#3833 = DIRECTION ( 'NONE',  ( 1.000000000000000000, 0.000000000000000000, 0.000000000000000000 ) ) ;
#3834 = ORIENTED_EDGE ( 'NONE', *, *, #7053, .T. ) ;
#3835 = ADVANCED_FACE ( 'NONE', ( #412 ), #327, .F. ) ;
#3836 = EDGE_CURVE ( 'NONE', #51, #4372, #3006, .T. ) ;
#3837 = DIRECTION ( 'NONE',  ( 0.000000000000000000, 0.000000000000000000, -1.000000000000000000 ) ) ;
#3838 = DIRECTION ( 'NONE',  ( 0.9902680687416325345, 0.1391731009596222646, -1.156482317317873697E-15 ) ) ;
#3839 = EDGE_CURVE ( 'NONE', #4201, #1161, #8140, .T. ) ;
#3840 = DIRECTION ( 'NONE',  ( 0.000000000000000000, 1.000000000000000000, 0.000000000000000000 ) ) ;
#3841 = ORIENTED_EDGE ( 'NONE', *, *, #3008, .T. ) ;
#3842 = VERTEX_POINT ( 'NONE', #3170 ) ;
#3843 = CARTESIAN_POINT ( 'NONE',  ( 84.30459863850543911, 332.6954881177485390, 24.84312549134956782 ) ) ;
#3844 = VERTEX_POINT ( 'NONE', #5865 ) ;
#3845 = EDGE_CURVE ( 'NONE', #1774, #2541, #5189, .T. ) ;
#3846 = CARTESIAN_POINT ( 'NONE',  ( -87.78770256640393654, 307.6165400727964538, -13.74139491171306027 ) ) ;
#3847 = EDGE_CURVE ( 'NONE', #5073, #889, #1256, .T. ) ;
#3848 = CARTESIAN_POINT ( 'NONE',  ( 87.14584108898678494, 315.7493360551338810, 21.46446609406723738 ) ) ;
#3849 = CARTESIAN_POINT ( 'NONE',  ( 35.00000000000000000, 389.7200000000000273, -37.00000000000000711 ) ) ;
#3850 = CARTESIAN_POINT ( 'NONE',  ( 76.13679048190853393, 438.5910271985745794, 22.07106781186551814 ) ) ;
#3851 = DIRECTION ( 'NONE',  ( -0.000000000000000000, -1.000000000000000000, 0.000000000000000000 ) ) ;
#3852 = FACE_OUTER_BOUND ( 'NONE', #6541, .T. ) ;
#3853 = ORIENTED_EDGE ( 'NONE', *, *, #6678, .F. ) ;
#3854 = CARTESIAN_POINT ( 'NONE',  ( -129.6374099128328226, 18.21934979774641050, -27.50000000000000355 ) ) ;
#3855 = DIRECTION ( 'NONE',  ( -1.000000000000000000, -1.023284752087778828E-15, -0.000000000000000000 ) ) ;
#3856 = ADVANCED_FACE ( 'NONE', ( #3929, #5907 ), #7828, .T. ) ;
#3857 = VERTEX_POINT ( 'NONE', #581 ) ;
#3858 = DIRECTION ( 'NONE',  ( 0.000000000000000000, 1.000000000000000000, 0.000000000000000000 ) ) ;
#3859 = CARTESIAN_POINT ( 'NONE',  ( -35.00000000000000000, 389.7200000000000273, -37.00000000000000711 ) ) ;
#3860 = LINE ( 'NONE', #3140, #629 ) ;
#3861 = DIRECTION ( 'NONE',  ( -1.000000000000000000, 0.000000000000000000, 0.000000000000000000 ) ) ;
#3862 = EDGE_LOOP ( 'NONE', ( #1203, #2604, #1170, #5717 ) ) ;
#3863 = EDGE_CURVE ( 'NONE', #958, #4795, #4532, .T. ) ;
#3864 = CARTESIAN_POINT ( 'NONE',  ( 75.97798427507306940, 437.2335859843853996, 22.97027981341037872 ) ) ;
#3865 = EDGE_LOOP ( 'NONE', ( #7820, #5267, #1888, #967 ) ) ;
#3866 = ADVANCED_FACE ( 'NONE', ( #3806 ), #4555, .F. ) ;
#3867 = CARTESIAN_POINT ( 'NONE',  ( -75.80227410636668139, 432.6761172423781545, -24.69291203989414285 ) ) ;
#3868 = EDGE_LOOP ( 'NONE', ( #6679, #3233, #5542, #2214 ) ) ;
#3869 = DIRECTION ( 'NONE',  ( 0.000000000000000000, -1.000000000000000000, 0.000000000000000000 ) ) ;
#3870 = DIRECTION ( 'NONE',  ( 0.000000000000000000, -0.000000000000000000, -1.000000000000000000 ) ) ;
#3871 = DIRECTION ( 'NONE',  ( 0.000000000000000000, 0.000000000000000000, -1.000000000000000000 ) ) ;
#3872 = CARTESIAN_POINT ( 'NONE',  ( 76.85126759054264767, 446.8407818152354025, -15.26940019601173226 ) ) ;
#3873 = ORIENTED_EDGE ( 'NONE', *, *, #7712, .T. ) ;
#3874 = DIRECTION ( 'NONE',  ( -0.9902680687416326455, 0.1391731009596220703, 0.000000000000000000 ) ) ;
#3875 = CARTESIAN_POINT ( 'NONE',  ( 79.00000000000000000, 494.0000000000001137, 0.000000000000000000 ) ) ;
#3876 = ORIENTED_EDGE ( 'NONE', *, *, #4952, .F. ) ;
#3877 = DIRECTION ( 'NONE',  ( -1.000000000000000000, -2.009438925630560469E-14, 0.000000000000000000 ) ) ;
#3878 = CARTESIAN_POINT ( 'NONE',  ( -85.34978096671510173, 326.8542228384349073, -23.64108761903912637 ) ) ;
#3879 = CARTESIAN_POINT ( 'NONE',  ( 114.9999999999999858, 1.000000000000223599, 0.000000000000000000 ) ) ;
#3880 = CIRCLE ( 'NONE', #5760, 2.999999999999993783 ) ;
#3881 = ORIENTED_EDGE ( 'NONE', *, *, #6410, .T. ) ;
#3882 = EDGE_CURVE ( 'NONE', #6818, #1128, #974, .T. ) ;
#3883 = ORIENTED_EDGE ( 'NONE', *, *, #230, .F. ) ;
#3884 = CARTESIAN_POINT ( 'NONE',  ( 84.41222593022749265, 332.0333856540295869, 24.74670145751223060 ) ) ;
#3885 = VERTEX_POINT ( 'NONE', #7146 ) ;
#3886 = CARTESIAN_POINT ( 'NONE',  ( -88.10117998954262930, 308.9517465674811660, -15.94613572168328908 ) ) ;
#3887 = VECTOR ( 'NONE', #1059, 1000.000000000000000 ) ;
#3888 = FACE_OUTER_BOUND ( 'NONE', #900, .T. ) ;
#3889 = CARTESIAN_POINT ( 'NONE',  ( -88.74821243421307315, 304.3478715012578277, -12.22967161603309627 ) ) ;
#3890 = CARTESIAN_POINT ( 'NONE',  ( -290.9999999983658086, 204.1311561622549107, -30.00000000000000000 ) ) ;
#3891 = CARTESIAN_POINT ( 'NONE',  ( 79.00000000000000000, 442.1664864017372452, -24.99999999999999645 ) ) ;
#3892 = EDGE_CURVE ( 'NONE', #1014, #7878, #6377, .T. ) ;
#3893 = ORIENTED_EDGE ( 'NONE', *, *, #7953, .F. ) ;
#3894 = TOROIDAL_SURFACE ( 'NONE', #6595, 405.0000000000001137, 3.000000000000000000 ) ;
#3895 = CARTESIAN_POINT ( 'NONE',  ( 83.93619253030962568, 324.8289773764569190, 21.46446609406723738 ) ) ;
#3896 = DIRECTION ( 'NONE',  ( 9.251858538542971828E-16, -1.000000000000000000, 0.000000000000000000 ) ) ;
#3897 = ORIENTED_EDGE ( 'NONE', *, *, #3528, .F. ) ;
#3898 = CARTESIAN_POINT ( 'NONE',  ( 79.00000000000000000, 446.6320201490437967, 21.46446609406712014 ) ) ;
#3899 = CARTESIAN_POINT ( 'NONE',  ( -108.0774088119515994, 260.2223477814061994, -24.99999999999999645 ) ) ;
#3900 = VECTOR ( 'NONE', #5869, 1000.000000000000000 ) ;
#3901 = DIRECTION ( 'NONE',  ( -0.000000000000000000, 0.000000000000000000, 1.000000000000000000 ) ) ;
#3902 = VERTEX_POINT ( 'NONE', #5776 ) ;
#3903 = CIRCLE ( 'NONE', #3497, 5.000000000000004441 ) ;
#3904 = EDGE_CURVE ( 'NONE', #1283, #410, #4418, .T. ) ;
#3905 = VERTEX_POINT ( 'NONE', #3259 ) ;
#3906 = AXIS2_PLACEMENT_3D ( 'NONE', #4678, #3424, #7949 ) ;
#3907 = CARTESIAN_POINT ( 'NONE',  ( -75.76165808822953807, 432.1913914510956261, 24.78041926498369563 ) ) ;
#3908 = ORIENTED_EDGE ( 'NONE', *, *, #886, .T. ) ;
#3909 = CARTESIAN_POINT ( 'NONE',  ( -79.43902046422165597, 435.2739072629521502, -27.05127450113987919 ) ) ;
#3910 = ORIENTED_EDGE ( 'NONE', *, *, #8202, .T. ) ;
#3911 = LINE ( 'NONE', #4397, #3337 ) ;
#3912 = CARTESIAN_POINT ( 'NONE',  ( 88.27822797942748423, 305.7617627650388954, -11.00783321702671813 ) ) ;
#3913 = CARTESIAN_POINT ( 'NONE',  ( 117.0000000016515855, 389.7200000000000273, -37.00000000000000711 ) ) ;
#3914 = FACE_BOUND ( 'NONE', #4347, .T. ) ;
#3915 = AXIS2_PLACEMENT_3D ( 'NONE', #5952, #1531, #4095 ) ;
#3916 = ORIENTED_EDGE ( 'NONE', *, *, #6368, .F. ) ;
#3917 = CIRCLE ( 'NONE', #2970, 394.9999999999878924 ) ;
#3918 = DIRECTION ( 'NONE',  ( 0.000000000000000000, 1.000000000000000000, -0.000000000000000000 ) ) ;
#3919 = DIRECTION ( 'NONE',  ( -0.000000000000000000, -0.000000000000000000, -1.000000000000000000 ) ) ;
#3920 = VERTEX_POINT ( 'NONE', #1232 ) ;
#3921 = CARTESIAN_POINT ( 'NONE',  ( 79.00000000000000000, 442.1664864017286050, -25.00000000002460609 ) ) ;
#3922 = FACE_OUTER_BOUND ( 'NONE', #7036, .T. ) ;
#3923 = AXIS2_PLACEMENT_3D ( 'NONE', #4704, #7470, #7935 ) ;
#3924 = ORIENTED_EDGE ( 'NONE', *, *, #4906, .F. ) ;
#3925 = CARTESIAN_POINT ( 'NONE',  ( -79.00000000000000000, 508.9999999999998863, 0.000000000000000000 ) ) ;
#3926 = ORIENTED_EDGE ( 'NONE', *, *, #4159, .T. ) ;
#3927 = DIRECTION ( 'NONE',  ( 0.1391731009596216817, -0.9902680687416326455, 0.000000000000000000 ) ) ;
#3928 = FACE_OUTER_BOUND ( 'NONE', #7389, .T. ) ;
#3929 = FACE_OUTER_BOUND ( 'NONE', #4027, .T. ) ;
#3930 = LINE ( 'NONE', #2114, #3079 ) ;
#3931 = DIRECTION ( 'NONE',  ( 0.000000000000000000, 0.000000000000000000, 1.000000000000000000 ) ) ;
#3932 = CARTESIAN_POINT ( 'NONE',  ( -96.99999999999998579, 508.9999999999998863, 0.000000000000000000 ) ) ;
#3933 = VECTOR ( 'NONE', #1725, 1000.000000000000000 ) ;
#3934 = ORIENTED_EDGE ( 'NONE', *, *, #2767, .T. ) ;
#3935 = CARTESIAN_POINT ( 'NONE',  ( 87.01750970147820397, 316.6624613242468627, 19.30763609674504622 ) ) ;
#3936 = CARTESIAN_POINT ( 'NONE',  ( -84.00000000000000000, 0.000000000000000000, 24.99999999999999645 ) ) ;
#3937 = AXIS2_PLACEMENT_3D ( 'NONE', #6915, #8317, #2526 ) ;
#3938 = ORIENTED_EDGE ( 'NONE', *, *, #3332, .T. ) ;
#3939 = DIRECTION ( 'NONE',  ( 2.899471024374626861E-06, -0.9999999999915930582, 2.899471046591128351E-06 ) ) ;
#3940 = ADVANCED_FACE ( 'NONE', ( #2228 ), #4284, .F. ) ;
#3941 = CARTESIAN_POINT ( 'NONE',  ( 76.19132307818750860, 443.8574745705745954, 17.92893218813436818 ) ) ;
#3942 = ADVANCED_FACE ( 'NONE', ( #4832 ), #5774, .F. ) ;
#3943 = DIRECTION ( 'NONE',  ( 9.251858538542971828E-16, -1.000000000000000000, 0.000000000000000000 ) ) ;
#3944 = DIRECTION ( 'NONE',  ( 1.000000000000000000, 0.000000000000000000, 0.000000000000000000 ) ) ;
#3945 = VECTOR ( 'NONE', #2672, 1000.000000000000114 ) ;
#3946 = ORIENTED_EDGE ( 'NONE', *, *, #4625, .T. ) ;
#3947 = CARTESIAN_POINT ( 'NONE',  ( 83.97886922277572808, 334.6959414339107752, -25.08131275126981663 ) ) ;
#3948 = VERTEX_POINT ( 'NONE', #5426 ) ;
#3949 = CARTESIAN_POINT ( 'NONE',  ( -290.9999999983658086, 204.1311561622549107, 24.99999999999999645 ) ) ;
#3950 = ORIENTED_EDGE ( 'NONE', *, *, #520, .T. ) ;
#3951 = CARTESIAN_POINT ( 'NONE',  ( 0.000000000000000000, 0.000000000000000000, 27.99999999999999645 ) ) ;
#3952 = EDGE_CURVE ( 'NONE', #6265, #690, #5286, .T. ) ;
#3953 = AXIS2_PLACEMENT_3D ( 'NONE', #1709, #224, #2305 ) ;
#3954 = CARTESIAN_POINT ( 'NONE',  ( -83.11586239197878001, 328.4641884665892917, 22.96615595722067837 ) ) ;
#3955 = EDGE_CURVE ( 'NONE', #3905, #3948, #7564, .T. ) ;
#3956 = CARTESIAN_POINT ( 'NONE',  ( -79.00000000000000000, 447.0956840945080444, 17.19304115851997494 ) ) ;
#3957 = DIRECTION ( 'NONE',  ( -0.1391731009508571093, -0.9902680686792660891, 1.122315036106218937E-05 ) ) ;
#3958 = VECTOR ( 'NONE', #5441, 1000.000000000000000 ) ;
#3959 = ORIENTED_EDGE ( 'NONE', *, *, #7767, .F. ) ;
#3960 = DIRECTION ( 'NONE',  ( 1.000000000000000000, 0.000000000000000000, 0.000000000000000000 ) ) ;
#3961 = FACE_OUTER_BOUND ( 'NONE', #2398, .T. ) ;
#3962 = ORIENTED_EDGE ( 'NONE', *, *, #4135, .F. ) ;
#3963 = DIRECTION ( 'NONE',  ( 0.000000000000000000, 0.000000000000000000, 1.000000000000000000 ) ) ;
#3964 = FACE_OUTER_BOUND ( 'NONE', #3080, .T. ) ;
#3965 = TOROIDAL_SURFACE ( 'NONE', #7339, 397.0000000000002274, 5.000000000000000000 ) ;
#3966 = CARTESIAN_POINT ( 'NONE',  ( 79.00000000000000000, 442.1664864017372452, -24.99999999999999645 ) ) ;
#3967 = ORIENTED_EDGE ( 'NONE', *, *, #3706, .T. ) ;
#3968 = CARTESIAN_POINT ( 'NONE',  ( -79.00000000000000000, 450.4430401257517929, 17.26119282864503646 ) ) ;
#3969 = AXIS2_PLACEMENT_3D ( 'NONE', #2100, #7813, #3996 ) ;
#3970 = ORIENTED_EDGE ( 'NONE', *, *, #2356, .F. ) ;
#3971 = EDGE_CURVE ( 'NONE', #7069, #6383, #3275, .T. ) ;
#3972 = CARTESIAN_POINT ( 'NONE',  ( -104.0000000000000000, -59.00000000000001421, -30.00000000000000000 ) ) ;
#3973 = LINE ( 'NONE', #5864, #2529 ) ;
#3974 = DIRECTION ( 'NONE',  ( -0.9902680687416310912, -0.1391731009596330060, 0.000000000000000000 ) ) ;
#3975 = CARTESIAN_POINT ( 'NONE',  ( 111.9999999999925535, 204.1299999999999670, -27.99999999999999645 ) ) ;
#3976 = LINE ( 'NONE', #5910, #5193 ) ;
#3977 = DIRECTION ( 'NONE',  ( -1.000000000000000000, -0.000000000000000000, -0.000000000000000000 ) ) ;
#3978 = ORIENTED_EDGE ( 'NONE', *, *, #3426, .F. ) ;
#3979 = DIRECTION ( 'NONE',  ( 0.000000000000000000, 1.000000000000000000, 0.000000000000000000 ) ) ;
#3980 = ORIENTED_EDGE ( 'NONE', *, *, #6300, .F. ) ;
#3981 = CARTESIAN_POINT ( 'NONE',  ( -79.00920761912581725, 441.4216607543498299, 25.30330085889774239 ) ) ;
#3982 = DIRECTION ( 'NONE',  ( 0.000000000000000000, 0.000000000000000000, 1.000000000000000000 ) ) ;
#3983 = CARTESIAN_POINT ( 'NONE',  ( -117.0000000016510597, 0.9999999999999861222, 0.000000000000000000 ) ) ;
#3984 = DIRECTION ( 'NONE',  ( 0.000000000000000000, -1.000000000000000000, 0.000000000000000000 ) ) ;
#3985 = ORIENTED_EDGE ( 'NONE', *, *, #2303, .T. ) ;
#3986 = EDGE_CURVE ( 'NONE', #8075, #7054, #841, .T. ) ;
#3987 = CARTESIAN_POINT ( 'NONE',  ( -75.86787250987249820, 433.7985301715500555, 24.42490482042931532 ) ) ;
#3988 = DIRECTION ( 'NONE',  ( -0.000000000000000000, -1.000000000000000000, -0.000000000000000000 ) ) ;
#3989 = VERTEX_POINT ( 'NONE', #6145 ) ;
#3990 = CARTESIAN_POINT ( 'NONE',  ( 87.94143215966421678, 346.0148941111713157, -27.99999999999999645 ) ) ;
#3991 = CARTESIAN_POINT ( 'NONE',  ( -95.86357670959640132, 347.1282789188539368, 27.99999999999999645 ) ) ;
#3992 = DIRECTION ( 'NONE',  ( 1.000000000000000000, 0.000000000000000000, 0.000000000000000000 ) ) ;
#3993 = CARTESIAN_POINT ( 'NONE',  ( 76.19132307818755123, 443.8574745705746523, -17.92893218813444633 ) ) ;
#3995 = EDGE_CURVE ( 'NONE', #5621, #1286, #2743, .T. ) ;
#3994 = EDGE_LOOP ( 'NONE', ( #554, #69, #7543, #3099, #857, #1139 ) ) ;
#3996 = DIRECTION ( 'NONE',  ( 0.000000000000000000, 0.000000000000000000, 1.000000000000000000 ) ) ;
#3997 = EDGE_CURVE ( 'NONE', #7793, #6413, #354, .T. ) ;
#3998 = CARTESIAN_POINT ( 'NONE',  ( 79.00000000000000000, 445.1384320049554617, -22.63657432198737851 ) ) ;
#3999 = EDGE_LOOP ( 'NONE', ( #5035, #3841, #6768, #6753 ) ) ;
#4000 = CARTESIAN_POINT ( 'NONE',  ( -125.3494233923987622, 17.61671259297396475, -25.00000000000000000 ) ) ;
#4001 = LINE ( 'NONE', #5260, #1093 ) ;
#4002 = CARTESIAN_POINT ( 'NONE',  ( 79.00000000000000000, 442.1664864017591867, 24.99999999999999645 ) ) ;
#4004 = EDGE_CURVE ( 'NONE', #690, #6468, #2328, .T. ) ;
#4003 = ORIENTED_EDGE ( 'NONE', *, *, #2223, .F. ) ;
#4005 = AXIS2_PLACEMENT_3D ( 'NONE', #4970, #4467, #7060 ) ;
#4006 = FACE_OUTER_BOUND ( 'NONE', #4585, .T. ) ;
#4007 = ORIENTED_EDGE ( 'NONE', *, *, #8030, .F. ) ;
#4008 = VECTOR ( 'NONE', #7037, 1000.000000000000000 ) ;
#4009 = CARTESIAN_POINT ( 'NONE',  ( -79.00000000000000000, 446.6320201490468094, 21.46446609406475048 ) ) ;
#4010 = CYLINDRICAL_SURFACE ( 'NONE', #2798, 394.0000000000002274 ) ;
#4011 = DIRECTION ( 'NONE',  ( 0.000000000000000000, 1.000000000000000000, -0.000000000000000000 ) ) ;
#4012 = DIRECTION ( 'NONE',  ( 0.000000000000000000, 0.000000000000000000, 1.000000000000000000 ) ) ;
#4013 = CARTESIAN_POINT ( 'NONE',  ( -78.99999999999634781, 440.1862244976287002, -22.52007178427193068 ) ) ;
#4014 = VERTEX_POINT ( 'NONE', #1680 ) ;
#4015 = APPLICATION_CONTEXT ( 'automotive_design' ) ;
#4016 = CARTESIAN_POINT ( 'NONE',  ( 79.66987298107777349, 402.3800000000000523, -27.50000000000002842 ) ) ;
#4017 = ORIENTED_EDGE ( 'NONE', *, *, #6721, .T. ) ;
#4018 = CARTESIAN_POINT ( 'NONE',  ( -88.26847790467159882, 305.7990524740136493, 11.31946462928856079 ) ) ;
#4019 = DIRECTION ( 'NONE',  ( -4.329783762457580814E-16, -0.7814342413030208601, 0.6239876012543617012 ) ) ;
#4020 = DIRECTION ( 'NONE',  ( -0.000000000000000000, -1.000000000000000000, -0.000000000000000000 ) ) ;
#4021 = CARTESIAN_POINT ( 'NONE',  ( 75.33974596215561803, 402.3800000000000523, -30.00000000000003553 ) ) ;
#4022 = AXIS2_PLACEMENT_3D ( 'NONE', #2756, #116, #7909 ) ;
#4023 = ORIENTED_EDGE ( 'NONE', *, *, #7163, .T. ) ;
#4024 = B_SPLINE_CURVE_WITH_KNOTS ( 'NONE', 3,
 ( #6417, #782, #7938, #7257, #3492, #7860, #7217, #2746, #6020, #4668, #6701, #6064, #4706, #3367, #4631, #5939, #874, #4750 ),
 .UNSPECIFIED., .F., .F.,
 ( 4, 2, 2, 2, 2, 2, 2, 2, 4 ),
 ( 8.673617379884035472E-18, 0.0008926688368353052601, 0.001785337673670601847, 0.002678006510505898542, 0.003570675347341195020, 0.005356013021011656570, 0.007141350694682118555, 0.01071202604202305293, 0.01428270138936398731 ),
 .UNSPECIFIED. ) ;
#4025 = FACE_OUTER_BOUND ( 'NONE', #5277, .T. ) ;
#4026 = CARTESIAN_POINT ( 'NONE',  ( 75.97643730806244378, 437.2143051669391980, -22.98283509451584905 ) ) ;
#4027 = EDGE_LOOP ( 'NONE', ( #4266, #4195, #1612, #4017, #2947, #3516, #6921, #5335 ) ) ;
#4028 = FACE_OUTER_BOUND ( 'NONE', #2960, .T. ) ;
#4029 = CARTESIAN_POINT ( 'NONE',  ( 86.42633046053018120, 320.8689201958044350, 23.75883903480131565 ) ) ;
#4030 = CARTESIAN_POINT ( 'NONE',  ( -83.76585374409980034, 326.0466849473704087, -22.07106781186548261 ) ) ;
#4031 = CARTESIAN_POINT ( 'NONE',  ( -88.26110303643301336, 305.8272687039436164, 11.45970492969181898 ) ) ;
#4032 = DIRECTION ( 'NONE',  ( -2.035408878479453763E-14, -1.000000000000000000, 0.000000000000000000 ) ) ;
#4033 = AXIS2_PLACEMENT_3D ( 'NONE', #3638, #5018, #3761 ) ;
#4034 = ORIENTED_EDGE ( 'NONE', *, *, #2503, .F. ) ;
#4035 = EDGE_LOOP ( 'NONE', ( #4627, #3435, #7220, #4518 ) ) ;
#4036 = FACE_OUTER_BOUND ( 'NONE', #4407, .T. ) ;
#4037 = DIRECTION ( 'NONE',  ( -0.000000000000000000, -0.000000000000000000, -1.000000000000000000 ) ) ;
#4038 = ORIENTED_EDGE ( 'NONE', *, *, #3228, .T. ) ;
#4039 = DIRECTION ( 'NONE',  ( 0.9902680687415703620, 0.1391731009600660485, 0.000000000000000000 ) ) ;
#4040 = CARTESIAN_POINT ( 'NONE',  ( -84.00000000000000000, 402.3799999999999955, -24.99999999999999645 ) ) ;
#4041 = AXIS2_PLACEMENT_3D ( 'NONE', #5791, #3861, #635 ) ;
#4042 = EDGE_CURVE ( 'NONE', #1176, #1271, #1597, .T. ) ;
#4043 = EDGE_CURVE ( 'NONE', #422, #3561, #956, .T. ) ;
#4044 = DIRECTION ( 'NONE',  ( 1.000000000000000000, 0.000000000000000000, 0.000000000000000000 ) ) ;
#4045 = ORIENTED_EDGE ( 'NONE', *, *, #6781, .F. ) ;
#4046 = CARTESIAN_POINT ( 'NONE',  ( 103.9999999999988205, 2.089816482655758982E-12, 24.99999999999999645 ) ) ;
#4047 = ORIENTED_EDGE ( 'NONE', *, *, #6159, .F. ) ;
#4048 = DIRECTION ( 'NONE',  ( 0.000000000000000000, 0.000000000000000000, -1.000000000000000000 ) ) ;
#4049 = AXIS2_PLACEMENT_3D ( 'NONE', #7858, #7215, #1429 ) ;
#4050 = DIRECTION ( 'NONE',  ( 0.000000000000000000, 0.000000000000000000, 1.000000000000000000 ) ) ;
#4051 = EDGE_CURVE ( 'NONE', #729, #2090, #7734, .T. ) ;
#4052 = DIRECTION ( 'NONE',  ( 3.427021306974206046E-15, -0.7866829060709924493, 0.6173572752431919497 ) ) ;
#4053 = CARTESIAN_POINT ( 'NONE',  ( 76.63179723871540716, 445.8553033208101510, 16.35971874318274644 ) ) ;
#4054 = ORIENTED_EDGE ( 'NONE', *, *, #4562, .F. ) ;
#4055 = ORIENTED_EDGE ( 'NONE', *, *, #4385, .T. ) ;
#4056 = DIRECTION ( 'NONE',  ( -1.000000000000000000, -0.000000000000000000, -0.000000000000000000 ) ) ;
#4057 =( BOUNDED_SURFACE ( )  B_SPLINE_SURFACE ( 3, 2, ( 
 ( #2711, #5230, #6590 ),
 ( #5269, #4797, #7516 ),
 ( #6835, #963, #2999 ),
 ( #6074, #8034, #405 ),
 ( #4133, #284, #4921 ),
 ( #1726, #1565, #6757 ),
 ( #6117, #3582, #2237 ),
 ( #5558, #6194, #8158 ),
 ( #4762, #7482, #6153 ),
 ( #2276, #1649, #4217 ),
 ( #1049, #6799, #5473 ),
 ( #2835, #883, #2952 ) ),
 .UNSPECIFIED., .F., .F., .F. ) 
 B_SPLINE_SURFACE_WITH_KNOTS ( ( 4, 2, 2, 2, 2, 4 ),
 ( 3, 3 ),
 ( -3.469446951953614189E-18, 0.003094710648291810508, 0.004642065972437717930, 0.006189421296583624485, 0.009284131944875439330, 0.01237884259316725244 ),
 ( 0.000000000000000000, 1.000000000000000000 ),
 .UNSPECIFIED. ) 
 GEOMETRIC_REPRESENTATION_ITEM ( )  RATIONAL_B_SPLINE_SURFACE ( (
 ( 1.000000000000000000, 0.8480166907666079057, 1.000000000000000000),
 ( 1.000000000000000000, 0.8565585959012363970, 1.000000000000000000),
 ( 1.000000000000000000, 0.8643910554291130977, 1.000000000000000000),
 ( 1.000000000000000000, 0.8749761772311656083, 1.000000000000000000),
 ( 1.000000000000000000, 0.8783100035035849018, 1.000000000000000000),
 ( 1.000000000000000000, 0.8845524299668681145, 1.000000000000000000),
 ( 1.000000000000000000, 0.8874532316906602603, 1.000000000000000000),
 ( 1.000000000000000000, 0.8952633520841168924, 1.000000000000000000),
 ( 1.000000000000000000, 0.8993680747163527167, 1.000000000000000000),
 ( 1.000000000000000000, 0.9050375422485666954, 1.000000000000000000),
 ( 1.000000000000000000, 0.9064986908108257913, 1.000000000000000000),
 ( 1.000000000000000000, 0.9064982793336020528, 1.000000000000000000) ) ) 
 REPRESENTATION_ITEM ( '' )  SURFACE ( )  );
#4058 = EDGE_LOOP ( 'NONE', ( #4090, #6005, #1594, #4647 ) ) ;
#4059 = LINE ( 'NONE', #1996, #6969 ) ;
#4060 = CARTESIAN_POINT ( 'NONE',  ( -79.00000000000000000, 449.1979253185777452, -14.27142769583577042 ) ) ;
#4061 = CARTESIAN_POINT ( 'NONE',  ( -290.9999999983658086, 204.1311561622549107, 24.99999999999999645 ) ) ;
#4062 = VERTEX_POINT ( 'NONE', #8183 ) ;
#4063 = AXIS2_PLACEMENT_3D ( 'NONE', #1305, #3877, #6448 ) ;
#4064 = AXIS2_PLACEMENT_3D ( 'NONE', #4830, #7508, #954 ) ;
#4065 = AXIS2_PLACEMENT_3D ( 'NONE', #212, #2809, #7370 ) ;
#4066 = CARTESIAN_POINT ( 'NONE',  ( 83.76585374409981455, 326.0466849473703519, -22.07106781186548261 ) ) ;
#4067 = FACE_OUTER_BOUND ( 'NONE', #21, .T. ) ;
#4068 = ORIENTED_EDGE ( 'NONE', *, *, #2807, .T. ) ;
#4069 = CARTESIAN_POINT ( 'NONE',  ( 81.00000000000000000, 509.0000000000001137, 0.000000000000000000 ) ) ;
#4070 = ADVANCED_FACE ( 'NONE', ( #1439 ), #6591, .F. ) ;
#4071 = DIRECTION ( 'NONE',  ( -0.000000000000000000, 0.000000000000000000, 1.000000000000000000 ) ) ;
#4072 = CARTESIAN_POINT ( 'NONE',  ( -82.26714943951279224, 332.2024027363559640, -24.02090184184768162 ) ) ;
#4073 = CARTESIAN_POINT ( 'NONE',  ( -78.99999999994264499, 445.4445275046039683, 18.56536101849763654 ) ) ;
#4074 = AXIS2_PLACEMENT_3D ( 'NONE', #603, #1163, #515 ) ;
#4075 = DIRECTION ( 'NONE',  ( 0.000000000000000000, 0.000000000000000000, 1.000000000000000000 ) ) ;
#4076 = EDGE_LOOP ( 'NONE', ( #2040, #3235, #6232, #2377 ) ) ;
#4077 = ORIENTED_EDGE ( 'NONE', *, *, #8039, .T. ) ;
#4078 = DIRECTION ( 'NONE',  ( 0.1391731009604045555, -0.9902680687415226224, 0.000000000000000000 ) ) ;
#4079 = VECTOR ( 'NONE', #2937, 1000.000000000000000 ) ;
#4080 = AXIS2_PLACEMENT_3D ( 'NONE', #6108, #398, #5588 ) ;
#4081 = DIRECTION ( 'NONE',  ( -0.000000000000000000, 0.000000000000000000, 1.000000000000000000 ) ) ;
#4082 = ORIENTED_EDGE ( 'NONE', *, *, #1627, .T. ) ;
#4083 = DIRECTION ( 'NONE',  ( -0.000000000000000000, 0.000000000000000000, 1.000000000000000000 ) ) ;
#4084 = CARTESIAN_POINT ( 'NONE',  ( 79.00000000000000000, 445.1384320574986759, -22.63657428084226098 ) ) ;
#4085 = CARTESIAN_POINT ( 'NONE',  ( 112.0000000016510029, 204.1311561622549107, -24.99999999999999289 ) ) ;
#4086 = CIRCLE ( 'NONE', #432, 5.000000000000004441 ) ;
#4087 = ORIENTED_EDGE ( 'NONE', *, *, #1091, .T. ) ;
#4088 = EDGE_CURVE ( 'NONE', #2760, #3265, #1124, .T. ) ;
#4089 = EDGE_CURVE ( 'NONE', #76, #8304, #2479, .T. ) ;
#4090 = ORIENTED_EDGE ( 'NONE', *, *, #485, .T. ) ;
#4091 = TOROIDAL_SURFACE ( 'NONE', #575, 397.0000000000002274, 3.000000000000000000 ) ;
#4092 = CARTESIAN_POINT ( 'NONE',  ( 85.91496060409235724, 324.5736652630487811, -25.30330085889910663 ) ) ;
#4093 = CYLINDRICAL_SURFACE ( 'NONE', #5217, 120.0000000000000284 ) ;
#4094 = CARTESIAN_POINT ( 'NONE',  ( -128.9740560895587009, 18.12612149772074588, -24.99999999999999289 ) ) ;
#4095 = DIRECTION ( 'NONE',  ( 1.000000000000000000, 0.000000000000000000, 0.000000000000000000 ) ) ;
#4096 = VECTOR ( 'NONE', #2688, 1000.000000000000000 ) ;
#4097 = ORIENTED_EDGE ( 'NONE', *, *, #7453, .T. ) ;
#4099 = EDGE_CURVE ( 'NONE', #4787, #2665, #7326, .T. ) ;
#4098 = CARTESIAN_POINT ( 'NONE',  ( 146.7988813271502693, 20.63123731514626868, -24.99999999999999289 ) ) ;
#4100 = B_SPLINE_CURVE_WITH_KNOTS ( 'NONE', 3,
 ( #2624, #5180, #7777, #4002 ),
 .UNSPECIFIED., .F., .F.,
 ( 4, 4 ),
 ( 0.000000000000000000, 0.005695697988425352416 ),
 .UNSPECIFIED. ) ;
#4101 = EDGE_CURVE ( 'NONE', #5684, #2271, #7870, .T. ) ;
#4102 = ORIENTED_EDGE ( 'NONE', *, *, #7785, .T. ) ;
#4103 = CARTESIAN_POINT ( 'NONE',  ( 117.0000000016510597, 494.0000000000001137, 0.000000000000000000 ) ) ;
#4104 = CARTESIAN_POINT ( 'NONE',  ( -79.00000000000000000, 452.1569313044057026, -12.92700391390788539 ) ) ;
#4105 = CARTESIAN_POINT ( 'NONE',  ( 489.0000000000001137, 402.3800000000000523, 24.99999999999999645 ) ) ;
#4106 = DIRECTION ( 'NONE',  ( -0.000000000000000000, 0.000000000000000000, 1.000000000000000000 ) ) ;
#4107 = ORIENTED_EDGE ( 'NONE', *, *, #2956, .T. ) ;
#4108 = ADVANCED_FACE ( 'NONE', ( #8269 ), #7673, .F. ) ;
#4109 = CARTESIAN_POINT ( 'NONE',  ( 82.74487088751814667, 341.5060199644876775, -25.00000000000000355 ) ) ;
#4110 = CARTESIAN_POINT ( 'NONE',  ( 60.00000000000000711, 389.7200000000000273, -29.00000000000015987 ) ) ;
#4111 = EDGE_LOOP ( 'NONE', ( #1763, #659, #3719, #2385 ) ) ;
#4112 = CARTESIAN_POINT ( 'NONE',  ( -76.19132307818750860, 443.8574745705745954, 17.92893218813437173 ) ) ;
#4113 = DIRECTION ( 'NONE',  ( 0.000000000000000000, 0.000000000000000000, 1.000000000000000000 ) ) ;
#4114 = CARTESIAN_POINT ( 'NONE',  ( -76.19132307818952654, 443.8574745705762439, 17.92893218813437883 ) ) ;
#4115 = CARTESIAN_POINT ( 'NONE',  ( 117.0000000016510313, 524.0000000000001137, 1.836970198721033139E-15 ) ) ;
#4116 = B_SPLINE_CURVE_WITH_KNOTS ( 'NONE', 3,
 ( #2256, #3564, #5495, #425 ),
 .UNSPECIFIED., .F., .F.,
 ( 4, 4 ),
 ( 0.000000000000000000, 0.001236260972085420282 ),
 .UNSPECIFIED. ) ;
#4117 = LINE ( 'NONE', #991, #3496 ) ;
#4118 = EDGE_CURVE ( 'NONE', #491, #3690, #5038, .T. ) ;
#4119 = ORIENTED_EDGE ( 'NONE', *, *, #8235, .F. ) ;
#4120 = AXIS2_PLACEMENT_3D ( 'NONE', #716, #7697, #6463 ) ;
#4121 = EDGE_CURVE ( 'NONE', #6562, #1128, #5079, .T. ) ;
#4122 = CARTESIAN_POINT ( 'NONE',  ( -79.66987298107781612, 0.000000000000000000, 27.50000000000000355 ) ) ;
#4123 = CARTESIAN_POINT ( 'NONE',  ( -76.94607724561612372, 447.2646492118394121, -14.67881570369866751 ) ) ;
#4124 = ORIENTED_EDGE ( 'NONE', *, *, #7511, .F. ) ;
#4125 = CYLINDRICAL_SURFACE ( 'NONE', #5399, 15.00000000000000000 ) ;
#4126 = CARTESIAN_POINT ( 'NONE',  ( 79.00000000000000000, 452.2987785557373854, 10.85786437626888201 ) ) ;
#4127 = CARTESIAN_POINT ( 'NONE',  ( 0.000000000000000000, 0.000000000000000000, -30.00000000000000000 ) ) ;
#4128 = EDGE_LOOP ( 'NONE', ( #4023, #8240, #1042, #2576 ) ) ;
#4129 = B_SPLINE_CURVE_WITH_KNOTS ( 'NONE', 3,
 ( #7243, #7849, #2732, #1422 ),
 .UNSPECIFIED., .F., .F.,
 ( 4, 4 ),
 ( 0.000000000000000000, 0.0008042645312812724033 ),
 .UNSPECIFIED. ) ;
#4130 = PLANE ( 'NONE',  #170 ) ;
#4131 = ORIENTED_EDGE ( 'NONE', *, *, #6677, .T. ) ;
#4132 = CARTESIAN_POINT ( 'NONE',  ( -101.0000000016221264, 204.1311561622549107, 30.00000000000000000 ) ) ;
#4133 = CARTESIAN_POINT ( 'NONE',  ( 76.71418720297479865, 446.2259801873411789, 15.98552695774096577 ) ) ;
#4134 = CARTESIAN_POINT ( 'NONE',  ( 0.000000000000000000, 377.7200000000000273, -25.00000000000000000 ) ) ;
#4135 = EDGE_CURVE ( 'NONE', #4582, #5480, #1114, .T. ) ;
#4136 = EDGE_CURVE ( 'NONE', #2221, #2721, #5832, .T. ) ;
#4137 = AXIS2_PLACEMENT_3D ( 'NONE', #166, #7233, #81 ) ;
#4138 = EDGE_LOOP ( 'NONE', ( #968, #6850, #3478, #7464 ) ) ;
#4139 = CARTESIAN_POINT ( 'NONE',  ( 81.00000000000000000, 0.000000000000000000, 30.00000000000000000 ) ) ;
#4140 = ORIENTED_EDGE ( 'NONE', *, *, #2708, .T. ) ;
#4141 = CIRCLE ( 'NONE', #7118, 4.999999999999984013 ) ;
#4142 = FACE_OUTER_BOUND ( 'NONE', #2520, .T. ) ;
#4143 = CARTESIAN_POINT ( 'NONE',  ( -79.00000000000716227, 447.9713455113115401, -16.23374959399272299 ) ) ;
#4144 = CARTESIAN_POINT ( 'NONE',  ( -111.9999999999999858, 0.000000000000000000, -24.99999999999999645 ) ) ;
#4145 = CARTESIAN_POINT ( 'NONE',  ( 104.0000000000035385, 204.1300253685548114, 27.99999999999999645 ) ) ;
#4146 = EDGE_CURVE ( 'NONE', #5280, #2067, #2198, .T. ) ;
#4147 = EDGE_CURVE ( 'NONE', #5062, #1647, #475, .T. ) ;
#4148 = ORIENTED_EDGE ( 'NONE', *, *, #3369, .F. ) ;
#4149 = CIRCLE ( 'NONE', #6715, 4.999999999999997335 ) ;
#4150 = CARTESIAN_POINT ( 'NONE',  ( 80.68493912587589989, 338.5466734399761322, -24.92979936905532412 ) ) ;
#4151 = CARTESIAN_POINT ( 'NONE',  ( 75.86787250987246978, 433.7985301715498849, -24.42490482042942901 ) ) ;
#4152 = VERTEX_POINT ( 'NONE', #3238 ) ;
#4153 = DIRECTION ( 'NONE',  ( 0.000000000000000000, 1.000000000000000000, 0.000000000000000000 ) ) ;
#4154 = CARTESIAN_POINT ( 'NONE',  ( -103.9999999999947136, 204.1300253685548398, -24.99999999999999289 ) ) ;
#4155 = CARTESIAN_POINT ( 'NONE',  ( -85.75086318203517521, 325.8936882247651283, -25.65233037937915128 ) ) ;
#4156 = VECTOR ( 'NONE', #7696, 1000.000000000000000 ) ;
#4157 = DIRECTION ( 'NONE',  ( -0.000000000000000000, -0.000000000000000000, -1.000000000000000000 ) ) ;
#4158 = CARTESIAN_POINT ( 'NONE',  ( -76.12829888279338775, 439.3433066579942761, 21.46446609408199535 ) ) ;
#4159 = EDGE_CURVE ( 'NONE', #1071, #6409, #1007, .T. ) ;
#4160 = EDGE_LOOP ( 'NONE', ( #47, #1790, #654, #7666 ) ) ;
#4161 = DIRECTION ( 'NONE',  ( 0.000000000000000000, 0.000000000000000000, -1.000000000000000000 ) ) ;
#4162 = AXIS2_PLACEMENT_3D ( 'NONE', #4915, #7429, #6109 ) ;
#4163 = CARTESIAN_POINT ( 'NONE',  ( 87.94143215966431626, 346.0148941111712588, 30.00000000000000000 ) ) ;
#4164 = CARTESIAN_POINT ( 'NONE',  ( 0.000000000000000000, 0.000000000000000000, 27.99999999999999645 ) ) ;
#4165 = ORIENTED_EDGE ( 'NONE', *, *, #5908, .F. ) ;
#4166 = CARTESIAN_POINT ( 'NONE',  ( -290.9999999983658086, 204.1311561622549107, 24.99999999999999645 ) ) ;
#4167 = DIRECTION ( 'NONE',  ( -9.251858538542961967E-16, -1.000000000000000000, 0.000000000000000000 ) ) ;
#4168 = CARTESIAN_POINT ( 'NONE',  ( 86.07263358526058994, 323.3856042330077116, -25.00000000000001066 ) ) ;
#4169 = LINE ( 'NONE', #4212, #2819 ) ;
#4170 = TOROIDAL_SURFACE ( 'NONE', #6319, 403.0000000000167688, 3.000000000000000000 ) ;
#4171 = AXIS2_PLACEMENT_3D ( 'NONE', #7970, #4157, #989 ) ;
#4172 = ORIENTED_EDGE ( 'NONE', *, *, #204, .T. ) ;
#4173 = CARTESIAN_POINT ( 'NONE',  ( 76.12482776071560409, 439.0896123767553263, -21.66495546556535245 ) ) ;
#4174 = EDGE_LOOP ( 'NONE', ( #5943, #5983, #6760, #7025 ) ) ;
#4175 = DIRECTION ( 'NONE',  ( -0.000000000000000000, -0.000000000000000000, -1.000000000000000000 ) ) ;
#4176 = CARTESIAN_POINT ( 'NONE',  ( -100.9999999999743920, 204.1300195696126707, 24.99999999999999645 ) ) ;
#4177 = LINE ( 'NONE', #2277, #3616 ) ;
#4178 = VERTEX_POINT ( 'NONE', #646 ) ;
#4179 = CARTESIAN_POINT ( 'NONE',  ( -80.99999999999995737, 402.3800000000001091, -24.99999999999999289 ) ) ;
#4180 = AXIS2_PLACEMENT_3D ( 'NONE', #2251, #6130, #8045 ) ;
#4181 = EDGE_LOOP ( 'NONE', ( #4605, #6281, #7371, #735 ) ) ;
#4182 = AXIS2_PLACEMENT_3D ( 'NONE', #4282, #2354, #3572 ) ;
#4183 = CARTESIAN_POINT ( 'NONE',  ( -88.40382766505635459, 306.7982964605736811, 15.92997055866442224 ) ) ;
#4184 = CARTESIAN_POINT ( 'NONE',  ( -79.00000000000000000, 451.4799303899117149, -15.16005833635460220 ) ) ;
#4185 = CARTESIAN_POINT ( 'NONE',  ( 101.0000000016221264, 204.1311561622549107, 24.99999999999999645 ) ) ;
#4186 = DIRECTION ( 'NONE',  ( -0.000000000000000000, -0.000000000000000000, -1.000000000000000000 ) ) ;
#4187 = B_SPLINE_CURVE_WITH_KNOTS ( 'NONE', 3,
 ( #6569, #7768, #5850, #2612, #4580, #2056, #2656, #3872, #2137, #6535, #6440, #818, #7894, #3993 ),
 .UNSPECIFIED., .F., .F.,
 ( 4, 2, 2, 2, 2, 2, 4 ),
 ( 8.673617379884035472E-18, 0.002207976924114870079, 0.003311965386172302950, 0.004415953848229735822, 0.005519942310287173463, 0.006623930772344611105, 0.008831907696459351947 ),
 .UNSPECIFIED. ) ;
#4188 = CIRCLE ( 'NONE', #1082, 408.0000000000167688 ) ;
#4189 = VERTEX_POINT ( 'NONE', #4401 ) ;
#4191 = EDGE_CURVE ( 'NONE', #5075, #880, #707, .T. ) ;
#4190 = DIRECTION ( 'NONE',  ( 2.009438925630560469E-14, -1.000000000000000000, 0.000000000000000000 ) ) ;
#4192 = ADVANCED_FACE ( 'NONE', ( #2394 ), #6516, .F. ) ;
#4193 = CIRCLE ( 'NONE', #1771, 389.9999999999878924 ) ;
#4194 = FACE_OUTER_BOUND ( 'NONE', #2513, .T. ) ;
#4195 = ORIENTED_EDGE ( 'NONE', *, *, #4953, .T. ) ;
#4196 = FACE_OUTER_BOUND ( 'NONE', #6578, .T. ) ;
#4197 = DIRECTION ( 'NONE',  ( 1.015794745118904431E-15, 1.000000000000000000, 0.000000000000000000 ) ) ;
#4198 = CARTESIAN_POINT ( 'NONE',  ( 85.64585522679050200, 325.6082026301210135, 23.28746268599950753 ) ) ;
#4199 = DIRECTION ( 'NONE',  ( 0.000000000000000000, -0.000000000000000000, -1.000000000000000000 ) ) ;
#4200 = DIRECTION ( 'NONE',  ( -1.000000000000000000, 0.000000000000000000, 0.000000000000000000 ) ) ;
#4201 = VERTEX_POINT ( 'NONE', #54 ) ;
#4202 = CARTESIAN_POINT ( 'NONE',  ( -146.7988813271502977, 20.63123731514629000, 30.00000000000000000 ) ) ;
#4203 = CARTESIAN_POINT ( 'NONE',  ( 100.1552701557798741, 259.1089210392214568, 30.00000000000000000 ) ) ;
#4204 = EDGE_CURVE ( 'NONE', #7030, #3682, #3903, .T. ) ;
#4205 = EDGE_CURVE ( 'NONE', #191, #3215, #587, .T. ) ;
#4206 = CARTESIAN_POINT ( 'NONE',  ( 84.00000000000000000, 0.000000000000000000, -24.99999999999999645 ) ) ;
#4207 = VERTEX_POINT ( 'NONE', #3358 ) ;
#4208 = DIRECTION ( 'NONE',  ( 0.000000000000000000, 0.000000000000000000, -1.000000000000000000 ) ) ;
#4209 = CARTESIAN_POINT ( 'NONE',  ( 79.00920761912590251, 441.4216607543467603, -25.30330085889911729 ) ) ;
#4210 = CIRCLE ( 'NONE', #2055, 409.3301270189236902 ) ;
#4211 = DIRECTION ( 'NONE',  ( 0.1391731009603976443, -0.9902680687415237326, 0.000000000000000000 ) ) ;
#4212 = CARTESIAN_POINT ( 'NONE',  ( 79.36545911879613868, 344.8096197016264455, 25.00000000000000000 ) ) ;
#4213 = ORIENTED_EDGE ( 'NONE', *, *, #7722, .T. ) ;
#4214 = CARTESIAN_POINT ( 'NONE',  ( -85.00518126651465423, 334.5077716490108060, -27.16928310713770145 ) ) ;
#4215 = ORIENTED_EDGE ( 'NONE', *, *, #7419, .T. ) ;
#4216 = CARTESIAN_POINT ( 'NONE',  ( -0.000000000000000000, 538.9999999999998863, -30.00000000000000000 ) ) ;
#4217 = CARTESIAN_POINT ( 'NONE',  ( 79.00000000000000000, 452.1560148091076599, 12.93759056966646526 ) ) ;
#4218 = VECTOR ( 'NONE', #673, 1000.000000000000114 ) ;
#4219 = CARTESIAN_POINT ( 'NONE',  ( -80.86908879199958733, 337.9013297766775281, 24.88652126487044569 ) ) ;
#4220 = EDGE_CURVE ( 'NONE', #2390, #8160, #4695, .T. ) ;
#4221 = ORIENTED_EDGE ( 'NONE', *, *, #5822, .T. ) ;
#4222 = CARTESIAN_POINT ( 'NONE',  ( 0.000000000000000000, -59.00000000000001421, 30.00000000000000000 ) ) ;
#4223 = ADVANCED_FACE ( 'NONE', ( #7852 ), #6616, .T. ) ;
#4224 = VERTEX_POINT ( 'NONE', #5974 ) ;
#4225 = CARTESIAN_POINT ( 'NONE',  ( -88.10098542558230861, 306.4368351976071949, 12.63094341011026422 ) ) ;
#4226 = CARTESIAN_POINT ( 'NONE',  ( -76.19132307818753702, 443.8574745705747091, -17.92893218813444989 ) ) ;
#4227 = CARTESIAN_POINT ( 'NONE',  ( 87.74627584454009366, 311.4770207751889188, -19.34618533548178831 ) ) ;
#4228 = DIRECTION ( 'NONE',  ( 0.000000000000000000, 0.000000000000000000, -1.000000000000000000 ) ) ;
#4229 = AXIS2_PLACEMENT_3D ( 'NONE', #3034, #1008, #5513 ) ;
#4230 = ORIENTED_EDGE ( 'NONE', *, *, #217, .T. ) ;
#4231 = DIRECTION ( 'NONE',  ( 0.000000000000000000, 1.000000000000000000, 0.000000000000000000 ) ) ;
#4232 = CARTESIAN_POINT ( 'NONE',  ( -88.65365335097291677, 305.0206943390268179, -11.43782953265754010 ) ) ;
#4233 = ORIENTED_EDGE ( 'NONE', *, *, #3499, .F. ) ;
#4234 = CYLINDRICAL_SURFACE ( 'NONE', #5705, 5.000000000000004441 ) ;
#4235 = CARTESIAN_POINT ( 'NONE',  ( 79.66987298107781612, 429.3405386945350415, -27.50000000000000000 ) ) ;
#4236 = CARTESIAN_POINT ( 'NONE',  ( 60.00000000000000711, 389.7200000000000273, -37.00000000000000711 ) ) ;
#4237 = DIRECTION ( 'NONE',  ( -1.000000000000000000, 0.000000000000000000, 0.000000000000000000 ) ) ;
#4238 = CARTESIAN_POINT ( 'NONE',  ( -489.0000000000001137, 402.3800000000000523, 24.99999999999999645 ) ) ;
#4239 = ADVANCED_FACE ( 'NONE', ( #5931 ), #738, .F. ) ;
#4240 = ORIENTED_EDGE ( 'NONE', *, *, #6289, .F. ) ;
#4241 = CARTESIAN_POINT ( 'NONE',  ( -290.9999999983658086, 204.1311561622549107, -24.99999999999999289 ) ) ;
#4242 = LINE ( 'NONE', #7504, #7212 ) ;
#4243 = CARTESIAN_POINT ( 'NONE',  ( 75.33974596215561803, 402.3800000000000523, 25.00000000000000000 ) ) ;
#4244 = EDGE_LOOP ( 'NONE', ( #4979, #1639, #7293, #2106 ) ) ;
#4245 = DIRECTION ( 'NONE',  ( -0.000000000000000000, -0.000000000000000000, -1.000000000000000000 ) ) ;
#4246 = FACE_OUTER_BOUND ( 'NONE', #16, .T. ) ;
#4247 = DIRECTION ( 'NONE',  ( -0.000000000000000000, -1.000000000000000000, -0.000000000000000000 ) ) ;
#4248 = LINE ( 'NONE', #2869, #5236 ) ;
#4249 = ADVANCED_FACE ( 'NONE', ( #6489 ), #4696, .F. ) ;
#4250 = ADVANCED_FACE ( 'NONE', ( #7171 ), #7518, .F. ) ;
#4251 = VERTEX_POINT ( 'NONE', #6055 ) ;
#4252 = CARTESIAN_POINT ( 'NONE',  ( -104.0000000000035385, 204.1300253685548398, -24.99999999999999645 ) ) ;
#4253 = ORIENTED_EDGE ( 'NONE', *, *, #6686, .T. ) ;
#4254 = CYLINDRICAL_SURFACE ( 'NONE', #6765, 15.00000000000000000 ) ;
#4255 = DIRECTION ( 'NONE',  ( -0.9999999999959848784, -2.833731018355339789E-06, 0.000000000000000000 ) ) ;
#4256 = PLANE ( 'NONE',  #8352 ) ;
#4257 = EDGE_CURVE ( 'NONE', #6087, #7274, #7006, .T. ) ;
#4258 = ORIENTED_EDGE ( 'NONE', *, *, #2337, .T. ) ;
#4259 = CARTESIAN_POINT ( 'NONE',  ( 85.43827459358290355, 329.3210922136382237, 26.40030775923935380 ) ) ;
#4260 = ORIENTED_EDGE ( 'NONE', *, *, #3619, .T. ) ;
#4261 = DIRECTION ( 'NONE',  ( -1.000000000000000000, -0.000000000000000000, -0.000000000000000000 ) ) ;
#4262 = CARTESIAN_POINT ( 'NONE',  ( 88.31910747753229884, 307.4011119177962428, -14.83812329226867455 ) ) ;
#4263 = CARTESIAN_POINT ( 'NONE',  ( -97.18447375935818400, 258.6913461667055003, 30.00000000000000000 ) ) ;
#4264 = VECTOR ( 'NONE', #1277, 1000.000000000000000 ) ;
#4265 = CARTESIAN_POINT ( 'NONE',  ( 94.99999999999995737, 494.0000000000001137, 0.000000000000000000 ) ) ;
#4266 = ORIENTED_EDGE ( 'NONE', *, *, #2638, .F. ) ;
#4267 = AXIS2_PLACEMENT_3D ( 'NONE', #4341, #1141, #6282 ) ;
#4268 = CARTESIAN_POINT ( 'NONE',  ( -86.07263358526056152, 323.3856042330079390, 24.99999999999998579 ) ) ;
#4269 = CARTESIAN_POINT ( 'NONE',  ( 81.69014047778433962, 334.7409063569059526, 24.53576840381492374 ) ) ;
#4270 = ORIENTED_EDGE ( 'NONE', *, *, #3689, .T. ) ;
#4271 = FACE_OUTER_BOUND ( 'NONE', #2681, .T. ) ;
#4272 = CARTESIAN_POINT ( 'NONE',  ( 88.10115357998806473, 308.9519344812602526, 15.94613959696165217 ) ) ;
#4273 = CARTESIAN_POINT ( 'NONE',  ( 78.99999999999998579, 452.1226934123405385, 12.93020908221418530 ) ) ;
#4274 = CARTESIAN_POINT ( 'NONE',  ( -78.86848041429558975, 439.4905264837749428, 22.98764549214117636 ) ) ;
#4275 = CIRCLE ( 'NONE', #1721, 2.999999999999999112 ) ;
#4276 = ORIENTED_EDGE ( 'NONE', *, *, #6061, .F. ) ;
#4277 = LINE ( 'NONE', #3175, #4880 ) ;
#4278 = DIRECTION ( 'NONE',  ( 2.009438925630560469E-14, 1.000000000000000000, 0.000000000000000000 ) ) ;
#4279 = CARTESIAN_POINT ( 'NONE',  ( 76.33630609355573426, 444.5194962229551834, -17.49926451661443139 ) ) ;
#4280 = AXIS2_PLACEMENT_3D ( 'NONE', #2238, #7395, #2916 ) ;
#4281 = EDGE_LOOP ( 'NONE', ( #2524, #7154, #3466, #2917 ) ) ;
#4282 = CARTESIAN_POINT ( 'NONE',  ( -60.00000000000000000, 389.7200000000000273, -37.00000000000000711 ) ) ;
#4283 = DIRECTION ( 'NONE',  ( -2.009438925630560469E-14, -1.000000000000000000, 0.000000000000000000 ) ) ;
#4284 = CYLINDRICAL_SURFACE ( 'NONE', #289, 2.999999999999993783 ) ;
#4285 = CARTESIAN_POINT ( 'NONE',  ( 489.0000000000001137, 402.3800000000000523, 24.99999999999999645 ) ) ;
#4286 = VECTOR ( 'NONE', #6675, 1000.000000000000000 ) ;
#4287 = ORIENTED_EDGE ( 'NONE', *, *, #8074, .F. ) ;
#4288 = CARTESIAN_POINT ( 'NONE',  ( 79.00000000000001421, 442.1664864017285481, -25.00000000001232081 ) ) ;
#4289 = FACE_OUTER_BOUND ( 'NONE', #850, .T. ) ;
#4290 = ORIENTED_EDGE ( 'NONE', *, *, #7359, .T. ) ;
#4291 = EDGE_CURVE ( 'NONE', #5288, #5365, #6322, .T. ) ;
#4292 = DIRECTION ( 'NONE',  ( 9.251858538542971828E-16, -1.000000000000000000, 0.000000000000000000 ) ) ;
#4293 = EDGE_CURVE ( 'NONE', #4372, #4536, #2300, .T. ) ;
#4294 = AXIS2_PLACEMENT_3D ( 'NONE', #7601, #1173, #1936 ) ;
#4295 = DIRECTION ( 'NONE',  ( -1.000000000000000000, 0.000000000000000000, 0.000000000000000000 ) ) ;
#4296 = CARTESIAN_POINT ( 'NONE',  ( -85.02368811128911830, 334.3021075923313106, 27.14826102968933697 ) ) ;
#4297 = CIRCLE ( 'NONE', #247, 2.999999999999998668 ) ;
#4298 = ORIENTED_EDGE ( 'NONE', *, *, #5822, .F. ) ;
#4299 = VECTOR ( 'NONE', #2776, 1000.000000000000114 ) ;
#4300 = CARTESIAN_POINT ( 'NONE',  ( 85.64585522679050200, 325.6082026301209567, 23.28746268599952174 ) ) ;
#4301 = VERTEX_POINT ( 'NONE', #2900 ) ;
#4302 = ADVANCED_FACE ( 'NONE', ( #1070 ), #2283, .T. ) ;
#4303 = CARTESIAN_POINT ( 'NONE',  ( -88.29883133628928249, 307.5453841592467938, 16.62905670571702998 ) ) ;
#4304 = CARTESIAN_POINT ( 'NONE',  ( 87.78770256641176672, 307.6165400727815609, -13.74139491171311889 ) ) ;
#4305 = CARTESIAN_POINT ( 'NONE',  ( 88.22482956454615532, 308.0719341253126231, -17.06215015488784559 ) ) ;
#4306 = CARTESIAN_POINT ( 'NONE',  ( 79.00000000000000000, 449.2423548559092410, -18.94175445413846148 ) ) ;
#4307 = ORIENTED_EDGE ( 'NONE', *, *, #2655, .T. ) ;
#4308 = CIRCLE ( 'NONE', #7162, 394.9999999999878924 ) ;
#4309 = ORIENTED_EDGE ( 'NONE', *, *, #2706, .T. ) ;
#4310 = LINE ( 'NONE', #1665, #5475 ) ;
#4311 = CARTESIAN_POINT ( 'NONE',  ( 88.64830111871955864, 305.0587774504585923, 11.43179554263171660 ) ) ;
#4312 = CARTESIAN_POINT ( 'NONE',  ( 85.82592594987788459, 324.8329121795155174, 22.96620933760277694 ) ) ;
#4313 = CIRCLE ( 'NONE', #3379, 6.999999999999985789 ) ;
#4314 = DIRECTION ( 'NONE',  ( 0.000000000000000000, 2.833731018355343177E-06, -0.9999999999959848784 ) ) ;
#4315 = EDGE_LOOP ( 'NONE', ( #3653, #4956, #2178, #5244 ) ) ;
#4316 = AXIS2_PLACEMENT_3D ( 'NONE', #2063, #312, #7298 ) ;
#4317 = CARTESIAN_POINT ( 'NONE',  ( 78.32648717405670880, 431.1965993838026634, 25.12142768786594615 ) ) ;
#4318 = ORIENTED_EDGE ( 'NONE', *, *, #2638, .T. ) ;
#4319 = EDGE_CURVE ( 'NONE', #6165, #76, #1063, .T. ) ;
#4320 = CARTESIAN_POINT ( 'NONE',  ( 76.19132307818806282, 443.8574745705770965, -17.92893218813285472 ) ) ;
#4321 = EDGE_LOOP ( 'NONE', ( #2379, #8029, #3695, #5389 ) ) ;
#4322 = DIRECTION ( 'NONE',  ( 0.1391842148782903021, -0.9902665067186277037, 0.000000000000000000 ) ) ;
#4323 = CARTESIAN_POINT ( 'NONE',  ( 117.0000000016510029, 204.1311561622549107, -24.99999999999999289 ) ) ;
#4324 = DIRECTION ( 'NONE',  ( -1.000000000000000000, 0.000000000000000000, 0.000000000000000000 ) ) ;
#4325 = CONICAL_SURFACE ( 'NONE', #2312, 98.96000000000141483, 0.7853981633974559395 ) ;
#4326 = VECTOR ( 'NONE', #2906, 999.9999999999998863 ) ;
#4327 = CARTESIAN_POINT ( 'NONE',  ( 88.43780743046180248, 306.5565178666329871, 15.68862281716099716 ) ) ;
#4328 = ADVANCED_FACE ( 'NONE', ( #1028 ), #7829, .T. ) ;
#4329 = ORIENTED_EDGE ( 'NONE', *, *, #8346, .T. ) ;
#4330 = CIRCLE ( 'NONE', #6899, 5.000000000000010658 ) ;
#4331 = CARTESIAN_POINT ( 'NONE',  ( -290.9999999983658086, 204.1311561622549107, -24.99999999999999289 ) ) ;
#4332 = EDGE_LOOP ( 'NONE', ( #4124, #6942, #6306, #5299 ) ) ;
#4333 = CARTESIAN_POINT ( 'NONE',  ( -96.99999999999985789, 402.3799999999999955, 24.99999999999999645 ) ) ;
#4334 = CARTESIAN_POINT ( 'NONE',  ( 104.0000000000000000, -59.00000000000001421, -30.00000000000000000 ) ) ;
#4335 = CARTESIAN_POINT ( 'NONE',  ( 79.00000000000000000, 509.0000000000001137, 0.000000000000000000 ) ) ;
#4336 = ORIENTED_EDGE ( 'NONE', *, *, #5470, .F. ) ;
#4337 = EDGE_CURVE ( 'NONE', #191, #945, #2148, .T. ) ;
#4338 = ORIENTED_EDGE ( 'NONE', *, *, #4205, .T. ) ;
#4339 = ORIENTED_EDGE ( 'NONE', *, *, #4440, .F. ) ;
#4340 = AXIS2_PLACEMENT_3D ( 'NONE', #1804, #3150, #5715 ) ;
#4341 = CARTESIAN_POINT ( 'NONE',  ( 81.00000000000000000, 509.0000000000001137, 0.000000000000000000 ) ) ;
#4342 = CARTESIAN_POINT ( 'NONE',  ( 87.01750970147828923, 316.6624613242465784, -19.30763609674505332 ) ) ;
#4343 = DIRECTION ( 'NONE',  ( 0.000000000000000000, 1.000000000000000000, 0.000000000000000000 ) ) ;
#4344 = CARTESIAN_POINT ( 'NONE',  ( 79.00000000000002842, 450.4501289875627776, -17.24951007879164422 ) ) ;
#4345 = ADVANCED_FACE ( 'NONE', ( #8050 ), #2257, .T. ) ;
#4346 = ORIENTED_EDGE ( 'NONE', *, *, #6554, .F. ) ;
#4347 = EDGE_LOOP ( 'NONE', ( #3962, #5554 ) ) ;
#4348 = CARTESIAN_POINT ( 'NONE',  ( -83.81568688001179623, 325.6428183443137527, 21.86282965764405262 ) ) ;
#4349 = CIRCLE ( 'NONE', #5165, 397.0000000000002274 ) ;
#4350 = CARTESIAN_POINT ( 'NONE',  ( 87.49479668915891750, 313.2663879432046201, 20.33097646628197808 ) ) ;
#4351 = CARTESIAN_POINT ( 'NONE',  ( 78.99999999999998579, 448.2083972182225011, 20.11449043396390479 ) ) ;
#4352 = LINE ( 'NONE', #5659, #2018 ) ;
#4353 = EDGE_CURVE ( 'NONE', #2716, #7223, #7955, .T. ) ;
#4354 = ORIENTED_EDGE ( 'NONE', *, *, #4514, .F. ) ;
#4355 = AXIS2_PLACEMENT_3D ( 'NONE', #1427, #7977, #3326 ) ;
#4356 = LINE ( 'NONE', #1836, #4637 ) ;
#4357 = VERTEX_POINT ( 'NONE', #3604 ) ;
#4358 = CARTESIAN_POINT ( 'NONE',  ( 77.12821683765059788, 448.0757344408189624, -13.06862082231448063 ) ) ;
#4359 = VERTEX_POINT ( 'NONE', #6174 ) ;
#4360 = CARTESIAN_POINT ( 'NONE',  ( -79.00920761912590251, 441.4216607543468172, -25.30330085889909952 ) ) ;
#4361 = LINE ( 'NONE', #8308, #831 ) ;
#4362 = DIRECTION ( 'NONE',  ( 0.000000000000000000, 0.000000000000000000, 1.000000000000000000 ) ) ;
#4363 = CARTESIAN_POINT ( 'NONE',  ( 290.9999999983658086, 204.1311561622549107, 24.99999999999999645 ) ) ;
#4364 = ADVANCED_FACE ( 'NONE', ( #4740 ), #2334, .F. ) ;
#4365 = ORIENTED_EDGE ( 'NONE', *, *, #3689, .F. ) ;
#4366 = LINE ( 'NONE', #6997, #6528 ) ;
#4367 = DIRECTION ( 'NONE',  ( -0.000000000000000000, 0.000000000000000000, 1.000000000000000000 ) ) ;
#4368 = ORIENTED_EDGE ( 'NONE', *, *, #3245, .T. ) ;
#4369 = CARTESIAN_POINT ( 'NONE',  ( 104.0000000016221264, 204.1311561622549107, 24.99999999999999645 ) ) ;
#4370 = CARTESIAN_POINT ( 'NONE',  ( -86.42632954317170402, 320.8689267231491726, -23.75884225380179160 ) ) ;
#4371 = CARTESIAN_POINT ( 'NONE',  ( -91.99999999999985789, 402.3799999999999955, -24.99999999999999645 ) ) ;
#4372 = VERTEX_POINT ( 'NONE', #4985 ) ;
#4373 = ORIENTED_EDGE ( 'NONE', *, *, #2223, .T. ) ;
#4374 = CARTESIAN_POINT ( 'NONE',  ( -144.8183451896672409, 20.35289111322548194, 24.99999999999999645 ) ) ;
#4375 = ORIENTED_EDGE ( 'NONE', *, *, #64, .F. ) ;
#4376 = CARTESIAN_POINT ( 'NONE',  ( -84.00000000000000000, 538.9999999999998863, -24.99999999999999289 ) ) ;
#4377 = CARTESIAN_POINT ( 'NONE',  ( 88.43998862685073448, 306.5409978478888888, -15.68873816995851378 ) ) ;
#4378 = CARTESIAN_POINT ( 'NONE',  ( -83.81555049217696762, 325.6439236863246833, -21.86339958472013478 ) ) ;
#4379 = CARTESIAN_POINT ( 'NONE',  ( 76.12829888279333090, 439.3433066579906949, -21.46446609408499739 ) ) ;
#4380 = DIRECTION ( 'NONE',  ( -1.000000000000000000, -1.015794745118904037E-15, 0.000000000000000000 ) ) ;
#4381 = ORIENTED_EDGE ( 'NONE', *, *, #7854, .F. ) ;
#4382 = DIRECTION ( 'NONE',  ( 0.000000000000000000, 2.833731016504969210E-06, -0.9999999999959851005 ) ) ;
#4383 = ORIENTED_EDGE ( 'NONE', *, *, #6807, .T. ) ;
#4384 = CARTESIAN_POINT ( 'NONE',  ( -88.27822797942755528, 305.7617627650387249, -10.85786437626901701 ) ) ;
#4385 = EDGE_CURVE ( 'NONE', #3142, #37, #7546, .T. ) ;
#4386 = EDGE_CURVE ( 'NONE', #5013, #7974, #4352, .T. ) ;
#4387 = CYLINDRICAL_SURFACE ( 'NONE', #5488, 5.000000000000000888 ) ;
#4388 = CARTESIAN_POINT ( 'NONE',  ( -78.28250642449162910, 430.2602869953227582, 25.09701063454101089 ) ) ;
#4389 = VERTEX_POINT ( 'NONE', #8174 ) ;
#4390 = ORIENTED_EDGE ( 'NONE', *, *, #1788, .F. ) ;
#4391 = AXIS2_PLACEMENT_3D ( 'NONE', #1181, #7742, #3126 ) ;
#4392 = AXIS2_PLACEMENT_3D ( 'NONE', #691, #2607, #8266 ) ;
#4393 = CARTESIAN_POINT ( 'NONE',  ( 84.00000000000000000, 0.000000000000000000, 27.99999999999999645 ) ) ;
#4394 = ORIENTED_EDGE ( 'NONE', *, *, #8176, .F. ) ;
#4395 = CARTESIAN_POINT ( 'NONE',  ( 78.99999999999998579, 448.9170068169720480, -14.83812289814065011 ) ) ;
#4396 = ORIENTED_EDGE ( 'NONE', *, *, #1197, .T. ) ;
#4397 = CARTESIAN_POINT ( 'NONE',  ( 92.00000000000000000, 0.000000000000000000, -27.99999999999999645 ) ) ;
#4398 = DIRECTION ( 'NONE',  ( 0.000000000000000000, -1.000000000000000000, 0.000000000000000000 ) ) ;
#4399 = ADVANCED_FACE ( 'NONE', ( #426 ), #8097, .F. ) ;
#4400 = VECTOR ( 'NONE', #1402, 1000.000000000000000 ) ;
#4401 = CARTESIAN_POINT ( 'NONE',  ( 83.93619253030969674, 324.8289773764566348, -21.46446609406728712 ) ) ;
#4402 = CARTESIAN_POINT ( 'NONE',  ( 88.67391972467927985, 304.8764915972699896, 13.51748292454442968 ) ) ;
#4403 = ORIENTED_EDGE ( 'NONE', *, *, #360, .T. ) ;
#4404 = CIRCLE ( 'NONE', #774, 7.999999999999847233 ) ;
#4405 = CARTESIAN_POINT ( 'NONE',  ( 83.93619253030961147, 324.8289773764569190, 21.46446609406723383 ) ) ;
#4406 = DIRECTION ( 'NONE',  ( 0.09522540226920607476, -0.8804147036601276399, -0.4645450164857196085 ) ) ;
#4407 = EDGE_LOOP ( 'NONE', ( #3980, #4916, #1031, #4446 ) ) ;
#4408 = CARTESIAN_POINT ( 'NONE',  ( -98.99999999999876366, 1.000000000000004663, 0.000000000000000000 ) ) ;
#4409 = FACE_OUTER_BOUND ( 'NONE', #1447, .T. ) ;
#4410 = CARTESIAN_POINT ( 'NONE',  ( 80.99999999999995737, 402.3800000000000523, 24.99999999999999645 ) ) ;
#4411 = CIRCLE ( 'NONE', #3216, 403.0000000000167688 ) ;
#4412 =( BOUNDED_SURFACE ( )  B_SPLINE_SURFACE ( 3, 2, ( 
 ( #2387, #1753, #5620 ),
 ( #7583, #468, #3100 ),
 ( #4442, #4317, #3692 ),
 ( #7033, #6984, #1249 ),
 ( #5119, #2471, #5032 ),
 ( #6262, #6302, #6901 ),
 ( #4989, #1798, #510 ),
 ( #6943, #1917, #7625 ),
 ( #4487, #6393, #3183 ),
 ( #5750, #3776, #8349 ),
 ( #7077, #3731, #1292 ),
 ( #3864, #6431, #1960 ),
 ( #5, #2603, #3277 ),
 ( #133, #7119, #2003 ) ),
 .UNSPECIFIED., .F., .F., .F. ) 
 B_SPLINE_SURFACE_WITH_KNOTS ( ( 4, 2, 2, 2, 2, 2, 4 ),
 ( 3, 3 ),
 ( 0.06523194146731600696, 0.06850122830219046444, 0.07013587171962767930, 0.07177051513706490804, 0.07340515855450213678, 0.07503980197193935164, 0.07830908880681380912 ),
 ( 0.000000000000000000, 1.000000000000000000 ),
 .UNSPECIFIED. ) 
 GEOMETRIC_REPRESENTATION_ITEM ( )  RATIONAL_B_SPLINE_SURFACE ( (
 ( 1.000000000000000000, 0.8660254037844389297, 1.000000000000000000),
 ( 1.000000000000000000, 0.8745071365209935443, 1.000000000000000000),
 ( 1.000000000000000000, 0.8800451519697415348, 1.000000000000000000),
 ( 1.000000000000000000, 0.8843758713822957862, 1.000000000000000000),
 ( 1.000000000000000000, 0.8851528698178716681, 1.000000000000000000),
 ( 1.000000000000000000, 0.8854725368113727235, 1.000000000000000000),
 ( 1.000000000000000000, 0.8850245321049451386, 1.000000000000000000),
 ( 1.000000000000000000, 0.8831074502255481518, 1.000000000000000000),
 ( 1.000000000000000000, 0.8816323789641414832, 1.000000000000000000),
 ( 1.000000000000000000, 0.8778948187919144441, 1.000000000000000000),
 ( 1.000000000000000000, 0.8756450611666370953, 1.000000000000000000),
 ( 1.000000000000000000, 0.8681422297418984746, 1.000000000000000000),
 ( 1.000000000000000000, 0.8621395641669240550, 1.000000000000000000),
 ( 1.000000000000000000, 0.8560923022222645118, 1.000000000000000000) ) ) 
 REPRESENTATION_ITEM ( '' )  SURFACE ( )  );
#4413 = ORIENTED_EDGE ( 'NONE', *, *, #7737, .F. ) ;
#4414 = ORIENTED_EDGE ( 'NONE', *, *, #1056, .F. ) ;
#4415 = CARTESIAN_POINT ( 'NONE',  ( -95.00000000000000000, 538.9999999999998863, 24.99999999999999645 ) ) ;
#4416 = VECTOR ( 'NONE', #6270, 1000.000000000000000 ) ;
#4417 = ORIENTED_EDGE ( 'NONE', *, *, #237, .F. ) ;
#4418 = B_SPLINE_CURVE_WITH_KNOTS ( 'NONE', 3,
 ( #7695, #5825, #6460, #1945, #755, #667, #3340, #115, #4513, #1318, #2712, #5270, #7869, #3889, #2073, #7015 ),
 .UNSPECIFIED., .F., .F.,
 ( 4, 2, 2, 2, 2, 2, 2, 4 ),
 ( 3.469446951953614189E-18, 0.004114936661423122463, 0.006172404992134609102, 0.008229873322846095740, 0.01028734165355758151, 0.01234480998426906902, 0.01440227831498054958, 0.01645974664569203189 ),
 .UNSPECIFIED. ) ;
#4419 = CARTESIAN_POINT ( 'NONE',  ( -88.43998862685053552, 306.5409978478901962, -15.68873816995376735 ) ) ;
#4420 = DIRECTION ( 'NONE',  ( -0.000000000000000000, -1.000000000000000000, -0.000000000000000000 ) ) ;
#4421 = CARTESIAN_POINT ( 'NONE',  ( 88.76926981887757506, 304.1980404239827749, -11.55765772542917702 ) ) ;
#4422 = CARTESIAN_POINT ( 'NONE',  ( 75.76147235544129899, 432.1895060953618781, 24.78071186157267647 ) ) ;
#4423 = DIRECTION ( 'NONE',  ( 1.000000000000000000, 0.000000000000000000, 0.000000000000000000 ) ) ;
#4424 = CARTESIAN_POINT ( 'NONE',  ( 83.81792947602079380, 303.5021749131269644, 25.00000000000000000 ) ) ;
#4425 = AXIS2_PLACEMENT_3D ( 'NONE', #6250, #3049, #4974 ) ;
#4426 = AXIS2_PLACEMENT_3D ( 'NONE', #7150, #3762, #6512 ) ;
#4427 = ORIENTED_EDGE ( 'NONE', *, *, #577, .F. ) ;
#4428 = DIRECTION ( 'NONE',  ( 1.000000000000000000, 0.000000000000000000, 0.000000000000000000 ) ) ;
#4429 = AXIS2_PLACEMENT_3D ( 'NONE', #6939, #6297, #505 ) ;
#4430 = CARTESIAN_POINT ( 'NONE',  ( -117.0000000000000000, -59.00000000000001421, 24.99999999999999645 ) ) ;
#4431 = VERTEX_POINT ( 'NONE', #5706 ) ;
#4432 = DIRECTION ( 'NONE',  ( 0.000000000000000000, -1.000000000000000000, 0.000000000000000000 ) ) ;
#4433 = AXIS2_PLACEMENT_3D ( 'NONE', #4772, #8043, #4809 ) ;
#4434 = CARTESIAN_POINT ( 'NONE',  ( 87.32218052700186206, 314.4946157570151399, 20.92276985693225200 ) ) ;
#4435 = CARTESIAN_POINT ( 'NONE',  ( -79.36545911879612447, 344.8096197016265023, 30.00000000000001066 ) ) ;
#4436 = CARTESIAN_POINT ( 'NONE',  ( -75.90669295796992344, 435.0345994971374353, 24.01488461638568594 ) ) ;
#4437 = CIRCLE ( 'NONE', #5254, 5.000000000000001776 ) ;
#4438 = ORIENTED_EDGE ( 'NONE', *, *, #614, .F. ) ;
#4439 = ADVANCED_FACE ( 'NONE', ( #3819, #8259 ), #2468, .T. ) ;
#4440 = EDGE_CURVE ( 'NONE', #2323, #513, #1832, .T. ) ;
#4441 = EDGE_CURVE ( 'NONE', #8350, #361, #4297, .T. ) ;
#4442 = CARTESIAN_POINT ( 'NONE',  ( 75.63715873685232793, 431.0225807438095558, 24.94580983404048879 ) ) ;
#4443 = ORIENTED_EDGE ( 'NONE', *, *, #2455, .T. ) ;
#4444 = AXIS2_PLACEMENT_3D ( 'NONE', #653, #4629, #702 ) ;
#4445 = CARTESIAN_POINT ( 'NONE',  ( 79.00000000000000000, 447.4533586477033964, -20.81991249657319543 ) ) ;
#4446 = ORIENTED_EDGE ( 'NONE', *, *, #446, .F. ) ;
#4447 = DIRECTION ( 'NONE',  ( -1.000000000000000000, -1.023284752087778828E-15, -0.000000000000000000 ) ) ;
#4448 = DIRECTION ( 'NONE',  ( -0.000000000000000000, -1.000000000000000000, 0.000000000000000000 ) ) ;
#4449 = DIRECTION ( 'NONE',  ( -0.000000000000000000, -0.000000000000000000, -1.000000000000000000 ) ) ;
#4450 = CARTESIAN_POINT ( 'NONE',  ( 114.9999999999999858, -59.00000000000001421, -24.99999999999999289 ) ) ;
#4451 = EDGE_CURVE ( 'NONE', #1021, #1466, #1348, .T. ) ;
#4453 = ADVANCED_FACE ( 'NONE', ( #5838 ), #6737, .T. ) ;
#4452 = ORIENTED_EDGE ( 'NONE', *, *, #5871, .T. ) ;
#4454 = PLANE ( 'NONE',  #2623 ) ;
#4455 = DIRECTION ( 'NONE',  ( -0.000000000000000000, 0.000000000000000000, 1.000000000000000000 ) ) ;
#4456 = ORIENTED_EDGE ( 'NONE', *, *, #1279, .F. ) ;
#4457 = CONICAL_SURFACE ( 'NONE', #5274, 108.9600000000013864, 0.7853981633974469467 ) ;
#4458 = DIRECTION ( 'NONE',  ( -2.035408878479453763E-14, -1.000000000000000000, 0.000000000000000000 ) ) ;
#4459 = CARTESIAN_POINT ( 'NONE',  ( -86.78382365376910457, 318.3252239526653966, -22.57654564264344543 ) ) ;
#4460 = DIRECTION ( 'NONE',  ( 1.015794745118904431E-15, 1.000000000000000000, 0.000000000000000000 ) ) ;
#4461 = ORIENTED_EDGE ( 'NONE', *, *, #7224, .T. ) ;
#4462 = CIRCLE ( 'NONE', #2587, 405.0000000000001137 ) ;
#4463 = ORIENTED_EDGE ( 'NONE', *, *, #6100, .T. ) ;
#4464 = CARTESIAN_POINT ( 'NONE',  ( 84.88926672850548982, 335.7610290626602136, 27.28291928845122527 ) ) ;
#4465 = ORIENTED_EDGE ( 'NONE', *, *, #4136, .F. ) ;
#4466 = CARTESIAN_POINT ( 'NONE',  ( 76.12829888279362933, 439.3433066580129207, 21.46446609406726580 ) ) ;
#4467 = DIRECTION ( 'NONE',  ( -0.000000000000000000, 0.000000000000000000, 1.000000000000000000 ) ) ;
#4468 = CARTESIAN_POINT ( 'NONE',  ( 88.76926981972893316, 304.1980404179250286, -10.85786437626899215 ) ) ;
#4469 = AXIS2_PLACEMENT_3D ( 'NONE', #6052, #6094, #6134 ) ;
#4470 = DIRECTION ( 'NONE',  ( 9.251858538542961967E-16, -1.000000000000000000, 0.000000000000000000 ) ) ;
#4471 = EDGE_CURVE ( 'NONE', #319, #5120, #2419, .T. ) ;
#4472 = CARTESIAN_POINT ( 'NONE',  ( 91.99999999999945999, -9.345311655093866649E-14, -24.99999999999999289 ) ) ;
#4473 = CARTESIAN_POINT ( 'NONE',  ( -79.00920761912590251, 441.4216607543468172, -25.30330085889909952 ) ) ;
#4474 = EDGE_CURVE ( 'NONE', #6409, #6787, #7646, .T. ) ;
#4475 = VERTEX_POINT ( 'NONE', #5200 ) ;
#4476 = CARTESIAN_POINT ( 'NONE',  ( -290.9999999983658086, 204.1311561622549107, 27.99999999999999645 ) ) ;
#4477 = AXIS2_PLACEMENT_3D ( 'NONE', #1284, #7751, #5783 ) ;
#4478 = AXIS2_PLACEMENT_3D ( 'NONE', #72, #1403, #3974 ) ;
#4479 = DIRECTION ( 'NONE',  ( 0.1279686916634574234, -0.9105445540782410863, -0.3931063838102863417 ) ) ;
#4480 = ORIENTED_EDGE ( 'NONE', *, *, #5470, .T. ) ;
#4481 = CARTESIAN_POINT ( 'NONE',  ( 117.0000000016515571, 16.00000000000022737, 1.836970198721029589E-15 ) ) ;
#4482 = CARTESIAN_POINT ( 'NONE',  ( -96.99999999999945999, -9.853209027653314565E-14, 30.00000000000000000 ) ) ;
#4483 = CARTESIAN_POINT ( 'NONE',  ( 489.0000000000001137, 402.3800000000000523, 25.00000000000000000 ) ) ;
#4484 = DIRECTION ( 'NONE',  ( 9.251858538542971828E-16, -1.000000000000000000, 0.000000000000000000 ) ) ;
#4485 = VECTOR ( 'NONE', #2324, 1000.000000000000000 ) ;
#4486 = VERTEX_POINT ( 'NONE', #7881 ) ;
#4487 = CARTESIAN_POINT ( 'NONE',  ( 75.90687608415504428, 435.0423549267248404, 24.01192846950262805 ) ) ;
#4488 = VERTEX_POINT ( 'NONE', #6561 ) ;
#4489 = AXIS2_PLACEMENT_3D ( 'NONE', #5000, #7635, #3789 ) ;
#4490 = CARTESIAN_POINT ( 'NONE',  ( -79.35968070649643380, 436.2999409578140444, -26.86485877726815019 ) ) ;
#4491 = ORIENTED_EDGE ( 'NONE', *, *, #3997, .F. ) ;
#4492 = CARTESIAN_POINT ( 'NONE',  ( 290.9999999983658086, 204.1311561622549107, 24.99999999999999645 ) ) ;
#4493 = CARTESIAN_POINT ( 'NONE',  ( -83.41861188015397488, 327.2453284133436568, 22.53161987434459590 ) ) ;
#4494 = DIRECTION ( 'NONE',  ( -9.251858538542961967E-16, -1.000000000000000000, 0.000000000000000000 ) ) ;
#4495 = EDGE_CURVE ( 'NONE', #6101, #1552, #7161, .T. ) ;
#4496 = CARTESIAN_POINT ( 'NONE',  ( 88.76400995144985018, 304.2354663254218963, 11.55026475601440161 ) ) ;
#4497 = CIRCLE ( 'NONE', #3969, 5.000000000000000888 ) ;
#4498 = B_SPLINE_CURVE_WITH_KNOTS ( 'NONE', 3,
 ( #6918, #4964, #3796, #6959, #6407, #8236, #7094, #6367, #2488, #3119, #2528, #3707, #8193, #7556, #1270, #7685 ),
 .UNSPECIFIED., .F., .F.,
 ( 4, 2, 2, 2, 2, 2, 2, 4 ),
 ( 0.000000000000000000, 0.003090909868579000148, 0.003863637335723737933, 0.004636364802868475285, 0.006181819737157884069, 0.007727274671447291118, 0.009272729605736699035, 0.01236363947431551487 ),
 .UNSPECIFIED. ) ;
#4499 = ORIENTED_EDGE ( 'NONE', *, *, #1536, .T. ) ;
#4500 = DIRECTION ( 'NONE',  ( -1.000000000000000000, 0.000000000000000000, 0.000000000000000000 ) ) ;
#4501 = LINE ( 'NONE', #1349, #1762 ) ;
#4502 = EDGE_LOOP ( 'NONE', ( #8180, #7055, #3203, #1328 ) ) ;
#4503 = CARTESIAN_POINT ( 'NONE',  ( -98.99999999999998579, -59.00000000000001421, -24.99999999999999289 ) ) ;
#4504 = CARTESIAN_POINT ( 'NONE',  ( -84.38196125153342564, 340.2285989771800132, -27.50000000020844837 ) ) ;
#4505 = EDGE_CURVE ( 'NONE', #4644, #551, #5640, .T. ) ;
#4506 = FACE_OUTER_BOUND ( 'NONE', #4897, .T. ) ;
#4507 = ORIENTED_EDGE ( 'NONE', *, *, #234, .T. ) ;
#4508 = ORIENTED_EDGE ( 'NONE', *, *, #7359, .F. ) ;
#4509 = DIRECTION ( 'NONE',  ( 1.000000000000000000, 0.000000000000000000, 0.000000000000000000 ) ) ;
#4510 = ORIENTED_EDGE ( 'NONE', *, *, #1465, .T. ) ;
#4511 = CARTESIAN_POINT ( 'NONE',  ( 82.26970660118239209, 332.2088314921809342, 24.04009618480782962 ) ) ;
#4512 = DIRECTION ( 'NONE',  ( -0.000000000000000000, 0.000000000000000000, 1.000000000000000000 ) ) ;
#4513 = CARTESIAN_POINT ( 'NONE',  ( -88.29925440402134029, 307.5423738759158709, -16.62670023672337649 ) ) ;
#4514 = EDGE_CURVE ( 'NONE', #450, #3885, #516, .T. ) ;
#4515 = DIRECTION ( 'NONE',  ( 3.469446951953611231E-16, 1.615925289424356829E-16, -1.000000000000000000 ) ) ;
#4516 = FACE_OUTER_BOUND ( 'NONE', #7680, .T. ) ;
#4517 = CARTESIAN_POINT ( 'NONE',  ( -290.9999999983658086, 204.1311561622549107, 24.99999999999999645 ) ) ;
#4518 = ORIENTED_EDGE ( 'NONE', *, *, #2454, .F. ) ;
#4519 = DIRECTION ( 'NONE',  ( -0.000000000000000000, 0.000000000000000000, 1.000000000000000000 ) ) ;
#4520 = CARTESIAN_POINT ( 'NONE',  ( 117.0000000016515713, 1.000000000000225597, 0.000000000000000000 ) ) ;
#4521 = ORIENTED_EDGE ( 'NONE', *, *, #470, .T. ) ;
#4522 = CARTESIAN_POINT ( 'NONE',  ( -83.87286294993531044, 325.2368642033144397, 21.66084403636513400 ) ) ;
#4523 = LINE ( 'NONE', #7113, #701 ) ;
#4524 = DIRECTION ( 'NONE',  ( -0.000000000000000000, -1.000000000000000000, -0.000000000000000000 ) ) ;
#4525 = DIRECTION ( 'NONE',  ( 0.000000000000000000, -0.000000000000000000, -1.000000000000000000 ) ) ;
#4526 = EDGE_LOOP ( 'NONE', ( #5980, #2069, #5769, #5525 ) ) ;
#4527 = CARTESIAN_POINT ( 'NONE',  ( -75.92373240152322467, 435.7341221444950179, 23.72511741894925308 ) ) ;
#4528 = ORIENTED_EDGE ( 'NONE', *, *, #8362, .T. ) ;
#4529 = CARTESIAN_POINT ( 'NONE',  ( -75.76834574788644261, 432.2633313042850887, -24.76855950708988985 ) ) ;
#4530 = ORIENTED_EDGE ( 'NONE', *, *, #2549, .T. ) ;
#4531 = CARTESIAN_POINT ( 'NONE',  ( -117.0000000000000000, 204.1299999999999670, 30.00000000000000000 ) ) ;
#4532 = B_SPLINE_CURVE_WITH_KNOTS ( 'NONE', 3,
 ( #3209, #8328, #5100, #7784, #6509, #2031, #8378, #7103, #1985, #5146 ),
 .UNSPECIFIED., .F., .F.,
 ( 4, 2, 2, 2, 4 ),
 ( 0.000000000000000000, 0.003102610504627141726, 0.006205221009254283451, 0.009307831513881426044, 0.01241044201850856690 ),
 .UNSPECIFIED. ) ;
#4533 = CARTESIAN_POINT ( 'NONE',  ( -85.36156952086285798, 330.2148926419781105, 26.57774203025999427 ) ) ;
#4534 = CARTESIAN_POINT ( 'NONE',  ( -88.27822797942749844, 305.7617627650386680, 11.16067520424777371 ) ) ;
#4535 = AXIS2_PLACEMENT_3D ( 'NONE', #6978, #4432, #2546 ) ;
#4536 = VERTEX_POINT ( 'NONE', #3393 ) ;
#4537 = ADVANCED_FACE ( 'NONE', ( #5284 ), #4651, .T. ) ;
#4538 = CARTESIAN_POINT ( 'NONE',  ( -117.0000000016510739, 15.99999999999998579, 1.836970198721029589E-15 ) ) ;
#4539 = CARTESIAN_POINT ( 'NONE',  ( -81.00000000000000000, 402.3799999999999955, 30.00000000000000000 ) ) ;
#4540 = AXIS2_PLACEMENT_3D ( 'NONE', #323, #4843, #3625 ) ;
#4541 = ORIENTED_EDGE ( 'NONE', *, *, #4613, .F. ) ;
#4542 = DIRECTION ( 'NONE',  ( 0.000000000000000000, 1.000000000000000000, -0.000000000000000000 ) ) ;
#4543 = CARTESIAN_POINT ( 'NONE',  ( 76.12829888279323143, 439.3433066579819979, -21.46446609409187900 ) ) ;
#4544 = DIRECTION ( 'NONE',  ( 0.000000000000000000, 0.000000000000000000, -1.000000000000000000 ) ) ;
#4545 = TOROIDAL_SURFACE ( 'NONE', #5617, 130.0000000000000000, 10.00000000000000000 ) ;
#4546 = ORIENTED_EDGE ( 'NONE', *, *, #1727, .T. ) ;
#4547 = ADVANCED_FACE ( 'NONE', ( #5921 ), #5515, .F. ) ;
#4548 = FACE_BOUND ( 'NONE', #4731, .T. ) ;
#4549 = EDGE_CURVE ( 'NONE', #2314, #4959, #4841, .T. ) ;
#4550 = VECTOR ( 'NONE', #5413, 1000.000000000000000 ) ;
#4551 = ORIENTED_EDGE ( 'NONE', *, *, #3595, .T. ) ;
#4552 = LINE ( 'NONE', #1356, #2980 ) ;
#4553 = CIRCLE ( 'NONE', #1600, 2.999999999999999112 ) ;
#4554 = DIRECTION ( 'NONE',  ( -1.000000000000000000, 0.000000000000000000, 0.000000000000000000 ) ) ;
#4555 = CYLINDRICAL_SURFACE ( 'NONE', #8268, 15.00000000000000000 ) ;
#4556 = DIRECTION ( 'NONE',  ( 1.000000000000000000, 0.000000000000000000, 0.000000000000000000 ) ) ;
#4557 = CARTESIAN_POINT ( 'NONE',  ( 290.9999999983658086, 204.1311561622549107, 24.99999999999999645 ) ) ;
#4558 = DIRECTION ( 'NONE',  ( -1.000000000000000000, 0.000000000000000000, 0.000000000000000000 ) ) ;
#4559 = ORIENTED_EDGE ( 'NONE', *, *, #3324, .T. ) ;
#4560 = CIRCLE ( 'NONE', #1061, 5.000000000000001776 ) ;
#4562 = EDGE_CURVE ( 'NONE', #1855, #7078, #6604, .T. ) ;
#4561 = CARTESIAN_POINT ( 'NONE',  ( 35.00000000000000000, 0.000000000000000000, -49.00000000000000000 ) ) ;
#4563 = ADVANCED_FACE ( 'NONE', ( #7797 ), #390, .F. ) ;
#4564 = FACE_OUTER_BOUND ( 'NONE', #627, .T. ) ;
#4565 = ORIENTED_EDGE ( 'NONE', *, *, #3291, .F. ) ;
#4566 = CARTESIAN_POINT ( 'NONE',  ( -88.64830111872193186, 305.0587774504395497, 11.43179554263380204 ) ) ;
#4567 = LINE ( 'NONE', #8389, #7997 ) ;
#4568 = DIRECTION ( 'NONE',  ( 0.000000000000000000, 0.000000000000000000, -1.000000000000000000 ) ) ;
#4569 = TOROIDAL_SURFACE ( 'NONE', #5920, 394.9999999999878924, 3.000000000000000000 ) ;
#4570 = CARTESIAN_POINT ( 'NONE',  ( 0.000000000000000000, 0.000000000000000000, 25.00000000000000000 ) ) ;
#4571 = AXIS2_PLACEMENT_3D ( 'NONE', #3181, #8302, #3021 ) ;
#4572 = ORIENTED_EDGE ( 'NONE', *, *, #2855, .T. ) ;
#4573 = CARTESIAN_POINT ( 'NONE',  ( 85.43830357398815067, 329.3207438833211427, -26.40024191390661201 ) ) ;
#4574 = ORIENTED_EDGE ( 'NONE', *, *, #3678, .F. ) ;
#4575 = CARTESIAN_POINT ( 'NONE',  ( -75.92521445673448000, 435.7935640502216756, -23.69824965447107346 ) ) ;
#4576 = ORIENTED_EDGE ( 'NONE', *, *, #5618, .T. ) ;
#4577 = LINE ( 'NONE', #5076, #5890 ) ;
#4578 = DIRECTION ( 'NONE',  ( 1.000000000000000000, 0.000000000000000000, 0.000000000000000000 ) ) ;
#4579 = DIRECTION ( 'NONE',  ( -1.000000000000000000, -0.000000000000000000, -0.000000000000000000 ) ) ;
#4580 = CARTESIAN_POINT ( 'NONE',  ( 77.06808836033691534, 447.8084563778825213, -13.72104670174035412 ) ) ;
#4581 = EDGE_CURVE ( 'NONE', #5062, #4301, #1957, .T. ) ;
#4582 = VERTEX_POINT ( 'NONE', #7842 ) ;
#4583 = CARTESIAN_POINT ( 'NONE',  ( -104.0000000000035385, 204.1300253685548398, -30.00000000000000000 ) ) ;
#4584 = DIRECTION ( 'NONE',  ( 0.000000000000000000, -0.000000000000000000, -1.000000000000000000 ) ) ;
#4585 = EDGE_LOOP ( 'NONE', ( #3186, #933, #5683, #1430 ) ) ;
#4586 = DIRECTION ( 'NONE',  ( -1.000000000000000000, 0.000000000000000000, 0.000000000000000000 ) ) ;
#4587 = CARTESIAN_POINT ( 'NONE',  ( 0.000000000000000000, 0.000000000000000000, -27.99999999999999645 ) ) ;
#4588 = CIRCLE ( 'NONE', #3110, 392.0000000000002274 ) ;
#4589 = ORIENTED_EDGE ( 'NONE', *, *, #7457, .T. ) ;
#4590 = VECTOR ( 'NONE', #6745, 1000.000000000000000 ) ;
#4591 = CARTESIAN_POINT ( 'NONE',  ( -76.12750580968022973, 438.8397205544234225, 21.86639485518892556 ) ) ;
#4592 = CIRCLE ( 'NONE', #7301, 106.0310678118670893 ) ;
#4593 = ORIENTED_EDGE ( 'NONE', *, *, #4042, .T. ) ;
#4594 = DIRECTION ( 'NONE',  ( 1.000000000000000000, 2.009438925630559838E-14, 0.000000000000000000 ) ) ;
#4595 =( BOUNDED_SURFACE ( )  B_SPLINE_SURFACE ( 3, 2, ( 
 ( #249, #6083, #6805 ),
 ( #6125, #852, #5405 ),
 ( #4104, #4770, #1617 ),
 ( #291, #2123, #8000 ),
 ( #3390, #7362, #5320 ),
 ( #2764, #4853, #5444 ),
 ( #4184, #4060, #8081 ),
 ( #6683, #7402, #2206 ),
 ( #8041, #1573, #891 ),
 ( #2245, #6001, #976 ),
 ( #2801, #4143, #930 ),
 ( #4807, #6764, #6723 ),
 ( #7958, #4683, #7277 ),
 ( #3552, #332, #4725 ),
 ( #2285, #7444, #1497 ),
 ( #1658, #2162, #4226 ) ),
 .UNSPECIFIED., .F., .F., .F. ) 
 B_SPLINE_SURFACE_WITH_KNOTS ( ( 4, 2, 2, 2, 2, 2, 2, 4 ),
 ( 3, 3 ),
 ( 0.000000000000000000, 0.003090909868578879584, 0.003863637335723599589, 0.004636364802868319160, 0.006181819737157759169, 0.007727274671447199178, 0.009272729605736638320, 0.01236363947431551834 ),
 ( 0.000000000000000000, 1.000000000000000000 ),
 .UNSPECIFIED. ) 
 GEOMETRIC_REPRESENTATION_ITEM ( )  RATIONAL_B_SPLINE_SURFACE ( (
 ( 1.000000000000000000, 0.9064982793336020528, 1.000000000000000000),
 ( 1.000000000000000000, 0.9064923322712097331, 1.000000000000000000),
 ( 1.000000000000000000, 0.9050468907847981637, 1.000000000000000000),
 ( 1.000000000000000000, 0.9015665079657440018, 1.000000000000000000),
 ( 1.000000000000000000, 0.9007862245650695154, 1.000000000000000000),
 ( 1.000000000000000000, 0.8990575088041212748, 1.000000000000000000),
 ( 1.000000000000000000, 0.8981063246760803143, 1.000000000000000000),
 ( 1.000000000000000000, 0.8950432603115761054, 1.000000000000000000),
 ( 1.000000000000000000, 0.8927136230301940811, 1.000000000000000000),
 ( 1.000000000000000000, 0.8875261665762651520, 1.000000000000000000),
 ( 1.000000000000000000, 0.8846681520689571032, 1.000000000000000000),
 ( 1.000000000000000000, 0.8784496377522877930, 1.000000000000000000),
 ( 1.000000000000000000, 0.8750780965294919778, 1.000000000000000000),
 ( 1.000000000000000000, 0.8644262703868033082, 1.000000000000000000),
 ( 1.000000000000000000, 0.8565630131772131728, 1.000000000000000000),
 ( 1.000000000000000000, 0.8480166907666107923, 1.000000000000000000) ) ) 
 REPRESENTATION_ITEM ( '' )  SURFACE ( )  );
#4596 = DIRECTION ( 'NONE',  ( -1.000000000000000000, 0.000000000000000000, 0.000000000000000000 ) ) ;
#4597 = DIRECTION ( 'NONE',  ( -1.000000000000000000, -1.023284752087778828E-15, -0.000000000000000000 ) ) ;
#4598 = DIRECTION ( 'NONE',  ( -0.000000000000000000, 0.000000000000000000, 1.000000000000000000 ) ) ;
#4599 = FACE_OUTER_BOUND ( 'NONE', #2642, .T. ) ;
#4600 = EDGE_CURVE ( 'NONE', #1014, #5075, #2966, .T. ) ;
#4601 = CARTESIAN_POINT ( 'NONE',  ( 77.21739130434782794, 448.4714566206622521, 10.85786437626888201 ) ) ;
#4602 = ADVANCED_FACE ( 'NONE', ( #4685, #1290 ), #4612, .F. ) ;
#4603 = AXIS2_PLACEMENT_3D ( 'NONE', #6236, #6711, #921 ) ;
#4604 = CIRCLE ( 'NONE', #5813, 5.000000000000000888 ) ;
#4605 = ORIENTED_EDGE ( 'NONE', *, *, #2361, .F. ) ;
#4606 = LINE ( 'NONE', #2039, #29 ) ;
#4607 = AXIS2_PLACEMENT_3D ( 'NONE', #7458, #5373, #6733 ) ;
#4608 = ORIENTED_EDGE ( 'NONE', *, *, #4720, .F. ) ;
#4609 = CARTESIAN_POINT ( 'NONE',  ( -79.10092261764604871, 439.4933008929226617, 26.04197409216087422 ) ) ;
#4610 = DIRECTION ( 'NONE',  ( 0.000000000000000000, -0.6390694384436976794, -0.7691490446248093749 ) ) ;
#4611 = CARTESIAN_POINT ( 'NONE',  ( 80.30500928161170293, 339.8406755749453509, -25.00000000000000355 ) ) ;
#4612 = PLANE ( 'NONE',  #4041 ) ;
#4613 = EDGE_CURVE ( 'NONE', #6710, #8154, #1332, .T. ) ;
#4614 = EDGE_CURVE ( 'NONE', #6545, #3690, #7282, .T. ) ;
#4615 = VECTOR ( 'NONE', #6248, 1000.000000000000000 ) ;
#4616 = ORIENTED_EDGE ( 'NONE', *, *, #835, .T. ) ;
#4617 = CARTESIAN_POINT ( 'NONE',  ( 84.64901930793709539, 337.9811879379992661, -27.41489094866319221 ) ) ;
#4618 = CARTESIAN_POINT ( 'NONE',  ( -78.86848041429503553, 439.4905264837724417, -22.98764549214248731 ) ) ;
#4619 = ORIENTED_EDGE ( 'NONE', *, *, #6247, .F. ) ;
#4620 = CARTESIAN_POINT ( 'NONE',  ( -79.00000000000000000, 442.1664864017407695, 25.00000000001473310 ) ) ;
#4621 = CLOSED_SHELL ( 'NONE', ( #7519, #949, #6747, #7821, #2563, #8332, #5330, #5559, #5603, #5349, #4908, #5085, #1779, #5318, #3786, #3554, #4547, #1126, #8111, #1494, #579, #7993, #369, #7262, #569, #5390, #3469, #266, #1419, #1004, #6883, #3856, #341, #8073, #530, #4602, #1488, #7934, #3069, #101, #4439, #3278, #6837, #2241, #3060, #5531, #2260, #6076, #3425, #1952, #4917, #894, #7379, #4345, #5263, #1743, #4699, #2547, #7, #5181, #7998, #4811, #4223, #720, #5541, #7300, #7922, #2856, #3641, #6209, #1766, #418, #5205, #2085, #7487, #2397, #5840, #1257, #7405, #2065, #4972, #833, #2737, #4192, #5022, #5690, #2036, #4877, #8213, #692, #1684, #6836, #1467, #6314, #2635, #6197, #1717, #4537, #7633, #5530, #362, #5381, #6500, #2082, #1464, #3688, #2912, #112, #7604, #6734, #2188, #7711, #1672, #5957, #2445, #4730, #6258, #4792, #1599, #846, #2035, #507, #5678, #4453, #3797, #7585, #5572, #6783, #4800, #6496, #711, #5593, #3030, #784, #869, #2092, #6177, #2384, #2602, #4710, #7221, #6227, #5275, #1728, #2777, #1605, #3940, #4399, #6335, #7895, #4563, #5012, #2341, #6046, #6196, #3280, #5956, #2233, #7617, #7724, #460, #3108, #6958, #4108, #2140, #2739, #1736, #2510, #6571, #6625, #3722, #3541, #2914, #4302, #4328, #1199, #6268, #5867, #2290, #678, #6355, #1478, #7091, #7238, #6421, #5944, #837, #85, #4933, #1154, #6539, #4364, #2150, #8003, #8345, #5453, #7484, #4250, #3733, #3118, #3835, #3942, #8150, #7101, #3575, #1374, #253, #5899, #6466, #7563, #552, #6582, #6290, #5739, #1046, #848, #6246, #2968, #1314, #2107, #7921, #4070, #3632, #6218, #5676, #7041, #3481, #3866, #785, #1869, #1642, #6703, #1926, #2967, #4239, #2045, #2616, #3454, #315, #4249 ) ) ;
#4622 = CARTESIAN_POINT ( 'NONE',  ( -74.00000000000000000, 442.1664864017461127, -25.00000000001064393 ) ) ;
#4623 = CARTESIAN_POINT ( 'NONE',  ( -76.33622929763185994, 444.5191455574045563, 17.49949210681540279 ) ) ;
#4624 = DIRECTION ( 'NONE',  ( -1.000000000000000000, 2.009438925630560469E-14, 0.000000000000000000 ) ) ;
#4625 = EDGE_CURVE ( 'NONE', #6707, #7232, #6808, .T. ) ;
#4626 = AXIS2_PLACEMENT_3D ( 'NONE', #7912, #888, #5955 ) ;
#4627 = ORIENTED_EDGE ( 'NONE', *, *, #3166, .F. ) ;
#4628 = CARTESIAN_POINT ( 'NONE',  ( -84.00000000000000000, 402.3799999999999955, 24.99999999999999645 ) ) ;
#4629 = DIRECTION ( 'NONE',  ( -0.000000000000000000, 0.000000000000000000, 1.000000000000000000 ) ) ;
#4630 = ORIENTED_EDGE ( 'NONE', *, *, #7603, .F. ) ;
#4631 = CARTESIAN_POINT ( 'NONE',  ( 86.39560558544802404, 312.6790863927446935, 16.43716336521004351 ) ) ;
#4632 = CARTESIAN_POINT ( 'NONE',  ( -95.86357670959638710, 347.1282789188545621, 24.99999999999999645 ) ) ;
#4633 = AXIS2_PLACEMENT_3D ( 'NONE', #7725, #3832, #8313 ) ;
#4634 = DIRECTION ( 'NONE',  ( 0.000000000000000000, 1.000000000000000000, 0.000000000000000000 ) ) ;
#4635 = ORIENTED_EDGE ( 'NONE', *, *, #1577, .T. ) ;
#4636 = CARTESIAN_POINT ( 'NONE',  ( -87.01750970147821818, 316.6624613242468627, 19.30763609674504977 ) ) ;
#4637 = VECTOR ( 'NONE', #4944, 1000.000000000000000 ) ;
#4638 = ORIENTED_EDGE ( 'NONE', *, *, #3526, .F. ) ;
#4639 = CARTESIAN_POINT ( 'NONE',  ( -111.9999999999999858, 204.1300141686550660, -27.99999999999999645 ) ) ;
#4640 = CARTESIAN_POINT ( 'NONE',  ( -81.00000000000000000, 0.000000000000000000, 30.00000000000000000 ) ) ;
#4641 = DIRECTION ( 'NONE',  ( 0.000000000000000000, 0.000000000000000000, 1.000000000000000000 ) ) ;
#4642 = DIRECTION ( 'NONE',  ( -0.000000000000000000, -0.000000000000000000, -1.000000000000000000 ) ) ;
#4643 = CARTESIAN_POINT ( 'NONE',  ( 76.45325257813571795, 445.0495484951530898, 17.09243601797881240 ) ) ;
#4644 = VERTEX_POINT ( 'NONE', #8083 ) ;
#4645 = CARTESIAN_POINT ( 'NONE',  ( 87.94143215966431626, 346.0148941111712588, 27.99999999999999645 ) ) ;
#4646 =( BOUNDED_SURFACE ( )  B_SPLINE_SURFACE ( 3, 2, ( 
 ( #7578, #8173, #5538 ),
 ( #6296, #4312, #8137 ),
 ( #6775, #3686, #1111 ),
 ( #1628, #4198, #503 ) ),
 .UNSPECIFIED., .F., .F., .T. ) 
 B_SPLINE_SURFACE_WITH_KNOTS ( ( 4, 4 ),
 ( 3, 3 ),
 ( 6.245004513516505540E-17, 0.001337824752818068345 ),
 ( 0.000000000000000000, 1.000000000000000000 ),
 .UNSPECIFIED. ) 
 GEOMETRIC_REPRESENTATION_ITEM ( )  RATIONAL_B_SPLINE_SURFACE ( (
 ( 1.000000000000000000, 0.8991790343835329713, 1.000000000000000000),
 ( 1.000000000000000000, 0.9027184004790694827, 1.000000000000000000),
 ( 1.000000000000000000, 0.9062430039446909280, 1.000000000000000000),
 ( 1.000000000000000000, 0.9097484390951023903, 1.000000000000000000) ) ) 
 REPRESENTATION_ITEM ( '' )  SURFACE ( )  );
#4647 = ORIENTED_EDGE ( 'NONE', *, *, #1092, .F. ) ;
#4648 = CARTESIAN_POINT ( 'NONE',  ( -88.65365335185184392, 305.0206943328694251, 10.85786437626894951 ) ) ;
#4649 = CARTESIAN_POINT ( 'NONE',  ( 74.00000000000000000, 442.1664864017591867, 25.00000000000001776 ) ) ;
#4650 = FACE_OUTER_BOUND ( 'NONE', #5535, .T. ) ;
#4651 = PLANE ( 'NONE',  #6192 ) ;
#4652 = ORIENTED_EDGE ( 'NONE', *, *, #7121, .T. ) ;
#4653 = EDGE_CURVE ( 'NONE', #5709, #80, #2011, .T. ) ;
#4654 = EDGE_CURVE ( 'NONE', #6547, #880, #2823, .T. ) ;
#4655 = DIRECTION ( 'NONE',  ( 1.000000000000000000, -1.598666732762874288E-14, 0.000000000000000000 ) ) ;
#4656 = ORIENTED_EDGE ( 'NONE', *, *, #6930, .T. ) ;
#4657 = FACE_OUTER_BOUND ( 'NONE', #4840, .T. ) ;
#4658 = DIRECTION ( 'NONE',  ( 0.000000000000000000, 0.6239876012543819073, -0.7814342413030046508 ) ) ;
#4659 = CARTESIAN_POINT ( 'NONE',  ( -77.15819505687963442, 448.2089104684816334, 12.69149306962290424 ) ) ;
#4660 = CARTESIAN_POINT ( 'NONE',  ( -87.53218132617914193, 308.5666789854902845, 14.39535936590963949 ) ) ;
#4661 = CARTESIAN_POINT ( 'NONE',  ( 76.12753965900672881, 438.8388138954500164, 21.86714102958843853 ) ) ;
#4662 = ORIENTED_EDGE ( 'NONE', *, *, #4625, .F. ) ;
#4663 = ORIENTED_EDGE ( 'NONE', *, *, #3528, .T. ) ;
#4664 = DIRECTION ( 'NONE',  ( -1.015794745118904431E-15, -1.000000000000000000, -0.000000000000000000 ) ) ;
#4665 = EDGE_CURVE ( 'NONE', #6547, #3752, #2288, .T. ) ;
#4666 = CARTESIAN_POINT ( 'NONE',  ( 88.27822797942754107, 305.7617627650387817, 10.85786437626894774 ) ) ;
#4667 = EDGE_LOOP ( 'NONE', ( #110, #4102, #1720, #768, #8371, #2531, #3580, #7116 ) ) ;
#4668 = CARTESIAN_POINT ( 'NONE',  ( 87.66290963317605645, 308.0819187544698252, 14.08071378190590117 ) ) ;
#4669 = DIRECTION ( 'NONE',  ( -0.000000000000000000, -0.000000000000000000, -1.000000000000000000 ) ) ;
#4670 = CARTESIAN_POINT ( 'NONE',  ( -79.00000000000000000, 441.6842264109558300, -21.34421046549640977 ) ) ;
#4671 = EDGE_LOOP ( 'NONE', ( #8206, #3672, #7514, #8129 ) ) ;
#4672 = CARTESIAN_POINT ( 'NONE',  ( -85.14916676944923779, 316.9951061200583240, 17.92893218813447476 ) ) ;
#4673 = ORIENTED_EDGE ( 'NONE', *, *, #1259, .T. ) ;
#4674 = FACE_OUTER_BOUND ( 'NONE', #3999, .T. ) ;
#4675 = CARTESIAN_POINT ( 'NONE',  ( 94.99999999999985789, 402.3800000000000523, 24.99999999999999645 ) ) ;
#4676 = DIRECTION ( 'NONE',  ( 1.000000000000000000, 0.000000000000000000, 0.000000000000000000 ) ) ;
#4677 = TOROIDAL_SURFACE ( 'NONE', #5346, 403.0000000000167688, 3.000000000000000000 ) ;
#4678 = CARTESIAN_POINT ( 'NONE',  ( 8.673617379884035472E-16, 261.0399999999990541, 10.85786437626894774 ) ) ;
#4679 = ORIENTED_EDGE ( 'NONE', *, *, #6526, .T. ) ;
#4680 = CARTESIAN_POINT ( 'NONE',  ( 74.00000000000000000, 442.1664864017372452, -25.00000000003547740 ) ) ;
#4681 = ORIENTED_EDGE ( 'NONE', *, *, #6110, .T. ) ;
#4682 = CARTESIAN_POINT ( 'NONE',  ( -83.93619253030740879, 324.8289773764713004, -21.46446609407432504 ) ) ;
#4683 = CARTESIAN_POINT ( 'NONE',  ( -79.00000000000001421, 447.1048276389886951, -17.18426906261045062 ) ) ;
#4684 = DIRECTION ( 'NONE',  ( 0.000000000000000000, 0.000000000000000000, 1.000000000000000000 ) ) ;
#4685 = FACE_BOUND ( 'NONE', #804, .T. ) ;
#4686 = CIRCLE ( 'NONE', #636, 15.00000000000001421 ) ;
#4687 = EDGE_LOOP ( 'NONE', ( #5047, #6408, #3938, #4943, #4463, #330 ) ) ;
#4688 = CARTESIAN_POINT ( 'NONE',  ( 84.88930648776452870, 335.7606500800926597, -27.28289410901648537 ) ) ;
#4689 = DIRECTION ( 'NONE',  ( 0.1391731009604045832, -0.9902680687415227334, 0.000000000000000000 ) ) ;
#4690 = AXIS2_PLACEMENT_3D ( 'NONE', #4753, #1719, #3537 ) ;
#4691 = ORIENTED_EDGE ( 'NONE', *, *, #4768, .T. ) ;
#4692 = CARTESIAN_POINT ( 'NONE',  ( -79.00000000000000000, 443.6500996524761717, 23.81531135359158924 ) ) ;
#4693 = CYLINDRICAL_SURFACE ( 'NONE', #2591, 15.00000000000001421 ) ;
#4694 = CARTESIAN_POINT ( 'NONE',  ( -77.21739130434782794, 448.4714566206624227, 11.23285969535730899 ) ) ;
#4695 = LINE ( 'NONE', #7291, #652 ) ;
#4696 = CONICAL_SURFACE ( 'NONE', #795, 6.999999999999985789, 0.7853981633974695953 ) ;
#4697 = CARTESIAN_POINT ( 'NONE',  ( 98.99999999999880629, 1.989344536374230892E-12, 30.00000000000000000 ) ) ;
#4698 = EDGE_CURVE ( 'NONE', #3300, #3045, #8373, .T. ) ;
#4699 = ADVANCED_FACE ( 'NONE', ( #2924 ), #3770, .T. ) ;
#4700 = EDGE_LOOP ( 'NONE', ( #3633, #6594, #6493, #3791 ) ) ;
#4701 = AXIS2_PLACEMENT_3D ( 'NONE', #7547, #3032, #5589 ) ;
#4702 = ORIENTED_EDGE ( 'NONE', *, *, #6159, .T. ) ;
#4703 = FACE_OUTER_BOUND ( 'NONE', #7994, .T. ) ;
#4704 = CARTESIAN_POINT ( 'NONE',  ( -290.9999999983658086, 204.1311561622549107, 30.00000000000000000 ) ) ;
#4705 = ORIENTED_EDGE ( 'NONE', *, *, #6827, .T. ) ;
#4706 = CARTESIAN_POINT ( 'NONE',  ( 87.12310293550166307, 310.0662706644053515, 15.24387339737724112 ) ) ;
#4707 = CARTESIAN_POINT ( 'NONE',  ( 76.16981043603284718, 442.3468960485170101, -19.10104025450755927 ) ) ;
#4708 = PRODUCT_DEFINITION_FORMATION_WITH_SPECIFIED_SOURCE ( 'ANY', '', #5651, .NOT_KNOWN. ) ;
#4709 = FACE_OUTER_BOUND ( 'NONE', #7098, .T. ) ;
#4710 = ADVANCED_FACE ( 'NONE', ( #7447 ), #6086, .F. ) ;
#4711 = EDGE_CURVE ( 'NONE', #3540, #4062, #800, .T. ) ;
#4712 = ORIENTED_EDGE ( 'NONE', *, *, #5481, .T. ) ;
#4713 = DIRECTION ( 'NONE',  ( 0.1391731009596331725, -0.9902680687416312022, 0.000000000000000000 ) ) ;
#4714 = ORIENTED_EDGE ( 'NONE', *, *, #8247, .T. ) ;
#4715 = DIRECTION ( 'NONE',  ( 0.000000000000000000, 0.000000000000000000, 1.000000000000000000 ) ) ;
#4716 = VECTOR ( 'NONE', #1169, 1000.000000000000000 ) ;
#4717 = CARTESIAN_POINT ( 'NONE',  ( 88.27822797942754107, 305.7617627650387817, 25.00000000000000000 ) ) ;
#4718 = DIRECTION ( 'NONE',  ( 0.1391731009596220703, 0.9902680687416326455, 0.000000000000000000 ) ) ;
#4719 = DIRECTION ( 'NONE',  ( 0.000000000000000000, 0.000000000000000000, -1.000000000000000000 ) ) ;
#4720 = EDGE_CURVE ( 'NONE', #4359, #7285, #8365, .T. ) ;
#4721 = ORIENTED_EDGE ( 'NONE', *, *, #5710, .T. ) ;
#4722 = CARTESIAN_POINT ( 'NONE',  ( -92.00000000000000000, 538.9999999999998863, -24.99999999999999645 ) ) ;
#4723 = VERTEX_POINT ( 'NONE', #4145 ) ;
#4724 = CARTESIAN_POINT ( 'NONE',  ( -88.27822797942754107, 305.7617627650387249, 10.85786437626894774 ) ) ;
#4725 = CARTESIAN_POINT ( 'NONE',  ( -76.47182349668932488, 445.1337069509665412, -17.02715140403841332 ) ) ;
#4726 = AXIS2_PLACEMENT_3D ( 'NONE', #2874, #2274, #1604 ) ;
#4727 = DIRECTION ( 'NONE',  ( -0.000000000000000000, 0.000000000000000000, 1.000000000000000000 ) ) ;
#4728 = CIRCLE ( 'NONE', #4065, 2.999999999999999112 ) ;
#4729 = CARTESIAN_POINT ( 'NONE',  ( -88.07230908877858155, 306.5452295210149600, -12.72713621931070449 ) ) ;
#4730 = ADVANCED_FACE ( 'NONE', ( #6164 ), #108, .T. ) ;
#4731 = EDGE_LOOP ( 'NONE', ( #142, #7130 ) ) ;
#4732 = VECTOR ( 'NONE', #1884, 1000.000000000000000 ) ;
#4733 = VECTOR ( 'NONE', #1179, 1000.000000000000000 ) ;
#4734 = CARTESIAN_POINT ( 'NONE',  ( -85.82592594988616952, 324.8329121795193259, 22.96620933760272365 ) ) ;
#4735 = DIRECTION ( 'NONE',  ( 1.000000000000000000, 2.009438925630560153E-14, 0.000000000000000000 ) ) ;
#4736 = EDGE_LOOP ( 'NONE', ( #3640, #1535, #7618, #5664, #3680, #6524, #3111, #4082, #3881, #2149, #8038, #8263 ) ) ;
#4737 = DIRECTION ( 'NONE',  ( -0.000000000000000000, -0.000000000000000000, -1.000000000000000000 ) ) ;
#4738 = DIRECTION ( 'NONE',  ( 0.000000000000000000, 1.000000000000000000, 0.000000000000000000 ) ) ;
#4739 = DIRECTION ( 'NONE',  ( 0.000000000000000000, 1.000000000000000000, -0.000000000000000000 ) ) ;
#4740 = FACE_OUTER_BOUND ( 'NONE', #4502, .T. ) ;
#4741 = VECTOR ( 'NONE', #6354, 1000.000000000000000 ) ;
#4742 = DIRECTION ( 'NONE',  ( 1.000000000000000000, 0.000000000000000000, 0.000000000000000000 ) ) ;
#4743 = ORIENTED_EDGE ( 'NONE', *, *, #2920, .T. ) ;
#4744 = DIRECTION ( 'NONE',  ( -1.015794745118904037E-15, 1.000000000000000000, -0.000000000000000000 ) ) ;
#4745 = CARTESIAN_POINT ( 'NONE',  ( 0.000000000000000000, 540.3271830624646554, 10.85786437626888201 ) ) ;
#4746 = CIRCLE ( 'NONE', #840, 2.999999999999999112 ) ;
#4747 = AXIS2_PLACEMENT_3D ( 'NONE', #8309, #2518, #3871 ) ;
#4748 = DIRECTION ( 'NONE',  ( 1.000000000000000000, 0.000000000000000000, 0.000000000000000000 ) ) ;
#4749 = ORIENTED_EDGE ( 'NONE', *, *, #188, .T. ) ;
#4750 = CARTESIAN_POINT ( 'NONE',  ( 85.14916676944922358, 316.9951061200583240, 17.92893218813446055 ) ) ;
#4751 = EDGE_CURVE ( 'NONE', #5768, #7232, #3628, .T. ) ;
#4752 = LINE ( 'NONE', #3573, #7307 ) ;
#4753 = CARTESIAN_POINT ( 'NONE',  ( -100.1552701554799825, 259.1089210391793358, -24.99999999999999289 ) ) ;
#4754 = AXIS2_PLACEMENT_3D ( 'NONE', #122, #7319, #5278 ) ;
#4755 = ORIENTED_EDGE ( 'NONE', *, *, #2549, .F. ) ;
#4756 = DIRECTION ( 'NONE',  ( -1.000000000000000000, -2.009438925630559838E-14, 0.000000000000000000 ) ) ;
#4757 = VERTEX_POINT ( 'NONE', #3172 ) ;
#4758 = EDGE_CURVE ( 'NONE', #8162, #684, #3360, .T. ) ;
#4759 = AXIS2_PLACEMENT_3D ( 'NONE', #4918, #279, #1765 ) ;
#4760 = CARTESIAN_POINT ( 'NONE',  ( -86.07263358525857200, 323.3856042330221499, -24.99999999999999289 ) ) ;
#4761 = EDGE_CURVE ( 'NONE', #6506, #8020, #6849, .T. ) ;
#4762 = CARTESIAN_POINT ( 'NONE',  ( 77.08854898140788237, 447.8995448699555482, 13.58881433408603989 ) ) ;
#4763 = CARTESIAN_POINT ( 'NONE',  ( -84.17419972766279557, 341.7068990327454117, 27.50000000000000355 ) ) ;
#4764 = AXIS2_PLACEMENT_3D ( 'NONE', #4745, #3609, #5460 ) ;
#4765 = ORIENTED_EDGE ( 'NONE', *, *, #506, .F. ) ;
#4766 = CARTESIAN_POINT ( 'NONE',  ( 94.99999999999985789, 402.3800000000000523, 30.00000000000000000 ) ) ;
#4767 = ORIENTED_EDGE ( 'NONE', *, *, #217, .F. ) ;
#4768 = EDGE_CURVE ( 'NONE', #6468, #5799, #1235, .T. ) ;
#4769 = CARTESIAN_POINT ( 'NONE',  ( 92.00000000000000000, 538.9999999999998863, -30.00000000000000000 ) ) ;
#4770 = CARTESIAN_POINT ( 'NONE',  ( -78.99999999999285194, 449.8350589498411409, -12.50969143881457768 ) ) ;
#4771 = CARTESIAN_POINT ( 'NONE',  ( 83.41861188015404593, 327.2453284133432021, -22.53161987434453195 ) ) ;
#4772 = CARTESIAN_POINT ( 'NONE',  ( -144.8183451896672409, 20.35289111322548194, 30.00000000000000000 ) ) ;
#4773 = ORIENTED_EDGE ( 'NONE', *, *, #3713, .T. ) ;
#4774 = DIRECTION ( 'NONE',  ( 0.000000000000000000, -0.000000000000000000, 1.000000000000000000 ) ) ;
#4775 = CARTESIAN_POINT ( 'NONE',  ( 77.21739130434782794, 448.4714566206622521, 10.85786437626888201 ) ) ;
#4776 = VERTEX_POINT ( 'NONE', #7017 ) ;
#4777 = FACE_BOUND ( 'NONE', #6478, .T. ) ;
#4778 = DIRECTION ( 'NONE',  ( -1.000000000000000000, 0.000000000000000000, 0.000000000000000000 ) ) ;
#4779 = CARTESIAN_POINT ( 'NONE',  ( -85.26470690023433008, 331.4370634653491834, -26.76567638136524963 ) ) ;
#4780 = CARTESIAN_POINT ( 'NONE',  ( -77.21739130385140015, 448.4714566202449078, 11.55483251989526039 ) ) ;
#4781 = CARTESIAN_POINT ( 'NONE',  ( 141.8475409834426557, 19.93537181034424677, 24.99999999999999645 ) ) ;
#4782 = VERTEX_POINT ( 'NONE', #4379 ) ;
#4783 = AXIS2_PLACEMENT_3D ( 'NONE', #7191, #5779, #3261 ) ;
#4784 = CARTESIAN_POINT ( 'NONE',  ( -111.9999999999999858, 204.1299999999999670, 24.99999999999999645 ) ) ;
#4785 = CARTESIAN_POINT ( 'NONE',  ( 84.37644260263279250, 340.2678662036119022, -27.49999999999999645 ) ) ;
#4786 = FACE_OUTER_BOUND ( 'NONE', #7937, .T. ) ;
#4787 = VERTEX_POINT ( 'NONE', #4265 ) ;
#4788 = CARTESIAN_POINT ( 'NONE',  ( 489.0000000000001137, 402.3800000000000523, 30.00000000000000000 ) ) ;
#4789 = CARTESIAN_POINT ( 'NONE',  ( 74.01841523825179081, 441.4216607543467603, -25.60660171779825589 ) ) ;
#4790 = CARTESIAN_POINT ( 'NONE',  ( 104.0000000016221264, 204.1311561622549107, -24.99999999999999289 ) ) ;
#4791 = CARTESIAN_POINT ( 'NONE',  ( 290.9999999983658086, 204.1311561622549107, 30.00000000000000000 ) ) ;
#4792 = ADVANCED_FACE ( 'NONE', ( #8166 ), #456, .T. ) ;
#4793 = ORIENTED_EDGE ( 'NONE', *, *, #8247, .F. ) ;
#4794 = FACE_OUTER_BOUND ( 'NONE', #7140, .T. ) ;
#4795 = VERTEX_POINT ( 'NONE', #1863 ) ;
#4796 = CARTESIAN_POINT ( 'NONE',  ( 81.12129324155242216, 322.6897387282095906, -25.00000000000001421 ) ) ;
#4797 = CARTESIAN_POINT ( 'NONE',  ( 78.99999999995702638, 445.4445275046653592, 18.56536101857872012 ) ) ;
#4798 = CARTESIAN_POINT ( 'NONE',  ( -79.88621320722876362, 341.1042618279730050, 25.00000000000000000 ) ) ;
#4799 = EDGE_CURVE ( 'NONE', #2771, #8056, #3618, .T. ) ;
#4800 = ADVANCED_FACE ( 'NONE', ( #6929 ), #3763, .T. ) ;
#4801 = ORIENTED_EDGE ( 'NONE', *, *, #6111, .T. ) ;
#4802 = AXIS2_PLACEMENT_3D ( 'NONE', #4492, #10, #7124 ) ;
#4803 = DIRECTION ( 'NONE',  ( 0.000000000000000000, 0.000000000000000000, -1.000000000000000000 ) ) ;
#4804 = EDGE_LOOP ( 'NONE', ( #1291, #4403, #2925, #5915 ) ) ;
#4805 = VECTOR ( 'NONE', #3302, 1000.000000000000000 ) ;
#4806 = CARTESIAN_POINT ( 'NONE',  ( -88.62320369845754442, 305.2373548746891174, 14.10051797168695309 ) ) ;
#4807 = CARTESIAN_POINT ( 'NONE',  ( -79.00000000000000000, 449.5690831742784326, -18.53170900049453707 ) ) ;
#4808 = CARTESIAN_POINT ( 'NONE',  ( 88.50665647306183814, 306.0666314735000242, -15.18316017833154241 ) ) ;
#4809 = DIRECTION ( 'NONE',  ( -0.1391731009604046665, -0.9902680687415226224, 0.000000000000000000 ) ) ;
#4810 = EDGE_CURVE ( 'NONE', #1774, #8079, #2554, .T. ) ;
#4811 = ADVANCED_FACE ( 'NONE', ( #1184 ), #2955, .T. ) ;
#4812 = ORIENTED_EDGE ( 'NONE', *, *, #7776, .F. ) ;
#4813 = AXIS2_PLACEMENT_3D ( 'NONE', #3899, #6427, #5065 ) ;
#4814 = DIRECTION ( 'NONE',  ( 1.000000000000000000, 0.000000000000000000, 0.000000000000000000 ) ) ;
#4815 = CARTESIAN_POINT ( 'NONE',  ( 75.50290913128731063, 430.1535402464295430, -25.00000000000000711 ) ) ;
#4816 = ORIENTED_EDGE ( 'NONE', *, *, #1833, .F. ) ;
#4817 = CARTESIAN_POINT ( 'NONE',  ( -79.00000000000000000, 523.9999999999998863, 1.836970198721034716E-15 ) ) ;
#4818 = DIRECTION ( 'NONE',  ( -1.000000000000000000, 1.015794745118902656E-15, 0.000000000000000000 ) ) ;
#4819 = CARTESIAN_POINT ( 'NONE',  ( -113.0287491559736281, 260.9182132862523531, 24.99999999999999645 ) ) ;
#4820 = CIRCLE ( 'NONE', #5767, 3.000000000000002665 ) ;
#4821 = DIRECTION ( 'NONE',  ( 0.000000000000000000, 1.000000000000000000, 0.000000000000000000 ) ) ;
#4822 = FACE_OUTER_BOUND ( 'NONE', #4035, .T. ) ;
#4823 = ORIENTED_EDGE ( 'NONE', *, *, #3368, .T. ) ;
#4824 = DIRECTION ( 'NONE',  ( -0.000000000000000000, 1.000000000000000000, -0.000000000000000000 ) ) ;
#4825 = AXIS2_PLACEMENT_3D ( 'NONE', #4285, #8110, #7983 ) ;
#4826 = CARTESIAN_POINT ( 'NONE',  ( 87.14584108898682757, 315.7493360551335968, -21.46446609406720896 ) ) ;
#4827 = CARTESIAN_POINT ( 'NONE',  ( 290.9999999983658086, 204.1311561622549107, -24.99999999999999289 ) ) ;
#4828 = ORIENTED_EDGE ( 'NONE', *, *, #6597, .T. ) ;
#4829 = CARTESIAN_POINT ( 'NONE',  ( 489.0000000000001137, 402.3800000000000523, -24.99999999999999289 ) ) ;
#4830 = CARTESIAN_POINT ( 'NONE',  ( -141.8475409834426557, 19.93537181034426098, -24.99999999999999645 ) ) ;
#4831 = EDGE_CURVE ( 'NONE', #4207, #1995, #5734, .T. ) ;
#4832 = FACE_OUTER_BOUND ( 'NONE', #2102, .T. ) ;
#4833 = AXIS2_PLACEMENT_3D ( 'NONE', #5609, #6380, #4423 ) ;
#4834 = CYLINDRICAL_SURFACE ( 'NONE', #1338, 2.999999999999999112 ) ;
#4835 = CIRCLE ( 'NONE', #1200, 5.000000000000000888 ) ;
#4836 = EDGE_CURVE ( 'NONE', #2760, #1981, #7493, .T. ) ;
#4837 = ORIENTED_EDGE ( 'NONE', *, *, #4953, .F. ) ;
#4838 = DIRECTION ( 'NONE',  ( -2.009438925630560469E-14, 1.000000000000000000, -0.000000000000000000 ) ) ;
#4839 = AXIS2_PLACEMENT_3D ( 'NONE', #7229, #6593, #5234 ) ;
#4840 = EDGE_LOOP ( 'NONE', ( #4565, #2491, #4336, #2037, #8372, #836 ) ) ;
#4841 = CIRCLE ( 'NONE', #120, 134.1421356237311500 ) ;
#4842 = DIRECTION ( 'NONE',  ( 0.000000000000000000, -0.000000000000000000, -1.000000000000000000 ) ) ;
#4843 = DIRECTION ( 'NONE',  ( 0.000000000000000000, 1.000000000000000000, 0.000000000000000000 ) ) ;
#4844 = CARTESIAN_POINT ( 'NONE',  ( -84.56233017191831891, 338.7293436676378064, 27.44734952673475803 ) ) ;
#4845 = VECTOR ( 'NONE', #2378, 1000.000000000000000 ) ;
#4846 = ORIENTED_EDGE ( 'NONE', *, *, #6047, .F. ) ;
#4847 = CARTESIAN_POINT ( 'NONE',  ( -83.65344563923027010, 345.4122569063989090, -27.50000000000001421 ) ) ;
#4848 = TOROIDAL_SURFACE ( 'NONE', #5122, 397.0000000000002274, 5.000000000000000000 ) ;
#4849 = ORIENTED_EDGE ( 'NONE', *, *, #7722, .F. ) ;
#4850 = CARTESIAN_POINT ( 'NONE',  ( -88.31710559179892073, 307.4153560748717950, 14.83640843700359113 ) ) ;
#4851 = EDGE_CURVE ( 'NONE', #3844, #361, #1697, .T. ) ;
#4852 = EDGE_CURVE ( 'NONE', #2282, #1310, #2278, .T. ) ;
#4853 = CARTESIAN_POINT ( 'NONE',  ( -79.00000000000360956, 449.2852048511339831, -14.07846157524465625 ) ) ;
#4854 = DIRECTION ( 'NONE',  ( -0.000000000000000000, -0.000000000000000000, -1.000000000000000000 ) ) ;
#4855 = DIRECTION ( 'NONE',  ( -0.000000000000000000, 0.000000000000000000, 1.000000000000000000 ) ) ;
#4856 = AXIS2_PLACEMENT_3D ( 'NONE', #1379, #3988, #770 ) ;
#4857 = VERTEX_POINT ( 'NONE', #7570 ) ;
#4858 = CARTESIAN_POINT ( 'NONE',  ( 141.8475409834426557, 19.93537181034424677, 24.99999999999999645 ) ) ;
#4859 = AXIS2_PLACEMENT_3D ( 'NONE', #8008, #6729, #2169 ) ;
#4860 = CARTESIAN_POINT ( 'NONE',  ( -87.99081760128022722, 309.7370157634159682, -18.27188472647516093 ) ) ;
#4861 = VERTEX_POINT ( 'NONE', #1785 ) ;
#4862 = DIRECTION ( 'NONE',  ( -0.000000000000000000, -0.000000000000000000, -1.000000000000000000 ) ) ;
#4863 = CARTESIAN_POINT ( 'NONE',  ( -74.00000000000000000, 446.6320201490439104, -21.46446609406716988 ) ) ;
#4864 = EDGE_CURVE ( 'NONE', #3948, #4475, #3218, .T. ) ;
#4865 = CYLINDRICAL_SURFACE ( 'NONE', #1860, 5.000000000000000888 ) ;
#4866 = CARTESIAN_POINT ( 'NONE',  ( -290.9999999983658086, 204.1311561622549107, -27.99999999999999289 ) ) ;
#4867 = CARTESIAN_POINT ( 'NONE',  ( -114.9999999999999858, 0.000000000000000000, -24.99999999999999289 ) ) ;
#4868 = CIRCLE ( 'NONE', #5953, 15.00000000000000000 ) ;
#4869 = ORIENTED_EDGE ( 'NONE', *, *, #7710, .F. ) ;
#4870 = CARTESIAN_POINT ( 'NONE',  ( 104.0000000016221264, 204.1311561622549107, 27.99999999999999645 ) ) ;
#4871 = CARTESIAN_POINT ( 'NONE',  ( -83.93619253030961147, 324.8289773764569190, 21.46446609406723027 ) ) ;
#4872 = CARTESIAN_POINT ( 'NONE',  ( -83.99999999999994316, 402.3799999999999955, -30.00000000000000000 ) ) ;
#4873 = ORIENTED_EDGE ( 'NONE', *, *, #8256, .T. ) ;
#4874 = DIRECTION ( 'NONE',  ( 1.000000000000000000, 0.000000000000000000, 0.000000000000000000 ) ) ;
#4875 = DIRECTION ( 'NONE',  ( -1.000000000000000000, 1.015794745118904431E-15, 0.000000000000000000 ) ) ;
#4876 = CIRCLE ( 'NONE', #6226, 3.000000000000002665 ) ;
#4877 = ADVANCED_FACE ( 'NONE', ( #3718 ), #5191, .F. ) ;
#4878 = CARTESIAN_POINT ( 'NONE',  ( 85.00518126651459738, 334.5077716490111470, 27.16928310713768724 ) ) ;
#4879 = CARTESIAN_POINT ( 'NONE',  ( -100.9999999999988063, 2.029533314886842209E-12, -24.99999999999999289 ) ) ;
#4880 = VECTOR ( 'NONE', #2502, 1000.000000000000000 ) ;
#4881 = AXIS2_PLACEMENT_3D ( 'NONE', #5527, #3716, #8200 ) ;
#4882 = ORIENTED_EDGE ( 'NONE', *, *, #8177, .T. ) ;
#4883 = CARTESIAN_POINT ( 'NONE',  ( 78.95051410230999522, 439.9531412019223353, -22.67297622109729005 ) ) ;
#4884 = ORIENTED_EDGE ( 'NONE', *, *, #5976, .F. ) ;
#4885 = CYLINDRICAL_SURFACE ( 'NONE', #280, 2.999999999999999112 ) ;
#4886 = CARTESIAN_POINT ( 'NONE',  ( -87.94143215966393257, 346.0148941111733052, -24.99999999999999289 ) ) ;
#4887 = CARTESIAN_POINT ( 'NONE',  ( -83.27059758822504421, 338.7824938532949091, 25.18105794573961376 ) ) ;
#4888 = ORIENTED_EDGE ( 'NONE', *, *, #6491, .T. ) ;
#4889 = FACE_BOUND ( 'NONE', #6744, .T. ) ;
#4890 = CIRCLE ( 'NONE', #7607, 408.0000000000167688 ) ;
#4891 = ORIENTED_EDGE ( 'NONE', *, *, #1973, .T. ) ;
#4892 = CARTESIAN_POINT ( 'NONE',  ( -88.61322816692552351, 305.3083344697135999, 12.26272082067763591 ) ) ;
#4893 = CARTESIAN_POINT ( 'NONE',  ( 86.80439080098794591, 311.2180086607925773, -15.80054460984426079 ) ) ;
#4894 = CARTESIAN_POINT ( 'NONE',  ( 88.43998862698745711, 306.5409978469159569, -15.68873817110020497 ) ) ;
#4895 = CARTESIAN_POINT ( 'NONE',  ( -35.00000000000000000, 389.7200000000000273, -37.00000000000000711 ) ) ;
#4896 = VECTOR ( 'NONE', #7897, 1000.000000000000000 ) ;
#4897 = EDGE_LOOP ( 'NONE', ( #3768, #6652, #5922, #2322 ) ) ;
#4898 = DIRECTION ( 'NONE',  ( -0.000000000000000000, 1.000000000000000000, -0.000000000000000000 ) ) ;
#4899 = CARTESIAN_POINT ( 'NONE',  ( 81.38145975777295860, 336.0141935857441240, 24.71446832654528691 ) ) ;
#4900 = ORIENTED_EDGE ( 'NONE', *, *, #6941, .F. ) ;
#4901 = LINE ( 'NONE', #7456, #616 ) ;
#4902 = CARTESIAN_POINT ( 'NONE',  ( 87.25343273099281305, 309.5913489088655410, 14.99407685541570601 ) ) ;
#4903 = DIRECTION ( 'NONE',  ( 0.000000000000000000, 1.000000000000000000, 0.000000000000000000 ) ) ;
#4904 = DIRECTION ( 'NONE',  ( 0.000000000000000000, -1.000000000000000000, 0.000000000000000000 ) ) ;
#4905 = EDGE_LOOP ( 'NONE', ( #8232, #5086, #5194, #572 ) ) ;
#4906 = EDGE_CURVE ( 'NONE', #5697, #7906, #2370, .T. ) ;
#4908 = ADVANCED_FACE ( 'NONE', ( #5233 ), #8380, .F. ) ;
#4907 = CARTESIAN_POINT ( 'NONE',  ( 290.9999999983658086, 204.1311561622549107, -24.99999999999999289 ) ) ;
#4909 = DIRECTION ( 'NONE',  ( 0.000000000000000000, 0.000000000000000000, -1.000000000000000000 ) ) ;
#4910 = CARTESIAN_POINT ( 'NONE',  ( 79.00000000000000000, 451.5726532813967538, -14.91465725723826807 ) ) ;
#4911 = ORIENTED_EDGE ( 'NONE', *, *, #5276, .T. ) ;
#4912 = CARTESIAN_POINT ( 'NONE',  ( -79.66987298107781612, 429.3405386945350415, -27.50000000000000000 ) ) ;
#4913 = DIRECTION ( 'NONE',  ( -0.1391731009596220703, -0.9902680687416326455, 0.000000000000000000 ) ) ;
#4914 = CARTESIAN_POINT ( 'NONE',  ( 85.91496060409230040, 324.5736652630491790, 25.30330085889913150 ) ) ;
#4915 = CARTESIAN_POINT ( 'NONE',  ( -91.99999999999945999, -9.345311655093862863E-14, 24.99999999999999645 ) ) ;
#4917 = ADVANCED_FACE ( 'NONE', ( #4516 ), #6552, .T. ) ;
#4916 = ORIENTED_EDGE ( 'NONE', *, *, #5055, .T. ) ;
#4918 = CARTESIAN_POINT ( 'NONE',  ( 59.00000000000019185, 389.7200000000000273, -37.00000000000000711 ) ) ;
#4919 = ORIENTED_EDGE ( 'NONE', *, *, #5246, .F. ) ;
#4920 = FACE_OUTER_BOUND ( 'NONE', #2418, .T. ) ;
#4921 = CARTESIAN_POINT ( 'NONE',  ( 79.00000000000000000, 449.5555461030718902, 18.54935824865941640 ) ) ;
#4922 = CARTESIAN_POINT ( 'NONE',  ( -84.37693229070477230, 340.2219210889655869, 27.48985651625352844 ) ) ;
#4923 = ORIENTED_EDGE ( 'NONE', *, *, #7467, .F. ) ;
#4924 = DIRECTION ( 'NONE',  ( -0.000000000000000000, 0.000000000000000000, 1.000000000000000000 ) ) ;
#4925 = VERTEX_POINT ( 'NONE', #34 ) ;
#4926 = B_SPLINE_CURVE_WITH_KNOTS ( 'NONE', 3,
 ( #7244, #5848, #178, #2053, #6488, #2773, #5329, #3954, #4493, #7082 ),
 .UNSPECIFIED., .F., .F.,
 ( 4, 2, 2, 2, 4 ),
 ( 0.000000000000000000, 0.003991440714061925653, 0.007982881428123851306, 0.01197432214218577609, 0.01596576285624770261 ),
 .UNSPECIFIED. ) ;
#4927 = DIRECTION ( 'NONE',  ( 1.000000000000000000, 0.000000000000000000, 0.000000000000000000 ) ) ;
#4928 = CARTESIAN_POINT ( 'NONE',  ( 87.32224904875533866, 314.4941281994052815, -20.92255936526035853 ) ) ;
#4929 = CARTESIAN_POINT ( 'NONE',  ( 111.9999999999999858, -59.00000000000001421, -24.99999999999999289 ) ) ;
#4930 = EDGE_CURVE ( 'NONE', #7223, #7078, #74, .T. ) ;
#4931 = VECTOR ( 'NONE', #4420, 1000.000000000000000 ) ;
#4932 = CARTESIAN_POINT ( 'NONE',  ( 79.00000000000000000, 452.1569313045373519, -12.92700391393034565 ) ) ;
#4933 = ADVANCED_FACE ( 'NONE', ( #4599 ), #5870, .F. ) ;
#4934 = VERTEX_POINT ( 'NONE', #624 ) ;
#4935 = AXIS2_PLACEMENT_3D ( 'NONE', #7226, #2632, #6549 ) ;
#4936 = DIRECTION ( 'NONE',  ( -0.000000000000000000, 0.000000000000000000, 1.000000000000000000 ) ) ;
#4937 = ORIENTED_EDGE ( 'NONE', *, *, #6941, .T. ) ;
#4938 = LINE ( 'NONE', #3644, #2482 ) ;
#4939 = CARTESIAN_POINT ( 'NONE',  ( 87.82906574880961159, 310.8879399970285817, 19.00068159438833604 ) ) ;
#4940 = DIRECTION ( 'NONE',  ( -1.000000000000000000, -0.000000000000000000, -0.000000000000000000 ) ) ;
#4941 = DIRECTION ( 'NONE',  ( -2.833731016493593558E-06, -0.9999999999919699789, -2.833731016505109394E-06 ) ) ;
#4942 = CIRCLE ( 'NONE', #5906, 2.999999999999999112 ) ;
#4943 = ORIENTED_EDGE ( 'NONE', *, *, #2738, .F. ) ;
#4944 = DIRECTION ( 'NONE',  ( 0.1391731009604046665, 0.9902680687415226224, 0.000000000000000000 ) ) ;
#4945 = ORIENTED_EDGE ( 'NONE', *, *, #7973, .F. ) ;
#4946 = CARTESIAN_POINT ( 'NONE',  ( 79.00000000000000000, 448.2117885405148172, -20.11179491826258925 ) ) ;
#4947 = AXIS2_PLACEMENT_3D ( 'NONE', #3890, #4598, #4556 ) ;
#4948 = VERTEX_POINT ( 'NONE', #2676 ) ;
#4949 = CARTESIAN_POINT ( 'NONE',  ( 84.33712561902623861, 322.2466876411989460, -20.22121744950144517 ) ) ;
#4950 = CARTESIAN_POINT ( 'NONE',  ( 79.56230652852113394, 433.4609724864932900, -27.30542804984111527 ) ) ;
#4951 = CARTESIAN_POINT ( 'NONE',  ( -87.99128673928903765, 309.7336776730324459, 18.26969085729069420 ) ) ;
#4952 = EDGE_CURVE ( 'NONE', #6707, #2259, #5590, .T. ) ;
#4953 = EDGE_CURVE ( 'NONE', #1552, #270, #6951, .T. ) ;
#4954 = CARTESIAN_POINT ( 'NONE',  ( 88.53476708389239036, 305.8666140843181438, 14.92131987114299818 ) ) ;
#4955 = AXIS2_PLACEMENT_3D ( 'NONE', #1135, #3078, #2447 ) ;
#4956 = ORIENTED_EDGE ( 'NONE', *, *, #750, .F. ) ;
#4957 = CARTESIAN_POINT ( 'NONE',  ( 489.0000000000001137, 402.3800000000000523, -24.99999999999999289 ) ) ;
#4958 = CARTESIAN_POINT ( 'NONE',  ( 111.0482160718710389, 260.6398453591721704, -24.99999999999999289 ) ) ;
#4959 = VERTEX_POINT ( 'NONE', #7149 ) ;
#4960 = LINE ( 'NONE', #1770, #5266 ) ;
#4961 = AXIS2_PLACEMENT_3D ( 'NONE', #8333, #6418, #1282 ) ;
#4962 = DIRECTION ( 'NONE',  ( 0.7071067811865324737, 8.659560562355117747E-17, 0.7071067811865626718 ) ) ;
#4963 = EDGE_CURVE ( 'NONE', #5124, #1161, #3976, .T. ) ;
#4964 = CARTESIAN_POINT ( 'NONE',  ( -78.99999999999998579, 452.2987785557372717, -11.90549674541249914 ) ) ;
#4965 = AXIS2_PLACEMENT_3D ( 'NONE', #1630, #2853, #4237 ) ;
#4966 = EDGE_LOOP ( 'NONE', ( #524, #1055, #2279, #3746 ) ) ;
#4967 = ORIENTED_EDGE ( 'NONE', *, *, #7110, .T. ) ;
#4968 = CYLINDRICAL_SURFACE ( 'NONE', #6238, 5.000000000000004441 ) ;
#4969 = ORIENTED_EDGE ( 'NONE', *, *, #741, .F. ) ;
#4970 = CARTESIAN_POINT ( 'NONE',  ( -290.9999999983658086, 204.1311561622549107, -30.00000000000000000 ) ) ;
#4971 = CARTESIAN_POINT ( 'NONE',  ( 85.14916676944930884, 316.9951061200580398, -17.92893218813446765 ) ) ;
#4972 = ADVANCED_FACE ( 'NONE', ( #2714 ), #2539, .F. ) ;
#4973 = DIRECTION ( 'NONE',  ( 1.000000000000000000, 1.067522139062606101E-14, 0.000000000000000000 ) ) ;
#4974 = DIRECTION ( 'NONE',  ( 0.000000000000000000, 0.000000000000000000, 1.000000000000000000 ) ) ;
#4975 = EDGE_LOOP ( 'NONE', ( #3571, #4438, #4077, #2461 ) ) ;
#4976 = AXIS2_PLACEMENT_3D ( 'NONE', #1064, #7024, #458 ) ;
#4977 = EDGE_CURVE ( 'NONE', #8195, #5348, #1906, .T. ) ;
#4978 = CARTESIAN_POINT ( 'NONE',  ( -85.91496060409228619, 324.5736652630491790, 25.30330085889915992 ) ) ;
#4979 = ORIENTED_EDGE ( 'NONE', *, *, #2473, .T. ) ;
#4980 = CARTESIAN_POINT ( 'NONE',  ( -111.9999999999999858, 0.000000000000000000, 24.99999999999999645 ) ) ;
#4981 = EDGE_CURVE ( 'NONE', #3013, #7529, #7872, .T. ) ;
#4982 = CARTESIAN_POINT ( 'NONE',  ( 87.61852088631219715, 312.3860445368006253, 17.73940981542731876 ) ) ;
#4983 = CARTESIAN_POINT ( 'NONE',  ( 79.00000000000000000, 449.2324864096376587, 18.95352612930364344 ) ) ;
#4984 = CIRCLE ( 'NONE', #4049, 15.00000000000001421 ) ;
#4985 = CARTESIAN_POINT ( 'NONE',  ( -95.00000000000000000, 523.9999999999998863, 1.836970198721034716E-15 ) ) ;
#4986 = ORIENTED_EDGE ( 'NONE', *, *, #4088, .F. ) ;
#4987 = AXIS2_PLACEMENT_3D ( 'NONE', #6823, #4322, #2391 ) ;
#4988 = TOROIDAL_SURFACE ( 'NONE', #4859, 397.0000000000002274, 3.000000000000000000 ) ;
#4989 = CARTESIAN_POINT ( 'NONE',  ( 75.87127254201935500, 433.8799077527715440, 24.40169933488773069 ) ) ;
#4990 = ORIENTED_EDGE ( 'NONE', *, *, #3845, .T. ) ;
#4991 = CARTESIAN_POINT ( 'NONE',  ( 79.00000000000000000, 446.6320201490469231, -21.46446609406478601 ) ) ;
#4992 = EDGE_LOOP ( 'NONE', ( #4003, #4087, #3246, #132 ) ) ;
#4993 = CARTESIAN_POINT ( 'NONE',  ( -100.9999999999999858, -59.00000000000001421, 30.00000000000000000 ) ) ;
#4994 = CARTESIAN_POINT ( 'NONE',  ( 79.34529416734271479, 436.5089142986417414, -26.83566951986086480 ) ) ;
#4995 = CARTESIAN_POINT ( 'NONE',  ( -88.72951744259253815, 304.4808932785953175, 12.55390229939124325 ) ) ;
#4996 = CIRCLE ( 'NONE', #4603, 2.999999999999999112 ) ;
#4997 = CARTESIAN_POINT ( 'NONE',  ( 88.72951744259248130, 304.4808932785953175, 12.55390229939121483 ) ) ;
#4998 = ORIENTED_EDGE ( 'NONE', *, *, #1718, .T. ) ;
#4999 = EDGE_CURVE ( 'NONE', #1968, #945, #4024, .T. ) ;
#5000 = CARTESIAN_POINT ( 'NONE',  ( -84.00000000000000000, 538.9999999999998863, 24.99999999999999645 ) ) ;
#5001 = AXIS2_PLACEMENT_3D ( 'NONE', #482, #7730, #3837 ) ;
#5002 = VECTOR ( 'NONE', #6267, 1000.000000000000000 ) ;
#5003 = CARTESIAN_POINT ( 'NONE',  ( -35.00000000000000000, 401.7200000000000273, -49.00000000000000000 ) ) ;
#5004 = ORIENTED_EDGE ( 'NONE', *, *, #3226, .F. ) ;
#5005 = DIRECTION ( 'NONE',  ( -0.000000000000000000, -0.000000000000000000, -1.000000000000000000 ) ) ;
#5006 = CARTESIAN_POINT ( 'NONE',  ( 91.99999999999985789, 402.3800000000000523, 30.00000000000000000 ) ) ;
#5007 = CARTESIAN_POINT ( 'NONE',  ( 103.9999999999947136, 204.1300253685548114, -30.00000000000000000 ) ) ;
#5008 = EDGE_LOOP ( 'NONE', ( #3811, #7349, #5358, #4911 ) ) ;
#5009 = EDGE_LOOP ( 'NONE', ( #2333, #3777, #6989, #4816 ) ) ;
#5010 = EDGE_CURVE ( 'NONE', #6545, #1217, #881, .T. ) ;
#5011 = DIRECTION ( 'NONE',  ( 0.000000000000000000, 0.000000000000000000, 1.000000000000000000 ) ) ;
#5012 = ADVANCED_FACE ( 'NONE', ( #7384 ), #914, .F. ) ;
#5013 = VERTEX_POINT ( 'NONE', #146 ) ;
#5014 = CIRCLE ( 'NONE', #706, 5.000000000000004441 ) ;
#5015 = CARTESIAN_POINT ( 'NONE',  ( -100.1552701557799026, 259.1089210392215705, -24.99999999999999645 ) ) ;
#5016 = CARTESIAN_POINT ( 'NONE',  ( 88.22482956448041591, 308.0719341257801602, -17.06215015433507531 ) ) ;
#5017 = FACE_OUTER_BOUND ( 'NONE', #2804, .T. ) ;
#5018 = DIRECTION ( 'NONE',  ( 0.000000000000000000, 1.000000000000000000, 0.000000000000000000 ) ) ;
#5019 = CARTESIAN_POINT ( 'NONE',  ( -79.00295820084265586, 441.6691907921779148, -25.20046716016295107 ) ) ;
#5020 = CIRCLE ( 'NONE', #6792, 15.00000000000000000 ) ;
#5021 = EDGE_LOOP ( 'NONE', ( #8105, #7778, #3455, #2126 ) ) ;
#5022 = ADVANCED_FACE ( 'NONE', ( #5385 ), #5339, .F. ) ;
#5023 = CARTESIAN_POINT ( 'NONE',  ( -85.64585522679048779, 325.6082026301210703, 23.28746268599952529 ) ) ;
#5024 = ORIENTED_EDGE ( 'NONE', *, *, #3164, .T. ) ;
#5025 = LINE ( 'NONE', #4481, #1579 ) ;
#5026 = AXIS2_PLACEMENT_3D ( 'NONE', #2360, #959, #2315 ) ;
#5027 = CARTESIAN_POINT ( 'NONE',  ( 88.62320369846017343, 305.2373548746702454, 14.10051797168874010 ) ) ;
#5028 = CARTESIAN_POINT ( 'NONE',  ( -95.86357670959637289, 347.1282789188539368, -24.99999999999999645 ) ) ;
#5029 = CARTESIAN_POINT ( 'NONE',  ( -79.57348442157226032, 433.1574787505743984, 27.32562340456014027 ) ) ;
#5030 = EDGE_LOOP ( 'NONE', ( #2571, #3279, #6972, #3531 ) ) ;
#5031 = CIRCLE ( 'NONE', #5439, 5.000000000000000888 ) ;
#5032 = CARTESIAN_POINT ( 'NONE',  ( 79.54417223461115327, 433.6905478421263638, 27.26968402989106366 ) ) ;
#5033 = ORIENTED_EDGE ( 'NONE', *, *, #3986, .T. ) ;
#5034 = CARTESIAN_POINT ( 'NONE',  ( 78.99999999998544808, 449.9699847844096894, -11.69295997379014906 ) ) ;
#5035 = ORIENTED_EDGE ( 'NONE', *, *, #2289, .T. ) ;
#5036 = CARTESIAN_POINT ( 'NONE',  ( 117.0000000016510455, 509.0000000000001137, 0.000000000000000000 ) ) ;
#5037 = DIRECTION ( 'NONE',  ( 1.000000000000000000, 0.000000000000000000, 0.000000000000000000 ) ) ;
#5038 = LINE ( 'NONE', #3698, #5826 ) ;
#5039 = CARTESIAN_POINT ( 'NONE',  ( -111.9999999999999858, -59.00000000000001421, -27.99999999999999645 ) ) ;
#5040 = EDGE_CURVE ( 'NONE', #7378, #1434, #1431, .T. ) ;
#5041 = ORIENTED_EDGE ( 'NONE', *, *, #5174, .T. ) ;
#5042 = DIRECTION ( 'NONE',  ( 0.000000000000000000, -0.6173572752429475896, -0.7866829060711839627 ) ) ;
#5043 = CARTESIAN_POINT ( 'NONE',  ( 133.9253964332667692, 18.82198700251879231, 24.99999999999999645 ) ) ;
#5044 = ORIENTED_EDGE ( 'NONE', *, *, #3368, .F. ) ;
#5045 = CYLINDRICAL_SURFACE ( 'NONE', #5947, 2.999999999999990674 ) ;
#5046 = DIRECTION ( 'NONE',  ( 1.000000000000000000, -2.009438925630559838E-14, 0.000000000000000000 ) ) ;
#5047 = ORIENTED_EDGE ( 'NONE', *, *, #4121, .T. ) ;
#5048 = ORIENTED_EDGE ( 'NONE', *, *, #4159, .F. ) ;
#5049 = CARTESIAN_POINT ( 'NONE',  ( 85.26470690023657539, 331.4370634653299135, 26.76567638136394223 ) ) ;
#5050 = ORIENTED_EDGE ( 'NONE', *, *, #6301, .F. ) ;
#5051 = CARTESIAN_POINT ( 'NONE',  ( 92.00000000000000000, 538.9999999999998863, 27.99999999999999645 ) ) ;
#5052 = CARTESIAN_POINT ( 'NONE',  ( 88.74821243353878231, 304.3478715060556397, -12.22967161276824122 ) ) ;
#5053 = DIRECTION ( 'NONE',  ( -1.000000000000000000, -1.023284752087778828E-15, -0.000000000000000000 ) ) ;
#5054 = DIRECTION ( 'NONE',  ( 1.000000000000000000, 0.000000000000000000, 0.000000000000000000 ) ) ;
#5055 = EDGE_CURVE ( 'NONE', #439, #1336, #187, .T. ) ;
#5056 = CARTESIAN_POINT ( 'NONE',  ( -108.0774088119515710, 260.2223477814061994, 30.00000000000000000 ) ) ;
#5057 = EDGE_CURVE ( 'NONE', #880, #4644, #7980, .T. ) ;
#5058 = EDGE_CURVE ( 'NONE', #1137, #896, #7982, .T. ) ;
#5059 = ORIENTED_EDGE ( 'NONE', *, *, #5789, .T. ) ;
#5060 = DIRECTION ( 'NONE',  ( 0.000000000000000000, 0.000000000000000000, 1.000000000000000000 ) ) ;
#5061 = CARTESIAN_POINT ( 'NONE',  ( -83.76585374409970086, 326.0466849473709203, 22.07106781186556077 ) ) ;
#5062 = VERTEX_POINT ( 'NONE', #2144 ) ;
#5063 = CARTESIAN_POINT ( 'NONE',  ( 78.32658384290465392, 431.1982624185917530, -25.12163190726028006 ) ) ;
#5064 = CARTESIAN_POINT ( 'NONE',  ( 88.43780743056196059, 306.5565178659206822, 15.68862281798336511 ) ) ;
#5065 = DIRECTION ( 'NONE',  ( -0.9902680687415233995, 0.1391731009603991709, 0.000000000000000000 ) ) ;
#5066 = CARTESIAN_POINT ( 'NONE',  ( -79.31879157619655984, 436.7954847392048805, 26.76116346226204712 ) ) ;
#5067 = EDGE_CURVE ( 'NONE', #3857, #6920, #6492, .T. ) ;
#5068 = EDGE_CURVE ( 'NONE', #1624, #981, #7173, .T. ) ;
#5069 = EDGE_LOOP ( 'NONE', ( #1932, #3665, #3157, #671 ) ) ;
#5070 = CIRCLE ( 'NONE', #8330, 2.999999999999999112 ) ;
#5071 = AXIS2_PLACEMENT_3D ( 'NONE', #5036, #4447, #3236 ) ;
#5072 = CARTESIAN_POINT ( 'NONE',  ( 104.0000000016221264, 204.1311561622549107, -30.00000000000000000 ) ) ;
#5073 = VERTEX_POINT ( 'NONE', #6624 ) ;
#5074 = CARTESIAN_POINT ( 'NONE',  ( 76.96930885305775405, 447.3683334532645404, -14.51763864891441180 ) ) ;
#5075 = VERTEX_POINT ( 'NONE', #1557 ) ;
#5076 = CARTESIAN_POINT ( 'NONE',  ( -0.000000000000000000, 401.7200000000000273, -25.00000000000000000 ) ) ;
#5077 = CARTESIAN_POINT ( 'NONE',  ( -80.97273827159371251, 323.8790812111568016, -25.60660171779823813 ) ) ;
#5078 = CIRCLE ( 'NONE', #1454, 397.0000000000002274 ) ;
#5079 = LINE ( 'NONE', #2564, #1796 ) ;
#5080 = CARTESIAN_POINT ( 'NONE',  ( -75.79621395015284691, 432.5977482977020259, -24.70816850349636695 ) ) ;
#5081 = VERTEX_POINT ( 'NONE', #953 ) ;
#5082 = CIRCLE ( 'NONE', #3207, 15.00000000000000000 ) ;
#5083 = CARTESIAN_POINT ( 'NONE',  ( 290.9999999983658086, 204.1311561622549107, 24.99999999999999645 ) ) ;
#5084 = PLANE ( 'NONE',  #2299 ) ;
#5085 = ADVANCED_FACE ( 'NONE', ( #3413 ), #4125, .F. ) ;
#5086 = ORIENTED_EDGE ( 'NONE', *, *, #5479, .T. ) ;
#5087 = DIRECTION ( 'NONE',  ( 1.000000000000000000, 0.000000000000000000, 0.000000000000000000 ) ) ;
#5088 = DIRECTION ( 'NONE',  ( 0.000000000000000000, -1.000000000000000000, 0.000000000000000000 ) ) ;
#5089 = CARTESIAN_POINT ( 'NONE',  ( -75.33974596215561803, 429.3405386945350415, -30.00000000000000355 ) ) ;
#5090 = EDGE_CURVE ( 'NONE', #1009, #1262, #2442, .T. ) ;
#5091 = DIRECTION ( 'NONE',  ( -0.000000000000000000, 0.000000000000000000, 1.000000000000000000 ) ) ;
#5092 = VECTOR ( 'NONE', #3341, 1000.000000000000114 ) ;
#5093 = EDGE_LOOP ( 'NONE', ( #6070, #2779, #6372, #752 ) ) ;
#5094 = ORIENTED_EDGE ( 'NONE', *, *, #8124, .F. ) ;
#5095 = PLANE ( 'NONE',  #1261 ) ;
#5096 = AXIS2_PLACEMENT_3D ( 'NONE', #7862, #2066, #786 ) ;
#5097 = ORIENTED_EDGE ( 'NONE', *, *, #6826, .F. ) ;
#5098 = FACE_OUTER_BOUND ( 'NONE', #6727, .T. ) ;
#5099 = DIRECTION ( 'NONE',  ( 1.000000000000000000, 0.000000000000000000, 0.000000000000000000 ) ) ;
#5100 = CARTESIAN_POINT ( 'NONE',  ( 79.10073383480806797, 439.4961092958146764, 26.04096745022085102 ) ) ;
#5101 = CARTESIAN_POINT ( 'NONE',  ( 117.0000000016510455, 509.0000000000001137, 0.000000000000000000 ) ) ;
#5102 = DIRECTION ( 'NONE',  ( -1.000000000000000000, 1.015794745118904234E-15, 0.000000000000000000 ) ) ;
#5103 = DIRECTION ( 'NONE',  ( -1.000000000000000000, -1.023284752087778828E-15, 0.000000000000000000 ) ) ;
#5104 = AXIS2_PLACEMENT_3D ( 'NONE', #2247, #2965, #5529 ) ;
#5105 = AXIS2_PLACEMENT_3D ( 'NONE', #4697, #7292, #944 ) ;
#5106 = ORIENTED_EDGE ( 'NONE', *, *, #1974, .T. ) ;
#5107 = DIRECTION ( 'NONE',  ( 0.000000000000000000, -1.000000000000000000, 0.000000000000000000 ) ) ;
#5109 = CARTESIAN_POINT ( 'NONE',  ( -79.00000000000000000, 442.1664864017461127, -24.99999999999999289 ) ) ;
#5108 = PRODUCT_DEFINITION ( 'UNKNOWN', '', #4708, #5518 ) ;
#5110 = EDGE_CURVE ( 'NONE', #6944, #2090, #8249, .T. ) ;
#5111 = EDGE_LOOP ( 'NONE', ( #3501, #7837, #1016, #7856, #2687, #3798, #4290, #6244 ) ) ;
#5112 = CARTESIAN_POINT ( 'NONE',  ( 78.37447915763419815, 432.5890328454202063, -25.04280411883472368 ) ) ;
#5113 = VECTOR ( 'NONE', #6475, 1000.000000000000000 ) ;
#5114 = CARTESIAN_POINT ( 'NONE',  ( 78.99999999986809485, 443.1894917864598256, 20.17277105769445100 ) ) ;
#5115 = CARTESIAN_POINT ( 'NONE',  ( 0.000000000000000000, 540.3271830624646554, -15.00000000000000178 ) ) ;
#5116 = CARTESIAN_POINT ( 'NONE',  ( -75.92498972064332463, 435.7846062205344992, 23.70226616274250730 ) ) ;
#5117 = AXIS2_PLACEMENT_3D ( 'NONE', #6403, #7636, #5719 ) ;
#5118 = EDGE_LOOP ( 'NONE', ( #4656, #585, #5050, #740 ) ) ;
#5119 = CARTESIAN_POINT ( 'NONE',  ( 75.80227410636369711, 432.6761172423766766, 24.69291203989393679 ) ) ;
#5120 = VERTEX_POINT ( 'NONE', #1121 ) ;
#5121 = EDGE_CURVE ( 'NONE', #1265, #6562, #273, .T. ) ;
#5122 = AXIS2_PLACEMENT_3D ( 'NONE', #3292, #2659, #2101 ) ;
#5123 = CARTESIAN_POINT ( 'NONE',  ( -75.33974596215561803, 429.3405386945350415, -25.00000000000000000 ) ) ;
#5124 = VERTEX_POINT ( 'NONE', #1678 ) ;
#5125 = FACE_BOUND ( 'NONE', #2077, .T. ) ;
#5126 = CARTESIAN_POINT ( 'NONE',  ( 97.18447063532408947, 258.6913683945444404, 30.00000000000000000 ) ) ;
#5127 = CARTESIAN_POINT ( 'NONE',  ( -88.74419580683907327, 304.3764512900609702, 12.22231908146750001 ) ) ;
#5128 = CARTESIAN_POINT ( 'NONE',  ( -79.00000000000000000, 445.1384320049590997, 22.63657432198434094 ) ) ;
#5129 = EDGE_LOOP ( 'NONE', ( #2359, #7988, #7875, #5875 ) ) ;
#5130 = CARTESIAN_POINT ( 'NONE',  ( -81.00000000000000000, 508.9999999999998863, 0.000000000000000000 ) ) ;
#5131 = EDGE_CURVE ( 'NONE', #3902, #3682, #6224, .T. ) ;
#5132 = DIRECTION ( 'NONE',  ( -1.000000000000000000, 0.000000000000000000, 0.000000000000000000 ) ) ;
#5133 = VERTEX_POINT ( 'NONE', #1713 ) ;
#5134 = LINE ( 'NONE', #7089, #2964 ) ;
#5135 = AXIS2_PLACEMENT_3D ( 'NONE', #3623, #4175, #6116 ) ;
#5136 = DIRECTION ( 'NONE',  ( -0.000000000000000000, -0.000000000000000000, -1.000000000000000000 ) ) ;
#5137 = CARTESIAN_POINT ( 'NONE',  ( -83.93619253030740879, 324.8289773764713004, -21.46446609407433570 ) ) ;
#5138 = DIRECTION ( 'NONE',  ( -2.009438925630560469E-14, 1.000000000000000000, -0.000000000000000000 ) ) ;
#5139 = ORIENTED_EDGE ( 'NONE', *, *, #4121, .F. ) ;
#5140 = VECTOR ( 'NONE', #7180, 1000.000000000000000 ) ;
#5141 = VERTEX_POINT ( 'NONE', #6788 ) ;
#5142 = CARTESIAN_POINT ( 'NONE',  ( 79.88621320722873520, 341.1042618279731187, 25.00000000000000000 ) ) ;
#5143 = EDGE_LOOP ( 'NONE', ( #650, #2606, #6394, #1837 ) ) ;
#5144 = CARTESIAN_POINT ( 'NONE',  ( 83.76585374409970086, 326.0466849473708635, 22.07106781186551814 ) ) ;
#5145 = DIRECTION ( 'NONE',  ( -0.000000000000000000, -0.000000000000000000, -1.000000000000000000 ) ) ;
#5146 = CARTESIAN_POINT ( 'NONE',  ( 79.66987298107781612, 429.3405386945347573, 27.50000000000000355 ) ) ;
#5147 = CIRCLE ( 'NONE', #1522, 394.9999999999879492 ) ;
#5148 = LINE ( 'NONE', #7016, #6988 ) ;
#5149 = CARTESIAN_POINT ( 'NONE',  ( 79.00920761912590251, 441.4216607543467603, -25.30330085889911729 ) ) ;
#5150 = DIRECTION ( 'NONE',  ( -0.000000000000000000, -0.000000000000000000, -1.000000000000000000 ) ) ;
#5151 = ORIENTED_EDGE ( 'NONE', *, *, #7367, .F. ) ;
#5152 = CARTESIAN_POINT ( 'NONE',  ( 86.78382365376933194, 318.3252239526638050, 22.57654564263443220 ) ) ;
#5153 = AXIS2_PLACEMENT_3D ( 'NONE', #2222, #8101, #5500 ) ;
#5154 = AXIS2_PLACEMENT_3D ( 'NONE', #538, #1735, #2414 ) ;
#5155 = CARTESIAN_POINT ( 'NONE',  ( 94.99999999999985789, 402.3800000000000523, -24.99999999999999289 ) ) ;
#5156 = ORIENTED_EDGE ( 'NONE', *, *, #114, .F. ) ;
#5157 = CARTESIAN_POINT ( 'NONE',  ( 78.42338090295866948, 434.3839332698345856, -24.79210842746843113 ) ) ;
#5158 = CARTESIAN_POINT ( 'NONE',  ( -290.9999999983658086, 204.1311561622549107, -27.99999999999999289 ) ) ;
#5159 = DIRECTION ( 'NONE',  ( -0.1391731009596220703, -0.9902680687416326455, 0.000000000000000000 ) ) ;
#5160 = DIRECTION ( 'NONE',  ( 1.000000000000000000, 0.000000000000000000, 0.000000000000000000 ) ) ;
#5161 = CIRCLE ( 'NONE', #5971, 4.999999999999988454 ) ;
#5162 = ORIENTED_EDGE ( 'NONE', *, *, #303, .F. ) ;
#5163 = CARTESIAN_POINT ( 'NONE',  ( -81.00000000000000000, 538.9999999999998863, 30.00000000000000000 ) ) ;
#5164 = ORIENTED_EDGE ( 'NONE', *, *, #8076, .T. ) ;
#5165 = AXIS2_PLACEMENT_3D ( 'NONE', #651, #3243, #5807 ) ;
#5166 = CARTESIAN_POINT ( 'NONE',  ( -75.87127254201931237, 433.8799077527565942, -24.40169933489266896 ) ) ;
#5167 = ORIENTED_EDGE ( 'NONE', *, *, #3839, .T. ) ;
#5168 = FACE_OUTER_BOUND ( 'NONE', #469, .T. ) ;
#5169 = CARTESIAN_POINT ( 'NONE',  ( 86.39555478948139466, 312.6792632185175762, -16.43722654268469441 ) ) ;
#5170 = CARTESIAN_POINT ( 'NONE',  ( -86.39540211486446708, 312.6798044066708258, 16.43744667240703450 ) ) ;
#5171 = CARTESIAN_POINT ( 'NONE',  ( 78.86848041429503553, 439.4905264837721575, 22.98764549214254416 ) ) ;
#5172 = EDGE_CURVE ( 'NONE', #1654, #4224, #351, .T. ) ;
#5173 = AXIS2_PLACEMENT_3D ( 'NONE', #1377, #1417, #1455 ) ;
#5174 = EDGE_CURVE ( 'NONE', #3599, #6219, #677, .T. ) ;
#5175 = VERTEX_POINT ( 'NONE', #396 ) ;
#5176 = CARTESIAN_POINT ( 'NONE',  ( 117.0000000016515855, 389.7200000000000273, -30.00000000000001776 ) ) ;
#5177 = CARTESIAN_POINT ( 'NONE',  ( 76.12829888279333090, 439.3433066579906949, -21.46446609408499739 ) ) ;
#5178 = VERTEX_POINT ( 'NONE', #8106 ) ;
#5179 = DIRECTION ( 'NONE',  ( 0.000000000000000000, -0.000000000000000000, -1.000000000000000000 ) ) ;
#5180 = CARTESIAN_POINT ( 'NONE',  ( 79.00000000000000000, 445.1384320049598387, 22.63657432198376540 ) ) ;
#5181 = ADVANCED_FACE ( 'NONE', ( #2985 ), #5256, .T. ) ;
#5182 = ORIENTED_EDGE ( 'NONE', *, *, #5841, .T. ) ;
#5183 = VERTEX_POINT ( 'NONE', #3696 ) ;
#5184 = CARTESIAN_POINT ( 'NONE',  ( 82.12785537477773801, 332.8282402338950305, 24.16101378653283049 ) ) ;
#5185 = EDGE_LOOP ( 'NONE', ( #7859, #3978, #3883, #5509 ) ) ;
#5186 = CARTESIAN_POINT ( 'NONE',  ( -87.25349181956920575, 309.5911491353239740, -14.99405489510372647 ) ) ;
#5187 =( BOUNDED_SURFACE ( )  B_SPLINE_SURFACE ( 3, 2, ( 
 ( #23, #2105, #748 ),
 ( #189, #2146, #7259 ),
 ( #1433, #4670, #2022 ),
 ( #1475, #1976, #5858 ) ),
 .UNSPECIFIED., .F., .F., .T. ) 
 B_SPLINE_SURFACE_WITH_KNOTS ( ( 4, 4 ),
 ( 3, 3 ),
 ( 0.000000000000000000, 0.005695697988442253827 ),
 ( 0.000000000000000000, 1.000000000000000000 ),
 .UNSPECIFIED. ) 
 GEOMETRIC_REPRESENTATION_ITEM ( )  RATIONAL_B_SPLINE_SURFACE ( (
 ( 1.000000000000000000, 0.8480166907666099041, 1.000000000000000000),
 ( 1.000000000000000000, 0.8467482792405400804, 1.000000000000000000),
 ( 1.000000000000000000, 0.8455072092704040143, 1.000000000000000000),
 ( 1.000000000000000000, 0.8442925371453589012, 1.000000000000000000) ) ) 
 REPRESENTATION_ITEM ( '' )  SURFACE ( )  );
#5188 = CARTESIAN_POINT ( 'NONE',  ( 81.00000000000000000, 0.000000000000000000, -24.99999999999999289 ) ) ;
#5189 = LINE ( 'NONE', #1904, #5682 ) ;
#5190 = CARTESIAN_POINT ( 'NONE',  ( 75.79621395015286112, 432.5977482977017416, 24.70816850349639893 ) ) ;
#5191 = CYLINDRICAL_SURFACE ( 'NONE', #4120, 2.999999999999993783 ) ;
#5192 = DIRECTION ( 'NONE',  ( 9.251858538542971828E-16, -1.000000000000000000, 0.000000000000000000 ) ) ;
#5193 = VECTOR ( 'NONE', #117, 1000.000000000000000 ) ;
#5194 = ORIENTED_EDGE ( 'NONE', *, *, #4146, .T. ) ;
#5195 = CARTESIAN_POINT ( 'NONE',  ( 79.00295820084249954, 441.6691907921839970, 25.20046716016034694 ) ) ;
#5196 = ORIENTED_EDGE ( 'NONE', *, *, #4441, .T. ) ;
#5197 = CARTESIAN_POINT ( 'NONE',  ( -83.76585374409970086, 326.0466849473708635, 22.07106781186551814 ) ) ;
#5198 = DIRECTION ( 'NONE',  ( 0.03880832485709925089, -0.7685696240441936000, 0.6385880103152209442 ) ) ;
#5199 = DIRECTION ( 'NONE',  ( -0.1391731009598449753, -0.9902680687416013372, 3.925221027185089672E-13 ) ) ;
#5200 = CARTESIAN_POINT ( 'NONE',  ( 86.07263358526051888, 323.3856042330082232, 24.99999999999999645 ) ) ;
#5201 = EDGE_CURVE ( 'NONE', #1645, #564, #6069, .T. ) ;
#5202 = ORIENTED_EDGE ( 'NONE', *, *, #2767, .F. ) ;
#5203 = CARTESIAN_POINT ( 'NONE',  ( 82.68451296682144402, 330.3308308833320552, -23.53365588528626873 ) ) ;
#5204 = ORIENTED_EDGE ( 'NONE', *, *, #7139, .T. ) ;
#5205 = ADVANCED_FACE ( 'NONE', ( #5463 ), #8057, .F. ) ;
#5206 = CARTESIAN_POINT ( 'NONE',  ( -79.66987298107780191, 429.3405386945350415, -27.50000000000000000 ) ) ;
#5207 = VERTEX_POINT ( 'NONE', #5505 ) ;
#5208 = FACE_OUTER_BOUND ( 'NONE', #6429, .T. ) ;
#5209 = CARTESIAN_POINT ( 'NONE',  ( 88.07211382334155303, 306.5459692496189632, -12.72803848245713532 ) ) ;
#5210 = DIRECTION ( 'NONE',  ( 0.000000000000000000, 0.000000000000000000, -1.000000000000000000 ) ) ;
#5211 = FACE_OUTER_BOUND ( 'NONE', #4804, .T. ) ;
#5212 = AXIS2_PLACEMENT_3D ( 'NONE', #2495, #7694, #3715 ) ;
#5213 = AXIS2_PLACEMENT_3D ( 'NONE', #7081, #3869, #2132 ) ;
#5214 = ORIENTED_EDGE ( 'NONE', *, *, #7712, .F. ) ;
#5215 = CARTESIAN_POINT ( 'NONE',  ( -79.00920761912581725, 441.4216607543498299, 25.30330085889774239 ) ) ;
#5216 = CYLINDRICAL_SURFACE ( 'NONE', #5797, 15.00000000000001421 ) ;
#5217 = AXIS2_PLACEMENT_3D ( 'NONE', #113, #7145, #5993 ) ;
#5218 = ORIENTED_EDGE ( 'NONE', *, *, #8285, .T. ) ;
#5219 = EDGE_CURVE ( 'NONE', #7054, #5081, #1631, .T. ) ;
#5220 = EDGE_CURVE ( 'NONE', #2909, #183, #3708, .T. ) ;
#5221 = CARTESIAN_POINT ( 'NONE',  ( -79.00920761912590251, 441.4216607543468172, -25.30330085889909952 ) ) ;
#5222 = CARTESIAN_POINT ( 'NONE',  ( 103.9999999999617870, 204.1300108711995449, -24.99999999999999289 ) ) ;
#5223 = CIRCLE ( 'NONE', #1992, 413.6602540378444814 ) ;
#5224 = ORIENTED_EDGE ( 'NONE', *, *, #1013, .T. ) ;
#5225 = CARTESIAN_POINT ( 'NONE',  ( -79.00000000000001421, 449.2324864096394208, 18.95352612930154734 ) ) ;
#5226 = VERTEX_POINT ( 'NONE', #3654 ) ;
#5227 = DIRECTION ( 'NONE',  ( 2.220446049241091297E-14, -1.000000000000000000, 0.000000000000000000 ) ) ;
#5228 = EDGE_CURVE ( 'NONE', #4189, #1118, #7368, .T. ) ;
#5229 = AXIS2_PLACEMENT_3D ( 'NONE', #3171, #4515, #6928 ) ;
#5230 = CARTESIAN_POINT ( 'NONE',  ( 79.00000000000002842, 444.7029275826947696, 19.00627177607254481 ) ) ;
#5231 = DIRECTION ( 'NONE',  ( 1.000000000000000000, 0.000000000000000000, 0.000000000000000000 ) ) ;
#5232 = CARTESIAN_POINT ( 'NONE',  ( -83.41503622567432785, 327.2576712110011385, 22.53636232029827013 ) ) ;
#5233 = FACE_OUTER_BOUND ( 'NONE', #6358, .T. ) ;
#5234 = DIRECTION ( 'NONE',  ( 1.000000000000000000, 0.000000000000000000, 0.000000000000000000 ) ) ;
#5235 = ORIENTED_EDGE ( 'NONE', *, *, #5121, .F. ) ;
#5236 = VECTOR ( 'NONE', #2189, 1000.000000000000000 ) ;
#5237 = DIRECTION ( 'NONE',  ( -1.000000000000000000, 0.000000000000000000, 0.000000000000000000 ) ) ;
#5238 = EDGE_CURVE ( 'NONE', #6619, #286, #5936, .T. ) ;
#5239 = ORIENTED_EDGE ( 'NONE', *, *, #2888, .F. ) ;
#5240 = CARTESIAN_POINT ( 'NONE',  ( -95.86357670959637289, 347.1282789188539368, -30.00000000000000000 ) ) ;
#5241 = DIRECTION ( 'NONE',  ( 0.000000000000000000, 1.000000000000000000, -0.000000000000000000 ) ) ;
#5242 = CARTESIAN_POINT ( 'NONE',  ( 83.76585374409977192, 326.0466849473704087, -22.07106781186546485 ) ) ;
#5243 = TOROIDAL_SURFACE ( 'NONE', #7003, 394.9999999999878924, 5.000000000000000000 ) ;
#5244 = ORIENTED_EDGE ( 'NONE', *, *, #4654, .F. ) ;
#5245 = CARTESIAN_POINT ( 'NONE',  ( 85.91496060409237145, 324.5736652630487242, -25.30330085889911018 ) ) ;
#5246 = EDGE_CURVE ( 'NONE', #8075, #8303, #999, .T. ) ;
#5247 = FACE_OUTER_BOUND ( 'NONE', #500, .T. ) ;
#5248 = ORIENTED_EDGE ( 'NONE', *, *, #8033, .T. ) ;
#5249 = CYLINDRICAL_SURFACE ( 'NONE', #7019, 5.000000000000007994 ) ;
#5250 = CARTESIAN_POINT ( 'NONE',  ( -85.00518990959476184, 334.5076753595945434, 27.16927305405347681 ) ) ;
#5251 = CARTESIAN_POINT ( 'NONE',  ( 111.9999999999999858, 0.000000000000000000, 24.99999999999999645 ) ) ;
#5252 = CARTESIAN_POINT ( 'NONE',  ( 76.13679048190851972, 438.5910271985745226, 22.07106781186552524 ) ) ;
#5253 = ORIENTED_EDGE ( 'NONE', *, *, #2627, .T. ) ;
#5254 = AXIS2_PLACEMENT_3D ( 'NONE', #6292, #3681, #4382 ) ;
#5255 = CARTESIAN_POINT ( 'NONE',  ( -111.9999999999999858, 204.1299999999999670, -30.00000000000000000 ) ) ;
#5256 = TOROIDAL_SURFACE ( 'NONE', #7431, 397.0000000000002274, 5.000000000000000000 ) ;
#5257 = DIRECTION ( 'NONE',  ( 0.000000000000000000, 1.000000000000000000, 0.000000000000000000 ) ) ;
#5258 = ORIENTED_EDGE ( 'NONE', *, *, #7623, .F. ) ;
#5259 = DIRECTION ( 'NONE',  ( -0.000000000000000000, -0.000000000000000000, -1.000000000000000000 ) ) ;
#5260 = CARTESIAN_POINT ( 'NONE',  ( 91.99999999999985789, 0.000000000000000000, 27.99999999999999645 ) ) ;
#5261 = CARTESIAN_POINT ( 'NONE',  ( -104.0000000000035385, 204.1300253685548398, -27.99999999999999645 ) ) ;
#5262 = VECTOR ( 'NONE', #8231, 1000.000000000000000 ) ;
#5263 = ADVANCED_FACE ( 'NONE', ( #1078 ), #2301, .T. ) ;
#5264 = ORIENTED_EDGE ( 'NONE', *, *, #1632, .T. ) ;
#5265 = CARTESIAN_POINT ( 'NONE',  ( -86.42632954317321037, 320.8689267231384861, 23.75884225380179871 ) ) ;
#5266 = VECTOR ( 'NONE', #5136, 1000.000000000000000 ) ;
#5267 = ORIENTED_EDGE ( 'NONE', *, *, #3212, .T. ) ;
#5268 = DIRECTION ( 'NONE',  ( 0.000000000000000000, -0.000000000000000000, -1.000000000000000000 ) ) ;
#5269 = CARTESIAN_POINT ( 'NONE',  ( 76.33622929765823528, 444.5191455574145607, 17.49949210682409273 ) ) ;
#5270 = CARTESIAN_POINT ( 'NONE',  ( -88.62327657790388002, 305.2368363104835112, -14.09889106177815243 ) ) ;
#5271 = CARTESIAN_POINT ( 'NONE',  ( -85.91496060409230040, 324.5736652630492358, 25.30330085889916347 ) ) ;
#5272 = DIRECTION ( 'NONE',  ( -0.000000000000000000, 0.000000000000000000, 1.000000000000000000 ) ) ;
#5273 = CARTESIAN_POINT ( 'NONE',  ( 77.18027011410828209, 448.3068481270590269, 12.33001738131979508 ) ) ;
#5274 = AXIS2_PLACEMENT_3D ( 'NONE', #7553, #5005, #5677 ) ;
#5275 = ADVANCED_FACE ( 'NONE', ( #7544 ), #6947, .F. ) ;
#5276 = EDGE_CURVE ( 'NONE', #8325, #2837, #5652, .T. ) ;
#5277 = EDGE_LOOP ( 'NONE', ( #5355, #1693, #6050, #2486 ) ) ;
#5278 = DIRECTION ( 'NONE',  ( 0.000000000000000000, 0.000000000000000000, 1.000000000000000000 ) ) ;
#5279 = AXIS2_PLACEMENT_3D ( 'NONE', #2133, #3602, #1626 ) ;
#5280 = VERTEX_POINT ( 'NONE', #8354 ) ;
#5281 = CARTESIAN_POINT ( 'NONE',  ( -79.25705063521169791, 437.5139408382439115, 26.60968957568868376 ) ) ;
#5282 = FACE_OUTER_BOUND ( 'NONE', #2575, .T. ) ;
#5283 = DIRECTION ( 'NONE',  ( -0.000000000000000000, 0.000000000000000000, 1.000000000000000000 ) ) ;
#5284 = FACE_OUTER_BOUND ( 'NONE', #5471, .T. ) ;
#5285 = VECTOR ( 'NONE', #3812, 1000.000000000000000 ) ;
#5286 = CIRCLE ( 'NONE', #1529, 3.000000000000001776 ) ;
#5287 = EDGE_CURVE ( 'NONE', #3756, #6252, #7843, .T. ) ;
#5288 = VERTEX_POINT ( 'NONE', #2652 ) ;
#5289 = CARTESIAN_POINT ( 'NONE',  ( -75.90514592174605468, 434.9699289281774668, 24.03973732423325416 ) ) ;
#5290 = CARTESIAN_POINT ( 'NONE',  ( -75.50943767761975778, 430.1860703700853605, -25.00000000000000000 ) ) ;
#5291 = ORIENTED_EDGE ( 'NONE', *, *, #303, .T. ) ;
#5292 = DIRECTION ( 'NONE',  ( 0.000000000000000000, 0.000000000000000000, 1.000000000000000000 ) ) ;
#5293 = CIRCLE ( 'NONE', #6369, 4.999999999999994671 ) ;
#5294 = CARTESIAN_POINT ( 'NONE',  ( 85.78425280751612547, 314.8198641509202957, -17.23675924968899054 ) ) ;
#5295 = CARTESIAN_POINT ( 'NONE',  ( -84.30459863851059765, 332.6954881177276775, -24.84312549135605508 ) ) ;
#5296 = CARTESIAN_POINT ( 'NONE',  ( -87.84695306319433428, 307.3941158893530314, 13.54650478917390366 ) ) ;
#5297 = CARTESIAN_POINT ( 'NONE',  ( 78.90653067803683030, 439.7211302673636055, 22.82885686267985292 ) ) ;
#5298 = CIRCLE ( 'NONE', #1666, 405.0000000000002274 ) ;
#5299 = ORIENTED_EDGE ( 'NONE', *, *, #680, .T. ) ;
#5300 = CARTESIAN_POINT ( 'NONE',  ( -88.76926981972894737, 304.1980404179250286, 10.85786437626894774 ) ) ;
#5301 = CARTESIAN_POINT ( 'NONE',  ( 76.19132307818755123, 443.8574745705746523, -17.92893218813444633 ) ) ;
#5302 = EDGE_LOOP ( 'NONE', ( #7330, #7408, #7294, #4491 ) ) ;
#5303 = CARTESIAN_POINT ( 'NONE',  ( 104.0000000016221264, 204.1311561622549107, -24.99999999999999289 ) ) ;
#5304 = DIRECTION ( 'NONE',  ( 0.000000000000000000, 1.000000000000000000, 0.000000000000000000 ) ) ;
#5305 = CARTESIAN_POINT ( 'NONE',  ( 60.00000000000000711, 401.7200000000000273, -49.00000000000000000 ) ) ;
#5306 = VECTOR ( 'NONE', #6170, 1000.000000000000000 ) ;
#5307 = EDGE_LOOP ( 'NONE', ( #8027, #703, #3122, #172 ) ) ;
#5308 = CARTESIAN_POINT ( 'NONE',  ( -86.78382365376866403, 318.3252239526686367, 22.57654564262204389 ) ) ;
#5309 = VERTEX_POINT ( 'NONE', #5665 ) ;
#5310 = DIRECTION ( 'NONE',  ( 1.000000000000000000, 0.000000000000000000, 0.000000000000000000 ) ) ;
#5311 = DIRECTION ( 'NONE',  ( 0.000000000000000000, 0.000000000000000000, 1.000000000000000000 ) ) ;
#5312 = CARTESIAN_POINT ( 'NONE',  ( -97.00000000000000000, 538.9999999999998863, 30.00000000000000000 ) ) ;
#5313 = CARTESIAN_POINT ( 'NONE',  ( -78.86848041429502132, 439.4905264837723848, -22.98764549214250863 ) ) ;
#5314 = ORIENTED_EDGE ( 'NONE', *, *, #4549, .T. ) ;
#5315 = CARTESIAN_POINT ( 'NONE',  ( 117.0000000016515855, -13.99999999999977263, 0.000000000000000000 ) ) ;
#5316 = ORIENTED_EDGE ( 'NONE', *, *, #3071, .F. ) ;
#5317 = DIRECTION ( 'NONE',  ( -0.000000000000000000, -1.000000000000000000, -0.000000000000000000 ) ) ;
#5318 = ADVANCED_FACE ( 'NONE', ( #5168 ), #3187, .T. ) ;
#5319 = EDGE_CURVE ( 'NONE', #5859, #4359, #3911, .T. ) ;
#5320 = CARTESIAN_POINT ( 'NONE',  ( -77.11415075250410212, 448.0132331845120461, -13.23388026635130288 ) ) ;
#5321 = PLANE ( 'NONE',  #2940 ) ;
#5322 = CARTESIAN_POINT ( 'NONE',  ( -79.00000000000000000, 402.3799999999999955, 24.99999999999999645 ) ) ;
#5323 = ORIENTED_EDGE ( 'NONE', *, *, #4952, .T. ) ;
#5324 = CARTESIAN_POINT ( 'NONE',  ( -75.93303096303566235, 436.1109319238921671, 23.55033148084223527 ) ) ;
#5325 = DIRECTION ( 'NONE',  ( -0.000000000000000000, 0.000000000000000000, 1.000000000000000000 ) ) ;
#5326 = ORIENTED_EDGE ( 'NONE', *, *, #5110, .T. ) ;
#5327 = CARTESIAN_POINT ( 'NONE',  ( -290.9999999983658086, 204.1311561622549107, 24.99999999999999645 ) ) ;
#5328 = EDGE_CURVE ( 'NONE', #37, #868, #2561, .T. ) ;
#5329 = CARTESIAN_POINT ( 'NONE',  ( -82.54166610011039040, 330.9488396820730713, 23.72165745217736088 ) ) ;
#5330 = ADVANCED_FACE ( 'NONE', ( #1296 ), #7169, .F. ) ;
#5331 = CARTESIAN_POINT ( 'NONE',  ( -76.45325257813595954, 445.0495484951541698, 17.09243601797798107 ) ) ;
#5332 = CARTESIAN_POINT ( 'NONE',  ( -76.65570861288667004, 445.9630004241206507, 16.25497221158801153 ) ) ;
#5333 = DIRECTION ( 'NONE',  ( 0.000000000000000000, 0.000000000000000000, 1.000000000000000000 ) ) ;
#5334 = ORIENTED_EDGE ( 'NONE', *, *, #336, .T. ) ;
#5335 = ORIENTED_EDGE ( 'NONE', *, *, #372, .T. ) ;
#5336 = CARTESIAN_POINT ( 'NONE',  ( 117.0000000016515855, 401.7200000000000273, -37.00000000000000711 ) ) ;
#5337 = FACE_OUTER_BOUND ( 'NONE', #7825, .T. ) ;
#5338 = ORIENTED_EDGE ( 'NONE', *, *, #4474, .F. ) ;
#5339 = CYLINDRICAL_SURFACE ( 'NONE', #4316, 2.999999999999999112 ) ;
#5340 = FACE_OUTER_BOUND ( 'NONE', #5009, .T. ) ;
#5341 = EDGE_CURVE ( 'NONE', #5384, #6265, #6573, .T. ) ;
#5342 = VECTOR ( 'NONE', #1791, 1000.000000000000000 ) ;
#5343 = DIRECTION ( 'NONE',  ( -0.000000000000000000, 0.000000000000000000, 1.000000000000000000 ) ) ;
#5344 = ORIENTED_EDGE ( 'NONE', *, *, #2704, .F. ) ;
#5345 = EDGE_CURVE ( 'NONE', #6313, #1683, #4577, .T. ) ;
#5346 = AXIS2_PLACEMENT_3D ( 'NONE', #6365, #5722, #1772 ) ;
#5347 = CARTESIAN_POINT ( 'NONE',  ( -78.99999999999998579, 452.0177204175398629, 13.44176525575453063 ) ) ;
#5348 = VERTEX_POINT ( 'NONE', #2477 ) ;
#5349 = ADVANCED_FACE ( 'NONE', ( #5208 ), #2009, .F. ) ;
#5350 = DIRECTION ( 'NONE',  ( 1.015794745118904037E-15, -1.000000000000000000, 0.000000000000000000 ) ) ;
#5351 = CARTESIAN_POINT ( 'NONE',  ( 111.9999999999925535, 204.1299999999999670, -30.00000000000000000 ) ) ;
#5352 = DIRECTION ( 'NONE',  ( -0.000000000000000000, -1.000000000000000000, -0.000000000000000000 ) ) ;
#5353 = AXIS2_PLACEMENT_3D ( 'NONE', #8390, #4524, #7160 ) ;
#5354 = CARTESIAN_POINT ( 'NONE',  ( 117.0000000016515713, 1.000000000000225597, 0.000000000000000000 ) ) ;
#5355 = ORIENTED_EDGE ( 'NONE', *, *, #171, .T. ) ;
#5356 = FACE_OUTER_BOUND ( 'NONE', #7506, .T. ) ;
#5357 = CIRCLE ( 'NONE', #2000, 4.999999999999997335 ) ;
#5358 = ORIENTED_EDGE ( 'NONE', *, *, #867, .T. ) ;
#5359 = ORIENTED_EDGE ( 'NONE', *, *, #6976, .F. ) ;
#5360 = CARTESIAN_POINT ( 'NONE',  ( -88.76926981972894737, 304.1980404179250286, 10.85786437626894774 ) ) ;
#5361 = DIRECTION ( 'NONE',  ( 0.000000000000000000, 0.000000000000000000, 1.000000000000000000 ) ) ;
#5362 = DIRECTION ( 'NONE',  ( -1.000000000000000000, -1.023284752087778828E-15, 0.000000000000000000 ) ) ;
#5363 = DIRECTION ( 'NONE',  ( 1.000000000000000000, 0.000000000000000000, 0.000000000000000000 ) ) ;
#5364 = AXIS2_PLACEMENT_3D ( 'NONE', #8152, #2908, #1559 ) ;
#5365 = VERTEX_POINT ( 'NONE', #3781 ) ;
#5366 = EDGE_CURVE ( 'NONE', #450, #6710, #5754, .T. ) ;
#5367 = EDGE_CURVE ( 'NONE', #5418, #6482, #555, .T. ) ;
#5368 = CARTESIAN_POINT ( 'NONE',  ( 82.87932415698158195, 340.8347840911354183, -25.06880883833773765 ) ) ;
#5369 = CARTESIAN_POINT ( 'NONE',  ( 95.86357670959664290, 347.1282789188524021, -24.99999999999999289 ) ) ;
#5370 = AXIS2_PLACEMENT_3D ( 'NONE', #4371, #3840, #7640 ) ;
#5371 = EDGE_LOOP ( 'NONE', ( #1949, #2846, #5492, #4507 ) ) ;
#5372 = DIRECTION ( 'NONE',  ( 0.000000000000000000, 0.000000000000000000, 1.000000000000000000 ) ) ;
#5373 = DIRECTION ( 'NONE',  ( -1.326212766439387325E-12, -0.7814342413035355595, 0.6239876012537172167 ) ) ;
#5374 = CARTESIAN_POINT ( 'NONE',  ( -83.41492601180175370, 327.2580516581435859, -22.53650849866589212 ) ) ;
#5375 = CARTESIAN_POINT ( 'NONE',  ( -75.97794692247690307, 437.2344702218143198, 22.97006236289924530 ) ) ;
#5376 = AXIS2_PLACEMENT_3D ( 'NONE', #5251, #2012, #3403 ) ;
#5377 = CARTESIAN_POINT ( 'NONE',  ( -78.86848041429551870, 439.4905264837752839, 22.98764549214040542 ) ) ;
#5378 = EDGE_LOOP ( 'NONE', ( #3498, #61, #613, #7120 ) ) ;
#5379 = CIRCLE ( 'NONE', #5637, 4.999999999999994671 ) ;
#5381 = ADVANCED_FACE ( 'NONE', ( #5125, #1253 ), #5800, .F. ) ;
#5380 = DIRECTION ( 'NONE',  ( -1.000000000000000000, 0.000000000000000000, 0.000000000000000000 ) ) ;
#5382 = CARTESIAN_POINT ( 'NONE',  ( 84.17419972766283820, 341.7068990327452411, -27.50000000000000355 ) ) ;
#5383 = CARTESIAN_POINT ( 'NONE',  ( -76.32543514049638134, 444.4698572622590405, -17.53148137314285648 ) ) ;
#5384 = VERTEX_POINT ( 'NONE', #3148 ) ;
#5385 = FACE_OUTER_BOUND ( 'NONE', #5118, .T. ) ;
#5386 = CARTESIAN_POINT ( 'NONE',  ( 98.99999999999998579, -59.00000000000001421, -24.99999999999999645 ) ) ;
#5387 = CARTESIAN_POINT ( 'NONE',  ( 83.93619253030969674, 324.8289773764566348, -21.46446609406728712 ) ) ;
#5388 = AXIS2_PLACEMENT_3D ( 'NONE', #7328, #4190, #6770 ) ;
#5390 = ADVANCED_FACE ( 'NONE', ( #7629, #6990 ), #1204, .F. ) ;
#5389 = ORIENTED_EDGE ( 'NONE', *, *, #6412, .F. ) ;
#5391 = CARTESIAN_POINT ( 'NONE',  ( -85.92402627970768947, 324.4430001554675869, 22.81358465600796492 ) ) ;
#5392 = ORIENTED_EDGE ( 'NONE', *, *, #1313, .T. ) ;
#5393 = B_SPLINE_CURVE_WITH_KNOTS ( 'NONE', 3,
 ( #5695, #7652, #4643, #4053, #2757, #843, #2715, #2677, #758, #7269, #5273, #75, #2116, #4601 ),
 .UNSPECIFIED., .F., .F.,
 ( 4, 2, 2, 2, 2, 2, 4 ),
 ( 0.000000000000000000, 0.002206873742550238132, 0.003310310613825296049, 0.004413747485100350497, 0.006620621227650450719, 0.007724058098925501263, 0.008827494970200551808 ),
 .UNSPECIFIED. ) ;
#5394 = CARTESIAN_POINT ( 'NONE',  ( 115.0000000016510029, 204.1311561622549107, -24.99999999999999289 ) ) ;
#5395 = VECTOR ( 'NONE', #5855, 1000.000000000000000 ) ;
#5396 = FACE_OUTER_BOUND ( 'NONE', #4321, .T. ) ;
#5397 = LINE ( 'NONE', #4094, #8207 ) ;
#5398 = ORIENTED_EDGE ( 'NONE', *, *, #4930, .F. ) ;
#5399 = AXIS2_PLACEMENT_3D ( 'NONE', #2783, #8021, #2227 ) ;
#5400 = AXIS2_PLACEMENT_3D ( 'NONE', #5992, #5268, #194 ) ;
#5401 = ORIENTED_EDGE ( 'NONE', *, *, #4386, .F. ) ;
#5402 = DIRECTION ( 'NONE',  ( -0.000000000000000000, -0.000000000000000000, -1.000000000000000000 ) ) ;
#5403 = EDGE_LOOP ( 'NONE', ( #7736, #8099, #1468, #1562, #4630, #4287, #6793, #5514 ) ) ;
#5404 = CARTESIAN_POINT ( 'NONE',  ( -87.14584108898679915, 315.7493360551338810, 21.46446609406724804 ) ) ;
#5405 = CARTESIAN_POINT ( 'NONE',  ( -77.21739130363597781, 448.4714566200638046, -11.55621793141519227 ) ) ;
#5406 = FACE_OUTER_BOUND ( 'NONE', #6156, .T. ) ;
#5407 = CARTESIAN_POINT ( 'NONE',  ( -88.26193106117219145, 305.8241046511459444, -11.44832120548232979 ) ) ;
#5408 = ORIENTED_EDGE ( 'NONE', *, *, #6583, .F. ) ;
#5409 = AXIS2_PLACEMENT_3D ( 'NONE', #578, #6168, #5773 ) ;
#5410 = CARTESIAN_POINT ( 'NONE',  ( 80.29855822263262155, 339.8310344225715767, -24.98647535492904481 ) ) ;
#5411 = CARTESIAN_POINT ( 'NONE',  ( -87.74627584452076690, 311.4770207753264231, -19.34618533523680028 ) ) ;
#5412 = VERTEX_POINT ( 'NONE', #7717 ) ;
#5413 = DIRECTION ( 'NONE',  ( -0.000000000000000000, -1.000000000000000000, 0.000000000000000000 ) ) ;
#5414 = CARTESIAN_POINT ( 'NONE',  ( 91.99999999999945999, -9.345311655093866649E-14, -24.99999999999999289 ) ) ;
#5415 = CARTESIAN_POINT ( 'NONE',  ( -80.69549554761343302, 338.5413306304016032, -24.94517252382786410 ) ) ;
#5416 = CARTESIAN_POINT ( 'NONE',  ( -76.87566460892485054, 446.9499538802219263, 15.12675001119125184 ) ) ;
#5417 = DIRECTION ( 'NONE',  ( -0.000000000000000000, 0.000000000000000000, 1.000000000000000000 ) ) ;
#5418 = VERTEX_POINT ( 'NONE', #1921 ) ;
#5419 = DIRECTION ( 'NONE',  ( -0.000000000000000000, -0.000000000000000000, -1.000000000000000000 ) ) ;
#5420 = CARTESIAN_POINT ( 'NONE',  ( 85.25052658376507964, 331.6429716547947351, -26.81024058031812274 ) ) ;
#5421 = AXIS2_PLACEMENT_3D ( 'NONE', #5627, #6993, #1207 ) ;
#5422 = CARTESIAN_POINT ( 'NONE',  ( -77.21739130434782794, 448.4714566206622521, -11.23162555320038614 ) ) ;
#5423 = ORIENTED_EDGE ( 'NONE', *, *, #5923, .F. ) ;
#5424 = DIRECTION ( 'NONE',  ( -0.000000000000000000, 0.000000000000000000, 1.000000000000000000 ) ) ;
#5425 = CARTESIAN_POINT ( 'NONE',  ( -100.9999999999988063, 2.029533314886842209E-12, 30.00000000000000000 ) ) ;
#5426 = CARTESIAN_POINT ( 'NONE',  ( 85.91496060409230040, 324.5736652630491790, 25.30330085889913150 ) ) ;
#5427 = EDGE_CURVE ( 'NONE', #1009, #2441, #2669, .T. ) ;
#5428 = EDGE_CURVE ( 'NONE', #2541, #1683, #177, .T. ) ;
#5429 = DIRECTION ( 'NONE',  ( 0.000000000000000000, 0.000000000000000000, -1.000000000000000000 ) ) ;
#5430 = ORIENTED_EDGE ( 'NONE', *, *, #3583, .F. ) ;
#5431 = CARTESIAN_POINT ( 'NONE',  ( -85.74153331801582567, 325.9687389750897637, -25.67217467512108087 ) ) ;
#5432 = VERTEX_POINT ( 'NONE', #7331 ) ;
#5433 = CIRCLE ( 'NONE', #1127, 4.999999999999993783 ) ;
#5434 = DIRECTION ( 'NONE',  ( 0.000000000000000000, 0.000000000000000000, 1.000000000000000000 ) ) ;
#5435 = CARTESIAN_POINT ( 'NONE',  ( -103.9999999999988205, 2.089816482655758982E-12, 24.99999999999999645 ) ) ;
#5436 = EDGE_CURVE ( 'NONE', #8044, #908, #2403, .T. ) ;
#5437 = EDGE_CURVE ( 'NONE', #8195, #2079, #7967, .T. ) ;
#5438 = DIRECTION ( 'NONE',  ( 0.000000000000000000, 0.000000000000000000, 1.000000000000000000 ) ) ;
#5439 = AXIS2_PLACEMENT_3D ( 'NONE', #4628, #3024, #3489 ) ;
#5440 = ORIENTED_EDGE ( 'NONE', *, *, #3059, .T. ) ;
#5441 = DIRECTION ( 'NONE',  ( -0.000000000000000000, -0.000000000000000000, -1.000000000000000000 ) ) ;
#5442 = VERTEX_POINT ( 'NONE', #2772 ) ;
#5443 = CARTESIAN_POINT ( 'NONE',  ( -88.50320154993234212, 306.0912145289291288, 15.18498376603573163 ) ) ;
#5444 = CARTESIAN_POINT ( 'NONE',  ( -77.08303657023762412, 447.8748860878168898, -13.56239296357979107 ) ) ;
#5445 = CARTESIAN_POINT ( 'NONE',  ( -489.0000000000001137, 402.3800000000000523, -24.99999999999999289 ) ) ;
#5446 = CARTESIAN_POINT ( 'NONE',  ( -88.02041963340533925, 306.7415107767865834, -12.94265852153850105 ) ) ;
#5447 = ORIENTED_EDGE ( 'NONE', *, *, #124, .F. ) ;
#5448 = EDGE_CURVE ( 'NONE', #209, #2873, #6829, .T. ) ;
#5449 = CARTESIAN_POINT ( 'NONE',  ( 113.0287491559736281, 260.9182132862523531, 24.99999999999999645 ) ) ;
#5450 = CARTESIAN_POINT ( 'NONE',  ( 290.9999999983658086, 204.1311561622549107, 24.99999999999999645 ) ) ;
#5451 = ORIENTED_EDGE ( 'NONE', *, *, #2094, .T. ) ;
#5452 = DIRECTION ( 'NONE',  ( 9.251858538542961967E-16, -1.000000000000000000, 0.000000000000000000 ) ) ;
#5453 = ADVANCED_FACE ( 'NONE', ( #4028 ), #1, .F. ) ;
#5454 = DIRECTION ( 'NONE',  ( -0.03880832485693160722, -0.7685696240440469396, 0.6385880103154079057 ) ) ;
#5455 = CARTESIAN_POINT ( 'NONE',  ( -81.38986878886470322, 335.9813115733669520, -24.71055905130185337 ) ) ;
#5456 = CARTESIAN_POINT ( 'NONE',  ( -77.19084917125138645, 448.3539195834828774, 12.24434850531531893 ) ) ;
#5457 = CARTESIAN_POINT ( 'NONE',  ( 0.000000000000000000, 540.3271830624646554, 17.92893218813437883 ) ) ;
#5458 = ORIENTED_EDGE ( 'NONE', *, *, #470, .F. ) ;
#5459 = CARTESIAN_POINT ( 'NONE',  ( -91.99999999999985789, 402.3799999999999955, 24.99999999999999645 ) ) ;
#5460 = DIRECTION ( 'NONE',  ( -1.000000000000000000, 0.000000000000000000, 0.000000000000000000 ) ) ;
#5461 = CARTESIAN_POINT ( 'NONE',  ( -77.21739130434782794, 448.4714566206622521, -10.85786437626900458 ) ) ;
#5462 = ORIENTED_EDGE ( 'NONE', *, *, #205, .T. ) ;
#5463 = FACE_OUTER_BOUND ( 'NONE', #8221, .T. ) ;
#5464 = FACE_OUTER_BOUND ( 'NONE', #202, .T. ) ;
#5465 = CARTESIAN_POINT ( 'NONE',  ( -133.9253964332668829, 18.82198700251885981, 24.99999999999999645 ) ) ;
#5466 = CARTESIAN_POINT ( 'NONE',  ( -86.07263358525857200, 323.3856042330221499, -24.99999999999999289 ) ) ;
#5467 = EDGE_LOOP ( 'NONE', ( #3355, #541, #1311, #5408, #1920 ) ) ;
#5468 = EDGE_CURVE ( 'NONE', #5512, #6983, #5740, .T. ) ;
#5469 = CARTESIAN_POINT ( 'NONE',  ( -290.9999999983658086, 204.1311561622549107, 27.99999999999999645 ) ) ;
#5470 = EDGE_CURVE ( 'NONE', #491, #6944, #7917, .T. ) ;
#5471 = EDGE_LOOP ( 'NONE', ( #5314, #6924, #4055, #3710, #1062, #339, #4131, #7270 ) ) ;
#5472 = DIRECTION ( 'NONE',  ( 0.1250563527461377444, -0.8898221859245580845, 0.4388364001245507184 ) ) ;
#5473 = CARTESIAN_POINT ( 'NONE',  ( 79.00000000000000000, 452.2987785546927739, 11.90331659183851798 ) ) ;
#5474 = FACE_BOUND ( 'NONE', #3736, .T. ) ;
#5475 = VECTOR ( 'NONE', #2974, 1000.000000000000000 ) ;
#5476 = ORIENTED_EDGE ( 'NONE', *, *, #6491, .F. ) ;
#5477 = VECTOR ( 'NONE', #7670, 1000.000000000000000 ) ;
#5478 = CARTESIAN_POINT ( 'NONE',  ( -83.99999999999994316, 402.3799999999999955, -27.99999999999999645 ) ) ;
#5479 = EDGE_CURVE ( 'NONE', #2849, #5280, #7925, .T. ) ;
#5480 = VERTEX_POINT ( 'NONE', #257 ) ;
#5481 = EDGE_CURVE ( 'NONE', #67, #4207, #7372, .T. ) ;
#5482 = CIRCLE ( 'NONE', #3739, 403.0000000000167688 ) ;
#5483 = CARTESIAN_POINT ( 'NONE',  ( -87.19135969790536933, 315.4254543233808477, 18.92788894558030677 ) ) ;
#5484 = DIRECTION ( 'NONE',  ( 1.000000000000000000, 0.000000000000000000, 0.000000000000000000 ) ) ;
#5485 = CARTESIAN_POINT ( 'NONE',  ( 88.67383794895336280, 304.8770734617943390, -13.51912217308983166 ) ) ;
#5486 = CARTESIAN_POINT ( 'NONE',  ( -82.54167511510344468, 330.9487999535188010, -23.72164590209199986 ) ) ;
#5487 = ORIENTED_EDGE ( 'NONE', *, *, #3863, .F. ) ;
#5488 = AXIS2_PLACEMENT_3D ( 'NONE', #1331, #7114, #4568 ) ;
#5489 = EDGE_CURVE ( 'NONE', #1066, #4301, #4129, .T. ) ;
#5490 = DIRECTION ( 'NONE',  ( -0.000000000000000000, 0.000000000000000000, 1.000000000000000000 ) ) ;
#5491 = CARTESIAN_POINT ( 'NONE',  ( -87.82883210118656336, 310.8896024862513059, -19.00165422884076705 ) ) ;
#5492 = ORIENTED_EDGE ( 'NONE', *, *, #2663, .T. ) ;
#5493 = CARTESIAN_POINT ( 'NONE',  ( 99.00000000162212643, 204.1311561622549107, -24.99999999999999289 ) ) ;
#5494 = DIRECTION ( 'NONE',  ( -2.009438925630560469E-14, -1.000000000000000000, -0.000000000000000000 ) ) ;
#5495 = CARTESIAN_POINT ( 'NONE',  ( 85.96413638398581725, 324.1780883077120166, -25.19870568241122655 ) ) ;
#5496 = CIRCLE ( 'NONE', #1866, 4.999999999999997335 ) ;
#5497 = CARTESIAN_POINT ( 'NONE',  ( -77.21739130434782794, 448.4714566206622521, 10.85786437626888912 ) ) ;
#5498 = DIRECTION ( 'NONE',  ( -1.000000000000000000, -1.023284752087778828E-15, -0.000000000000000000 ) ) ;
#5499 = ORIENTED_EDGE ( 'NONE', *, *, #5341, .F. ) ;
#5500 = DIRECTION ( 'NONE',  ( 0.000000000000000000, 0.000000000000000000, 1.000000000000000000 ) ) ;
#5501 = CIRCLE ( 'NONE', #1739, 2.999999999999998224 ) ;
#5502 = CARTESIAN_POINT ( 'NONE',  ( 86.78382266370699938, 318.3252309973232741, -22.57654868383622571 ) ) ;
#5503 = DIRECTION ( 'NONE',  ( 0.000000000000000000, 0.000000000000000000, -1.000000000000000000 ) ) ;
#5504 = VERTEX_POINT ( 'NONE', #3400 ) ;
#5505 = CARTESIAN_POINT ( 'NONE',  ( 98.83438091582119966, 347.5457982217341169, 24.99999999999999645 ) ) ;
#5506 = CARTESIAN_POINT ( 'NONE',  ( 108.0774164454513482, 260.2222934685145219, 27.99999999999999645 ) ) ;
#5507 = CARTESIAN_POINT ( 'NONE',  ( 114.9999999999999858, 0.000000000000000000, -24.99999999999999289 ) ) ;
#5508 = AXIS2_PLACEMENT_3D ( 'NONE', #4895, #2459, #1738 ) ;
#5509 = ORIENTED_EDGE ( 'NONE', *, *, #6677, .F. ) ;
#5510 = DIRECTION ( 'NONE',  ( -0.000000000000000000, -0.000000000000000000, 1.000000000000000000 ) ) ;
#5511 = AXIS2_PLACEMENT_3D ( 'NONE', #1989, #7064, #4558 ) ;
#5512 = VERTEX_POINT ( 'NONE', #8010 ) ;
#5513 = DIRECTION ( 'NONE',  ( -1.000000000000000000, 0.000000000000000000, 0.000000000000000000 ) ) ;
#5514 = ORIENTED_EDGE ( 'NONE', *, *, #1890, .T. ) ;
#5515 = TOROIDAL_SURFACE ( 'NONE', #1887, 403.0000000000167688, 3.000000000000000000 ) ;
#5516 = LINE ( 'NONE', #4132, #3263 ) ;
#5517 = FACE_BOUND ( 'NONE', #2727, .T. ) ;
#5518 = PRODUCT_DEFINITION_CONTEXT ( 'detailed design', #7318, 'design' ) ;
#5519 = CARTESIAN_POINT ( 'NONE',  ( -84.88930648776538135, 335.7606500800528693, 27.28289410900774925 ) ) ;
#5520 = AXIS2_PLACEMENT_3D ( 'NONE', #6422, #3267, #630 ) ;
#5521 = VERTEX_POINT ( 'NONE', #2215 ) ;
#5522 = VERTEX_POINT ( 'NONE', #3356 ) ;
#5523 = CARTESIAN_POINT ( 'NONE',  ( 85.61955282508995424, 327.2395580590297186, 25.97690069403086710 ) ) ;
#5524 = AXIS2_PLACEMENT_3D ( 'NONE', #5369, #4689, #6007 ) ;
#5525 = ORIENTED_EDGE ( 'NONE', *, *, #2443, .F. ) ;
#5526 = CARTESIAN_POINT ( 'NONE',  ( -87.74642017352944379, 311.4759938210681298, 19.34560630495245803 ) ) ;
#5527 = CARTESIAN_POINT ( 'NONE',  ( 290.9999999983658086, 204.1311561622549107, 30.00000000000000000 ) ) ;
#5528 = CARTESIAN_POINT ( 'NONE',  ( 87.99081760131180374, 309.7370157631912093, -18.27188472689564236 ) ) ;
#5529 = DIRECTION ( 'NONE',  ( 1.000000000000000000, 0.000000000000000000, 0.000000000000000000 ) ) ;
#5530 = ADVANCED_FACE ( 'NONE', ( #4777, #5929 ), #2692, .F. ) ;
#5531 = ADVANCED_FACE ( 'NONE', ( #736 ), #5249, .T. ) ;
#5532 = ORIENTED_EDGE ( 'NONE', *, *, #1788, .T. ) ;
#5533 = CARTESIAN_POINT ( 'NONE',  ( -98.99999999999998579, -59.00000000000001421, 24.99999999999999645 ) ) ;
#5534 = CARTESIAN_POINT ( 'NONE',  ( 83.11586068029410512, 328.4641965924163856, 22.96615789793948181 ) ) ;
#5535 = EDGE_LOOP ( 'NONE', ( #3853, #4541, #2304, #5737 ) ) ;
#5536 = LINE ( 'NONE', #6896, #210 ) ;
#5537 = FACE_OUTER_BOUND ( 'NONE', #4244, .T. ) ;
#5538 = CARTESIAN_POINT ( 'NONE',  ( 86.07263358526056152, 323.3856042330079390, 24.99999999999998579 ) ) ;
#5539 = CARTESIAN_POINT ( 'NONE',  ( -76.13679048190894605, 438.5910271985771942, 22.07106781186364586 ) ) ;
#5540 = CARTESIAN_POINT ( 'NONE',  ( 95.00000000000000000, 538.9999999999998863, -24.99999999999999289 ) ) ;
#5541 = ADVANCED_FACE ( 'NONE', ( #4657 ), #1458, .T. ) ;
#5542 = ORIENTED_EDGE ( 'NONE', *, *, #4761, .T. ) ;
#5543 = LINE ( 'NONE', #1553, #2608 ) ;
#5544 = DIRECTION ( 'NONE',  ( 0.000000000000000000, -0.000000000000000000, -1.000000000000000000 ) ) ;
#5545 = DIRECTION ( 'NONE',  ( -1.000000000000000000, 0.000000000000000000, 0.000000000000000000 ) ) ;
#5546 = EDGE_LOOP ( 'NONE', ( #7559, #1578, #1523, #4923 ) ) ;
#5547 = DIRECTION ( 'NONE',  ( -1.000000000000000000, 0.000000000000000000, 0.000000000000000000 ) ) ;
#5548 = CARTESIAN_POINT ( 'NONE',  ( -113.0287491559736281, 260.9182132862523531, 30.00000000000000000 ) ) ;
#5549 = CIRCLE ( 'NONE', #1651, 5.000000000000000888 ) ;
#5550 = CARTESIAN_POINT ( 'NONE',  ( 84.17419972766280978, 341.7068990327455253, 27.50000000000000000 ) ) ;
#5551 = CARTESIAN_POINT ( 'NONE',  ( -81.12129324155237953, 322.6897387282098748, 25.00000000000000000 ) ) ;
#5552 = CIRCLE ( 'NONE', #5153, 15.00000000000000000 ) ;
#5553 = AXIS2_PLACEMENT_3D ( 'NONE', #4790, #6869, #3656 ) ;
#5554 = ORIENTED_EDGE ( 'NONE', *, *, #7406, .F. ) ;
#5555 = CARTESIAN_POINT ( 'NONE',  ( 79.00301108005449180, 441.6670963265004275, -25.20133728353187408 ) ) ;
#5556 = VERTEX_POINT ( 'NONE', #423 ) ;
#5557 = DIRECTION ( 'NONE',  ( -1.000000000000000000, -1.023284752087778828E-15, -0.000000000000000000 ) ) ;
#5558 = CARTESIAN_POINT ( 'NONE',  ( 77.01469359356482869, 447.5711110417893224, 14.22338554948193767 ) ) ;
#5559 = ADVANCED_FACE ( 'NONE', ( #2897 ), #7533, .F. ) ;
#5560 = VECTOR ( 'NONE', #617, 1000.000000000000000 ) ;
#5561 = DIRECTION ( 'NONE',  ( 2.009438925630560469E-14, -1.000000000000000000, 0.000000000000000000 ) ) ;
#5562 = VERTEX_POINT ( 'NONE', #3520 ) ;
#5563 = DIRECTION ( 'NONE',  ( 2.035408878479453763E-14, -1.000000000000000000, 0.000000000000000000 ) ) ;
#5564 = AXIS2_PLACEMENT_3D ( 'NONE', #4252, #6831, #2272 ) ;
#5565 = ORIENTED_EDGE ( 'NONE', *, *, #221, .F. ) ;
#5566 = CARTESIAN_POINT ( 'NONE',  ( -88.23170108263703071, 305.9394368186128759, 11.76750084654530681 ) ) ;
#5567 = CARTESIAN_POINT ( 'NONE',  ( 87.86474805044557002, 310.6340472283595204, -16.90557802250540931 ) ) ;
#5568 = CARTESIAN_POINT ( 'NONE',  ( -117.0000000016510029, 204.1311561622549107, -24.99999999999999289 ) ) ;
#5569 = CIRCLE ( 'NONE', #2212, 15.00000000000000000 ) ;
#5570 = VERTEX_POINT ( 'NONE', #4817 ) ;
#5572 = ADVANCED_FACE ( 'NONE', ( #4271 ), #4234, .T. ) ;
#5571 = DIRECTION ( 'NONE',  ( 0.000000000000000000, 0.3963652161555147324, -0.9180929230867603819 ) ) ;
#5573 = EDGE_CURVE ( 'NONE', #4357, #1147, #1625, .T. ) ;
#5574 = ORIENTED_EDGE ( 'NONE', *, *, #7565, .T. ) ;
#5575 = DIRECTION ( 'NONE',  ( -1.000000000000000000, -1.023284752087778828E-15, -0.000000000000000000 ) ) ;
#5576 = CARTESIAN_POINT ( 'NONE',  ( 88.22480000744755557, 308.0721444349968579, 17.06218309479854156 ) ) ;
#5577 = CARTESIAN_POINT ( 'NONE',  ( -95.86357670959637289, 347.1282789188539368, -27.99999999999999645 ) ) ;
#5578 = CARTESIAN_POINT ( 'NONE',  ( -78.50456774509687818, 436.4877104413068309, 24.23978309186114899 ) ) ;
#5579 = EDGE_LOOP ( 'NONE', ( #887, #2412, #1086, #3385 ) ) ;
#5580 = CARTESIAN_POINT ( 'NONE',  ( 86.07263358526058994, 323.3856042330077116, -24.99999999999999645 ) ) ;
#5582 = ORIENTED_EDGE ( 'NONE', *, *, #2704, .T. ) ;
#5581 = EDGE_CURVE ( 'NONE', #6182, #984, #4938, .T. ) ;
#5583 = EDGE_CURVE ( 'NONE', #1810, #6468, #1806, .T. ) ;
#5584 = CARTESIAN_POINT ( 'NONE',  ( -489.0000000000001137, 402.3800000000000523, -24.99999999999999289 ) ) ;
#5585 = ORIENTED_EDGE ( 'NONE', *, *, #2855, .F. ) ;
#5586 = CARTESIAN_POINT ( 'NONE',  ( -79.25647586913483167, 437.5208145850049846, -26.60791822233400339 ) ) ;
#5587 = DIRECTION ( 'NONE',  ( 0.000000000000000000, -0.4666656683824160212, -0.8844338041669330686 ) ) ;
#5588 = DIRECTION ( 'NONE',  ( 0.9902665067186269265, 0.1391842148782959643, 0.000000000000000000 ) ) ;
#5589 = DIRECTION ( 'NONE',  ( 0.000000000000000000, -0.3963652161555245024, -0.9180929230867560520 ) ) ;
#5590 = CIRCLE ( 'NONE', #2235, 389.9999999999878924 ) ;
#5591 = EDGE_LOOP ( 'NONE', ( #7653, #4140, #4576, #4107 ) ) ;
#5592 = CARTESIAN_POINT ( 'NONE',  ( -81.00000000000000000, 538.9999999999998863, -24.99999999999999289 ) ) ;
#5593 = ADVANCED_FACE ( 'NONE', ( #4196 ), #8047, .T. ) ;
#5594 = CARTESIAN_POINT ( 'NONE',  ( 290.9999999983658086, 204.1311561622549107, 30.00000000000000000 ) ) ;
#5595 = ORIENTED_EDGE ( 'NONE', *, *, #4864, .F. ) ;
#5596 = CARTESIAN_POINT ( 'NONE',  ( 100.1552779659028829, 259.1088654696292224, -27.99999999999999645 ) ) ;
#5597 = CARTESIAN_POINT ( 'NONE',  ( -87.14584108898682757, 315.7493360551335400, -21.46446609406719119 ) ) ;
#5598 = CARTESIAN_POINT ( 'NONE',  ( -84.30468269503944612, 332.6949714766493003, 24.84305513448885350 ) ) ;
#5599 = EDGE_CURVE ( 'NONE', #1671, #7261, #6022, .T. ) ;
#5600 = ORIENTED_EDGE ( 'NONE', *, *, #278, .T. ) ;
#5601 = ORIENTED_EDGE ( 'NONE', *, *, #1748, .F. ) ;
#5602 = DIRECTION ( 'NONE',  ( 2.009438925630560469E-14, 1.000000000000000000, 0.000000000000000000 ) ) ;
#5603 = ADVANCED_FACE ( 'NONE', ( #3016 ), #985, .F. ) ;
#5604 = EDGE_LOOP ( 'NONE', ( #7250, #5004, #2928, #3612 ) ) ;
#5605 = CYLINDRICAL_SURFACE ( 'NONE', #7650, 3.000000000000002665 ) ;
#5606 = CYLINDRICAL_SURFACE ( 'NONE', #4881, 408.0000000000167688 ) ;
#5607 = CARTESIAN_POINT ( 'NONE',  ( 76.19132307818755123, 443.8574745705746523, -17.92893218813444633 ) ) ;
#5608 = CIRCLE ( 'NONE', #6832, 127.0710678118654755 ) ;
#5609 = CARTESIAN_POINT ( 'NONE',  ( -290.9999999983658086, 204.1311561622549107, 24.99999999999999645 ) ) ;
#5610 = ORIENTED_EDGE ( 'NONE', *, *, #1363, .T. ) ;
#5611 = DIRECTION ( 'NONE',  ( 0.000000000000000000, 0.000000000000000000, 1.000000000000000000 ) ) ;
#5612 = ORIENTED_EDGE ( 'NONE', *, *, #8282, .F. ) ;
#5613 = CARTESIAN_POINT ( 'NONE',  ( 117.0000000016515713, 1.000000000000225597, 0.000000000000000000 ) ) ;
#5614 = CARTESIAN_POINT ( 'NONE',  ( 88.62815925650535576, 305.2020942469854958, 11.98828968925288230 ) ) ;
#5615 = CARTESIAN_POINT ( 'NONE',  ( 79.00000000000000000, 452.2987785557373854, 11.38169376147585510 ) ) ;
#5616 = CARTESIAN_POINT ( 'NONE',  ( -75.63746722085814156, 431.0240928182238918, 24.94585154090723833 ) ) ;
#5617 = AXIS2_PLACEMENT_3D ( 'NONE', #6980, #1193, #1289 ) ;
#5618 = EDGE_CURVE ( 'NONE', #6142, #1443, #7919, .T. ) ;
#5619 = ORIENTED_EDGE ( 'NONE', *, *, #446, .T. ) ;
#5620 = CARTESIAN_POINT ( 'NONE',  ( 79.66987298107780191, 429.3405386945347573, 27.50000000000000000 ) ) ;
#5621 = VERTEX_POINT ( 'NONE', #5493 ) ;
#5622 = CARTESIAN_POINT ( 'NONE',  ( 79.00000000000000000, 450.9546354081284107, -16.34752578513511168 ) ) ;
#5623 = AXIS2_PLACEMENT_3D ( 'NONE', #6551, #715, #4676 ) ;
#5624 = ORIENTED_EDGE ( 'NONE', *, *, #1500, .F. ) ;
#5625 = CARTESIAN_POINT ( 'NONE',  ( 489.0000000000001137, 402.3800000000000523, 30.00000000000000000 ) ) ;
#5626 = CARTESIAN_POINT ( 'NONE',  ( 79.25705063521189686, 437.5139408382418651, -26.60968957568923443 ) ) ;
#5627 = CARTESIAN_POINT ( 'NONE',  ( 8.673617379884035472E-16, 261.0399999999990541, -25.00000000000000000 ) ) ;
#5628 = CARTESIAN_POINT ( 'NONE',  ( 76.12484015957170413, 439.0905185585276627, -21.66423932887439108 ) ) ;
#5629 = EDGE_CURVE ( 'NONE', #1190, #3920, #2380, .T. ) ;
#5630 = EDGE_CURVE ( 'NONE', #3328, #1801, #4901, .T. ) ;
#5631 = VECTOR ( 'NONE', #7219, 1000.000000000000000 ) ;
#5632 = EDGE_LOOP ( 'NONE', ( #6386, #2451 ) ) ;
#5633 = CARTESIAN_POINT ( 'NONE',  ( -98.99999999999998579, -59.00000000000001421, 30.00000000000000000 ) ) ;
#5634 = DIRECTION ( 'NONE',  ( 0.1391839635308285972, 0.9902665419852992867, -1.096934003579906443E-05 ) ) ;
#5635 = ORIENTED_EDGE ( 'NONE', *, *, #7552, .F. ) ;
#5636 = LINE ( 'NONE', #3747, #8119 ) ;
#5637 = AXIS2_PLACEMENT_3D ( 'NONE', #7810, #3957, #739 ) ;
#5638 = CARTESIAN_POINT ( 'NONE',  ( -83.81792947602079380, 303.5021749131269075, 25.00000000000000000 ) ) ;
#5639 = CARTESIAN_POINT ( 'NONE',  ( 489.0000000000001137, 402.3800000000000523, -24.99999999999999289 ) ) ;
#5640 = CIRCLE ( 'NONE', #3091, 4.999999999999994671 ) ;
#5641 = EDGE_CURVE ( 'NONE', #6787, #2242, #4310, .T. ) ;
#5642 = ORIENTED_EDGE ( 'NONE', *, *, #3986, .F. ) ;
#5643 = EDGE_LOOP ( 'NONE', ( #4619, #5966, #3241, #3607, #7397 ) ) ;
#5644 = CARTESIAN_POINT ( 'NONE',  ( 82.26714943951533598, 332.2024027363378309, 24.02090184184245558 ) ) ;
#5645 = ORIENTED_EDGE ( 'NONE', *, *, #1395, .F. ) ;
#5646 = FACE_OUTER_BOUND ( 'NONE', #2109, .T. ) ;
#5647 = CARTESIAN_POINT ( 'NONE',  ( 87.94505051656973649, 310.0626654922818943, -16.60193642210471410 ) ) ;
#5648 = CARTESIAN_POINT ( 'NONE',  ( 75.91887479530629435, 435.7554963922561342, 23.73373090152497866 ) ) ;
#5649 = DIRECTION ( 'NONE',  ( 0.000000000000000000, 0.000000000000000000, -1.000000000000000000 ) ) ;
#5650 = VERTEX_POINT ( 'NONE', #6732 ) ;
#5651 = PRODUCT ( 'rear_wheel_frame_18mm', 'rear_wheel_frame_18mm', '', ( #3294 ) ) ;
#5652 = CIRCLE ( 'NONE', #2030, 394.0000000000002274 ) ;
#5653 = DIRECTION ( 'NONE',  ( -0.000000000000000000, -1.000000000000000000, -0.000000000000000000 ) ) ;
#5654 = ORIENTED_EDGE ( 'NONE', *, *, #3904, .T. ) ;
#5655 = CARTESIAN_POINT ( 'NONE',  ( 75.90669295797434302, 435.0345994971503387, -24.01488461638157190 ) ) ;
#5656 = CARTESIAN_POINT ( 'NONE',  ( 88.27822797813611544, 305.7617627675879248, 11.09111252790485302 ) ) ;
#5657 = CARTESIAN_POINT ( 'NONE',  ( -99.00000000162212643, 204.1311561622549107, 24.99999999999999645 ) ) ;
#5658 = TOROIDAL_SURFACE ( 'NONE', #1365, 394.9999999999878924, 5.000000000000000000 ) ;
#5659 = CARTESIAN_POINT ( 'NONE',  ( 117.0000000000000000, -59.00000000000001421, 30.00000000000000000 ) ) ;
#5660 = ORIENTED_EDGE ( 'NONE', *, *, #8186, .F. ) ;
#5661 = ORIENTED_EDGE ( 'NONE', *, *, #4205, .F. ) ;
#5662 = EDGE_CURVE ( 'NONE', #183, #1398, #5536, .T. ) ;
#5663 = CARTESIAN_POINT ( 'NONE',  ( 79.00000000000000000, 452.2987785543127188, -11.90539470900791663 ) ) ;
#5664 = ORIENTED_EDGE ( 'NONE', *, *, #4089, .T. ) ;
#5665 = CARTESIAN_POINT ( 'NONE',  ( 79.00000000000000000, 524.0000000000001137, 1.836970198721034716E-15 ) ) ;
#5666 = CARTESIAN_POINT ( 'NONE',  ( 97.18447375935815558, 258.6913461667054435, -25.00000000000002132 ) ) ;
#5667 = DIRECTION ( 'NONE',  ( -1.000000000000000000, 0.000000000000000000, 0.000000000000000000 ) ) ;
#5668 = AXIS2_PLACEMENT_3D ( 'NONE', #283, #1220, #1266 ) ;
#5669 = CIRCLE ( 'NONE', #2048, 5.000000000000000888 ) ;
#5670 = CARTESIAN_POINT ( 'NONE',  ( -79.00000000000000000, 446.6320201490468094, 21.46446609406475048 ) ) ;
#5671 = ORIENTED_EDGE ( 'NONE', *, *, #979, .F. ) ;
#5672 = CARTESIAN_POINT ( 'NONE',  ( 111.9999999999999858, -59.00000000000001421, -30.00000000000000000 ) ) ;
#5673 = VECTOR ( 'NONE', #5241, 1000.000000000000000 ) ;
#5674 = DIRECTION ( 'NONE',  ( -1.000000000000000000, -1.023284752087778828E-15, -0.000000000000000000 ) ) ;
#5675 = ORIENTED_EDGE ( 'NONE', *, *, #6986, .F. ) ;
#5676 = ADVANCED_FACE ( 'NONE', ( #2340 ), #8210, .F. ) ;
#5677 = DIRECTION ( 'NONE',  ( -1.000000000000000000, 0.000000000000000000, 0.000000000000000000 ) ) ;
#5678 = ADVANCED_FACE ( 'NONE', ( #2929 ), #462, .T. ) ;
#5679 = DIRECTION ( 'NONE',  ( 0.9902680687415233995, 0.1391731009603991709, 0.000000000000000000 ) ) ;
#5680 = CARTESIAN_POINT ( 'NONE',  ( 94.99999999999997158, 509.0000000000001137, 0.000000000000000000 ) ) ;
#5681 = AXIS2_PLACEMENT_3D ( 'NONE', #4166, #3532, #6106 ) ;
#5682 = VECTOR ( 'NONE', #621, 1000.000000000000000 ) ;
#5683 = ORIENTED_EDGE ( 'NONE', *, *, #3291, .T. ) ;
#5684 = VERTEX_POINT ( 'NONE', #1911 ) ;
#5685 = CARTESIAN_POINT ( 'NONE',  ( -103.9999999999947136, 204.1300253685548398, 30.00000000000000000 ) ) ;
#5686 = ORIENTED_EDGE ( 'NONE', *, *, #3882, .T. ) ;
#5687 = EDGE_CURVE ( 'NONE', #544, #3336, #5025, .T. ) ;
#5688 = AXIS2_PLACEMENT_3D ( 'NONE', #4476, #4519, #8337 ) ;
#5689 = CARTESIAN_POINT ( 'NONE',  ( 91.99999999999985789, 402.3800000000000523, 24.99999999999999645 ) ) ;
#5690 = ADVANCED_FACE ( 'NONE', ( #1287 ), #1329, .F. ) ;
#5691 = LINE ( 'NONE', #7609, #4264 ) ;
#5692 = CARTESIAN_POINT ( 'NONE',  ( 88.29925440415806293, 307.5423738749427685, -16.62670023786503393 ) ) ;
#5693 = CARTESIAN_POINT ( 'NONE',  ( 83.93619253030971095, 324.8289773764566348, -21.46446609406727291 ) ) ;
#5694 = DIRECTION ( 'NONE',  ( -0.000000000000000000, 0.000000000000000000, 1.000000000000000000 ) ) ;
#5695 = CARTESIAN_POINT ( 'NONE',  ( 76.19132307818750860, 443.8574745705745954, 17.92893218813437883 ) ) ;
#5696 = AXIS2_PLACEMENT_3D ( 'NONE', #1053, #4924, #7398 ) ;
#5697 = VERTEX_POINT ( 'NONE', #7704 ) ;
#5698 = CARTESIAN_POINT ( 'NONE',  ( -100.8149170533042565, 347.8241444236542748, 24.99999999999999645 ) ) ;
#5699 = DIRECTION ( 'NONE',  ( 1.000000000000000000, 0.000000000000000000, 0.000000000000000000 ) ) ;
#5700 = VERTEX_POINT ( 'NONE', #676 ) ;
#5701 = LINE ( 'NONE', #1244, #5342 ) ;
#5702 = AXIS2_PLACEMENT_3D ( 'NONE', #5130, #4500, #2521 ) ;
#5703 = CARTESIAN_POINT ( 'NONE',  ( 88.65365335185184392, 305.0206943328694251, 10.85786437626894951 ) ) ;
#5704 = DIRECTION ( 'NONE',  ( 0.000000000000000000, 1.000000000000000000, 0.000000000000000000 ) ) ;
#5705 = AXIS2_PLACEMENT_3D ( 'NONE', #938, #7576, #3600 ) ;
#5706 = CARTESIAN_POINT ( 'NONE',  ( 76.13679048190850551, 438.5910271985748636, -22.07106781186546485 ) ) ;
#5707 = ORIENTED_EDGE ( 'NONE', *, *, #7117, .F. ) ;
#5708 = EDGE_CURVE ( 'NONE', #270, #7529, #5701, .T. ) ;
#5709 = VERTEX_POINT ( 'NONE', #4384 ) ;
#5710 = EDGE_CURVE ( 'NONE', #6219, #1186, #5733, .T. ) ;
#5711 = CARTESIAN_POINT ( 'NONE',  ( 79.00000000000000000, 450.1724379888925682, -17.68601611373465943 ) ) ;
#5712 = VERTEX_POINT ( 'NONE', #41 ) ;
#5713 = CARTESIAN_POINT ( 'NONE',  ( -60.00000000000000711, 0.000000000000000000, -49.00000000000000000 ) ) ;
#5714 = CARTESIAN_POINT ( 'NONE',  ( -35.00000000000000000, 389.7200000000000273, -44.00000000000000000 ) ) ;
#5715 = DIRECTION ( 'NONE',  ( 1.000000000000000000, 1.015794745118904234E-15, 0.000000000000000000 ) ) ;
#5716 = CARTESIAN_POINT ( 'NONE',  ( -75.76147235544132741, 432.1895060953621623, -24.78071186157265871 ) ) ;
#5717 = ORIENTED_EDGE ( 'NONE', *, *, #1983, .T. ) ;
#5718 = DIRECTION ( 'NONE',  ( -0.1279686916634569516, -0.9105445540782403091, 0.3931063838102886177 ) ) ;
#5719 = DIRECTION ( 'NONE',  ( 1.000000000000000000, 0.000000000000000000, 0.000000000000000000 ) ) ;
#5720 = ORIENTED_EDGE ( 'NONE', *, *, #3785, .F. ) ;
#5721 = DIRECTION ( 'NONE',  ( -0.1391731009604045832, 0.9902680687415227334, -0.000000000000000000 ) ) ;
#5722 = DIRECTION ( 'NONE',  ( -0.000000000000000000, 0.000000000000000000, 1.000000000000000000 ) ) ;
#5723 = LINE ( 'NONE', #612, #2406 ) ;
#5724 = VERTEX_POINT ( 'NONE', #1829 ) ;
#5725 = EDGE_CURVE ( 'NONE', #2639, #1398, #3334, .T. ) ;
#5726 = ORIENTED_EDGE ( 'NONE', *, *, #7785, .F. ) ;
#5727 = DIRECTION ( 'NONE',  ( -0.000000000000000000, 0.000000000000000000, 1.000000000000000000 ) ) ;
#5728 = ORIENTED_EDGE ( 'NONE', *, *, #5219, .F. ) ;
#5729 = CARTESIAN_POINT ( 'NONE',  ( -88.50514639820345053, 306.0773762143830936, -13.53827560375896155 ) ) ;
#5730 = DIRECTION ( 'NONE',  ( -1.000000000000000000, 2.009438925630559838E-14, 0.000000000000000000 ) ) ;
#5731 = DIRECTION ( 'NONE',  ( 0.000000000000000000, -0.000000000000000000, 1.000000000000000000 ) ) ;
#5732 = CARTESIAN_POINT ( 'NONE',  ( 98.99999999999998579, -59.00000000000001421, -24.99999999999999289 ) ) ;
#5733 = B_SPLINE_CURVE_WITH_KNOTS ( 'NONE', 3,
 ( #5197, #4348, #4522, #7619 ),
 .UNSPECIFIED., .F., .F.,
 ( 4, 4 ),
 ( 3.469446951953614189E-18, 0.001371055314122820350 ),
 .UNSPECIFIED. ) ;
#5734 = LINE ( 'NONE', #8331, #1198 ) ;
#5735 = CARTESIAN_POINT ( 'NONE',  ( 74.00000000000000000, 452.2987785557373854, 10.85786437626888201 ) ) ;
#5736 = EDGE_CURVE ( 'NONE', #825, #1929, #6423, .T. ) ;
#5737 = ORIENTED_EDGE ( 'NONE', *, *, #1140, .F. ) ;
#5738 = CARTESIAN_POINT ( 'NONE',  ( 75.33974596215561803, 429.3405386945347573, 30.00000000000000355 ) ) ;
#5739 = ADVANCED_FACE ( 'NONE', ( #3094 ), #6054, .F. ) ;
#5740 = CIRCLE ( 'NONE', #8204, 408.0000000000167688 ) ;
#5741 = CARTESIAN_POINT ( 'NONE',  ( -79.00000000000000000, 445.1384320049572807, -22.63657432198594321 ) ) ;
#5742 = CIRCLE ( 'NONE', #2793, 5.000000000000000888 ) ;
#5743 = ORIENTED_EDGE ( 'NONE', *, *, #4474, .T. ) ;
#5744 = CARTESIAN_POINT ( 'NONE',  ( 75.92498972063884821, 435.7846062205182420, -23.70226616274819520 ) ) ;
#5745 = DIRECTION ( 'NONE',  ( 1.000000000000000000, 0.000000000000000000, 0.000000000000000000 ) ) ;
#5746 = CARTESIAN_POINT ( 'NONE',  ( 95.20393762187489983, 258.4129999647861951, 24.99999999999999645 ) ) ;
#5747 = CARTESIAN_POINT ( 'NONE',  ( 112.0000000000329550, 204.1300141686550660, 24.99999999999999645 ) ) ;
#5748 = EDGE_CURVE ( 'NONE', #4488, #5081, #4059, .T. ) ;
#5749 = ORIENTED_EDGE ( 'NONE', *, *, #2956, .F. ) ;
#5750 = CARTESIAN_POINT ( 'NONE',  ( 75.92521445673004621, 435.7935640502068395, 23.69824965447593357 ) ) ;
#5751 = ORIENTED_EDGE ( 'NONE', *, *, #234, .F. ) ;
#5752 = CARTESIAN_POINT ( 'NONE',  ( -79.19638830368552362, 438.2748445341402999, -26.39497786249722111 ) ) ;
#5753 = ORIENTED_EDGE ( 'NONE', *, *, #6975, .T. ) ;
#5754 = LINE ( 'NONE', #4531, #4008 ) ;
#5755 = DIRECTION ( 'NONE',  ( 0.000000000000000000, 0.000000000000000000, -1.000000000000000000 ) ) ;
#5756 = VECTOR ( 'NONE', #2344, 1000.000000000000000 ) ;
#5757 = CARTESIAN_POINT ( 'NONE',  ( -88.07110225853918450, 309.1657607439815365, 17.88243197670302820 ) ) ;
#5758 = CARTESIAN_POINT ( 'NONE',  ( -79.00000000000000000, 442.1664864017459422, 24.99999999999999645 ) ) ;
#5759 = VERTEX_POINT ( 'NONE', #3348 ) ;
#5760 = AXIS2_PLACEMENT_3D ( 'NONE', #681, #5159, #7662 ) ;
#5761 = DIRECTION ( 'NONE',  ( -1.000000000000000000, -0.000000000000000000, -0.000000000000000000 ) ) ;
#5762 = CARTESIAN_POINT ( 'NONE',  ( 100.9999999999999858, -58.99999999999997868, 24.99999999999999645 ) ) ;
#5763 = EDGE_LOOP ( 'NONE', ( #6665, #6618, #5933, #8178, #295, #6537, #7548, #4967, #3406, #5948, #3075, #1375, #4318, #1339 ) ) ;
#5764 = CARTESIAN_POINT ( 'NONE',  ( -83.76585374409977192, 326.0466849473704087, -22.07106781186546485 ) ) ;
#5765 = CARTESIAN_POINT ( 'NONE',  ( 0.000000000000000000, 540.3271830624646554, -25.00000000000000000 ) ) ;
#5766 = DIRECTION ( 'NONE',  ( -2.833731016493590170E-06, 0.9999999999959849895, 0.000000000000000000 ) ) ;
#5767 = AXIS2_PLACEMENT_3D ( 'NONE', #6379, #2634, #1233 ) ;
#5768 = VERTEX_POINT ( 'NONE', #2722 ) ;
#5769 = ORIENTED_EDGE ( 'NONE', *, *, #7434, .F. ) ;
#5770 = CARTESIAN_POINT ( 'NONE',  ( 83.27449352279515438, 338.7831876671484110, 25.20026045445267826 ) ) ;
#5771 = VECTOR ( 'NONE', #5138, 1000.000000000000000 ) ;
#5772 = EDGE_LOOP ( 'NONE', ( #6812, #4546, #6303, #8336 ) ) ;
#5773 = DIRECTION ( 'NONE',  ( 1.000000000000000000, 0.000000000000000000, 0.000000000000000000 ) ) ;
#5774 =( BOUNDED_SURFACE ( )  B_SPLINE_SURFACE ( 3, 2, ( 
 ( #2357, #6185, #4168 ),
 ( #2311, #314, #1716 ),
 ( #2988, #2944, #7387 ),
 ( #3382, #6066, #6748 ) ),
 .UNSPECIFIED., .F., .F., .T. ) 
 B_SPLINE_SURFACE_WITH_KNOTS ( ( 4, 4 ),
 ( 3, 3 ),
 ( 0.001371553582780764800, 0.009854670054013000072 ),
 ( 0.000000000000000000, 1.000000000000000000 ),
 .UNSPECIFIED. ) 
 GEOMETRIC_REPRESENTATION_ITEM ( )  RATIONAL_B_SPLINE_SURFACE ( (
 ( 1.000000000000000000, 0.8991790343835349697, 1.000000000000000000),
 ( 1.000000000000000000, 0.9012686981041596601, 1.000000000000000000),
 ( 1.000000000000000000, 0.9033289978428488132, 1.000000000000000000),
 ( 1.000000000000000000, 0.9053250720433930754, 1.000000000000000000) ) ) 
 REPRESENTATION_ITEM ( '' )  SURFACE ( )  );
#5775 = CARTESIAN_POINT ( 'NONE',  ( 84.00000000000000000, 0.000000000000000000, -24.99999999999999645 ) ) ;
#5776 = CARTESIAN_POINT ( 'NONE',  ( 88.76926981972893316, 304.1980404179250854, 10.85786437626894774 ) ) ;
#5777 = AXIS2_PLACEMENT_3D ( 'NONE', #7375, #4199, #942 ) ;
#5778 = CARTESIAN_POINT ( 'NONE',  ( 83.81555049219088005, 325.6439236863133146, -21.86339958472420264 ) ) ;
#5779 = DIRECTION ( 'NONE',  ( -1.000000000000000000, -1.023284752087778828E-15, 0.000000000000000000 ) ) ;
#5780 = DIRECTION ( 'NONE',  ( 0.000000000000000000, 0.000000000000000000, -1.000000000000000000 ) ) ;
#5781 = VECTOR ( 'NONE', #6310, 1000.000000000000114 ) ;
#5782 = ORIENTED_EDGE ( 'NONE', *, *, #992, .T. ) ;
#5783 = DIRECTION ( 'NONE',  ( 0.000000000000000000, 0.000000000000000000, 1.000000000000000000 ) ) ;
#5784 = DIRECTION ( 'NONE',  ( 1.000000000000000000, 1.756682000989225673E-15, 0.000000000000000000 ) ) ;
#5785 = ORIENTED_EDGE ( 'NONE', *, *, #4051, .F. ) ;
#5786 = CARTESIAN_POINT ( 'NONE',  ( 75.93437305541708326, 436.1535059691915421, -23.52954942936448646 ) ) ;
#5787 = EDGE_CURVE ( 'NONE', #2760, #2660, #6704, .T. ) ;
#5788 = CARTESIAN_POINT ( 'NONE',  ( 76.14880969102189567, 440.8423824452198687, 20.27977733757775880 ) ) ;
#5789 = EDGE_CURVE ( 'NONE', #5759, #1066, #3535, .T. ) ;
#5790 = DIRECTION ( 'NONE',  ( 0.000000000000000000, 0.000000000000000000, 1.000000000000000000 ) ) ;
#5791 = CARTESIAN_POINT ( 'NONE',  ( 117.0000000000000000, 0.000000000000000000, 30.00000000000000000 ) ) ;
#5792 = AXIS2_PLACEMENT_3D ( 'NONE', #3136, #1868, #5699 ) ;
#5793 = VERTEX_POINT ( 'NONE', #4682 ) ;
#5794 = CARTESIAN_POINT ( 'NONE',  ( 80.86908879199380351, 337.9013297766975938, -24.88652126487225402 ) ) ;
#5795 = ORIENTED_EDGE ( 'NONE', *, *, #8296, .T. ) ;
#5796 = B_SPLINE_CURVE_WITH_KNOTS ( 'NONE', 3,
 ( #1166, #1886, #1805, #1081, #3191, #3109, #7632, #3829, #6909, #559, #4327, #8228, #4954, #6950, #4402, #4997, #6229, #4496, #518, #437 ),
 .UNSPECIFIED., .F., .F.,
 ( 4, 2, 2, 2, 2, 2, 2, 2, 2, 4 ),
 ( 0.000000000000000000, 0.004118049480297811434, 0.006177074220446721921, 0.008236098960595633275, 0.01029512370074454550, 0.01132463607081900421, 0.01235414844089346119, 0.01441317318104238902, 0.01544268555111688070, 0.01647219792119137410 ),
 .UNSPECIFIED. ) ;
#5797 = AXIS2_PLACEMENT_3D ( 'NONE', #1391, #5808, #1931 ) ;
#5798 = CARTESIAN_POINT ( 'NONE',  ( -75.97798427507598262, 437.2335859843615822, -22.97027981342434089 ) ) ;
#5799 = VERTEX_POINT ( 'NONE', #2842 ) ;
#5800 = PLANE ( 'NONE',  #1584 ) ;
#5801 = LINE ( 'NONE', #693, #696 ) ;
#5802 = EDGE_CURVE ( 'NONE', #5521, #4787, #805, .T. ) ;
#5803 = CARTESIAN_POINT ( 'NONE',  ( -88.50320155003501554, 306.0912145281986341, 15.18498376686374129 ) ) ;
#5804 = CARTESIAN_POINT ( 'NONE',  ( 146.7988813271502693, 20.63123731514626868, 30.00000000000000000 ) ) ;
#5805 = AXIS2_PLACEMENT_3D ( 'NONE', #5689, #381, #7645 ) ;
#5806 = ORIENTED_EDGE ( 'NONE', *, *, #102, .F. ) ;
#5807 = DIRECTION ( 'NONE',  ( 1.000000000000000000, 1.062681988306194566E-14, 0.000000000000000000 ) ) ;
#5808 = DIRECTION ( 'NONE',  ( -1.000000000000000000, -1.023284752087778828E-15, -0.000000000000000000 ) ) ;
#5809 = VERTEX_POINT ( 'NONE', #5240 ) ;
#5810 = CARTESIAN_POINT ( 'NONE',  ( 489.0000000000001137, 402.3800000000000523, 24.99999999999999645 ) ) ;
#5811 = AXIS2_PLACEMENT_3D ( 'NONE', #6635, #6193, #7393 ) ;
#5812 = CARTESIAN_POINT ( 'NONE',  ( 0.000000000000000000, 401.7200000000000273, -49.00000000000000000 ) ) ;
#5813 = AXIS2_PLACEMENT_3D ( 'NONE', #8267, #4398, #2434 ) ;
#5814 = CARTESIAN_POINT ( 'NONE',  ( -77.20974303121450077, 448.4375644618053798, 11.60212510878982073 ) ) ;
#5815 = DIRECTION ( 'NONE',  ( 1.000000000000000000, 0.000000000000000000, 0.000000000000000000 ) ) ;
#5816 = EDGE_LOOP ( 'NONE', ( #7644, #745, #5316, #2530 ) ) ;
#5817 = CIRCLE ( 'NONE', #6898, 5.000000000000000888 ) ;
#5818 = TOROIDAL_SURFACE ( 'NONE', #965, 113.1021356237323516, 10.00000000000000000 ) ;
#5819 = EDGE_LOOP ( 'NONE', ( #3801, #7317, #2560, #1835 ) ) ;
#5820 = DIRECTION ( 'NONE',  ( 1.000000000000000000, 0.000000000000000000, 0.000000000000000000 ) ) ;
#5821 = ORIENTED_EDGE ( 'NONE', *, *, #378, .T. ) ;
#5822 = EDGE_CURVE ( 'NONE', #2259, #6165, #1039, .T. ) ;
#5823 = CARTESIAN_POINT ( 'NONE',  ( -84.00000000000000000, 538.9999999999998863, -27.99999999999999645 ) ) ;
#5824 = FACE_BOUND ( 'NONE', #5880, .T. ) ;
#5825 = CARTESIAN_POINT ( 'NONE',  ( -87.32225600790144426, 314.4940786825078476, -20.92253798709644030 ) ) ;
#5826 = VECTOR ( 'NONE', #6949, 1000.000000000000000 ) ;
#5827 = CARTESIAN_POINT ( 'NONE',  ( -85.96377873789074897, 324.1809652637651880, -25.19946638343670031 ) ) ;
#5828 = DIRECTION ( 'NONE',  ( 9.251858538542961967E-16, -1.000000000000000000, 0.000000000000000000 ) ) ;
#5829 = CARTESIAN_POINT ( 'NONE',  ( 117.0000000016515713, 1.000000000000225597, 0.000000000000000000 ) ) ;
#5830 = ORIENTED_EDGE ( 'NONE', *, *, #64, .T. ) ;
#5831 = FACE_OUTER_BOUND ( 'NONE', #6504, .T. ) ;
#5832 = CIRCLE ( 'NONE', #4747, 7.999999999999847233 ) ;
#5833 = LINE ( 'NONE', #7156, #941 ) ;
#5834 = ORIENTED_EDGE ( 'NONE', *, *, #7835, .T. ) ;
#5835 = CARTESIAN_POINT ( 'NONE',  ( 75.76896032032851735, 432.2698527958684167, -24.76749787286659554 ) ) ;
#5836 = DIRECTION ( 'NONE',  ( 1.000000000000000000, -0.000000000000000000, 0.000000000000000000 ) ) ;
#5837 = CYLINDRICAL_SURFACE ( 'NONE', #7808, 15.00000000000000000 ) ;
#5838 = FACE_OUTER_BOUND ( 'NONE', #7096, .T. ) ;
#5839 = ORIENTED_EDGE ( 'NONE', *, *, #8205, .T. ) ;
#5840 = ADVANCED_FACE ( 'NONE', ( #2122 ), #2117, .F. ) ;
#5841 = EDGE_CURVE ( 'NONE', #2489, #2830, #5742, .T. ) ;
#5842 = CARTESIAN_POINT ( 'NONE',  ( -76.02731267004978122, 437.9185223865537182, 22.54389586144205637 ) ) ;
#5843 = ORIENTED_EDGE ( 'NONE', *, *, #1428, .T. ) ;
#5844 = VECTOR ( 'NONE', #478, 1000.000000000000000 ) ;
#5845 = CARTESIAN_POINT ( 'NONE',  ( -78.50512575686353500, 436.4975161233033418, -24.23656723204715036 ) ) ;
#5846 = ORIENTED_EDGE ( 'NONE', *, *, #5428, .F. ) ;
#5847 = CARTESIAN_POINT ( 'NONE',  ( 0.000000000000000000, 540.3271830624646554, -10.85786437626900458 ) ) ;
#5848 = CARTESIAN_POINT ( 'NONE',  ( -80.30500928161166030, 339.8406755749455215, 25.00000000000000355 ) ) ;
#5849 = CARTESIAN_POINT ( 'NONE',  ( -88.01774359643344781, 306.7516147017246340, 12.95319662101909763 ) ) ;
#5850 = CARTESIAN_POINT ( 'NONE',  ( 77.18715767390246185, 448.3375778321793064, -12.32973089295930080 ) ) ;
#5851 = TOROIDAL_SURFACE ( 'NONE', #3691, 394.9999999999878924, 3.000000000000000000 ) ;
#5853 = EDGE_CURVE ( 'NONE', #6223, #6092, #6445, .T. ) ;
#5852 = VERTEX_POINT ( 'NONE', #6682 ) ;
#5854 = DIRECTION ( 'NONE',  ( 0.000000000000000000, 0.000000000000000000, -1.000000000000000000 ) ) ;
#5855 = DIRECTION ( 'NONE',  ( -1.000000000000000000, -1.023284752087778828E-15, -0.000000000000000000 ) ) ;
#5856 = ORIENTED_EDGE ( 'NONE', *, *, #665, .T. ) ;
#5857 = LINE ( 'NONE', #783, #413 ) ;
#5858 = CARTESIAN_POINT ( 'NONE',  ( -76.12829888279345880, 439.3433066579996762, -21.46446609407790262 ) ) ;
#5860 = EDGE_CURVE ( 'NONE', #1645, #5178, #6000, .T. ) ;
#5859 = VERTEX_POINT ( 'NONE', #3311 ) ;
#5861 = DIRECTION ( 'NONE',  ( -0.000000000000000000, 0.000000000000000000, 1.000000000000000000 ) ) ;
#5862 = ORIENTED_EDGE ( 'NONE', *, *, #8285, .F. ) ;
#5863 = DIRECTION ( 'NONE',  ( 1.000000000000000000, 0.000000000000000000, 0.000000000000000000 ) ) ;
#5864 = CARTESIAN_POINT ( 'NONE',  ( 35.00000000000000000, 401.7200000000000273, -49.00000000000000000 ) ) ;
#5865 = CARTESIAN_POINT ( 'NONE',  ( 111.9999999999999858, -59.00000000000001421, 27.99999999999999645 ) ) ;
#5866 = CARTESIAN_POINT ( 'NONE',  ( -99.00000000162212643, 204.1311561622549107, -24.99999999999999289 ) ) ;
#5867 = ADVANCED_FACE ( 'NONE', ( #6558 ), #2016, .F. ) ;
#5868 = CARTESIAN_POINT ( 'NONE',  ( 85.96413638398576040, 324.1780883077124145, 25.19870568241123721 ) ) ;
#5869 = DIRECTION ( 'NONE',  ( -0.000000000000000000, -1.000000000000000000, -0.000000000000000000 ) ) ;
#5870 = TOROIDAL_SURFACE ( 'NONE', #3712, 413.6602540378445383, 5.000000000000000000 ) ;
#5871 = EDGE_CURVE ( 'NONE', #6, #6221, #453, .T. ) ;
#5872 = ORIENTED_EDGE ( 'NONE', *, *, #3166, .T. ) ;
#5873 = DIRECTION ( 'NONE',  ( 0.000000000000000000, 1.000000000000000000, 0.000000000000000000 ) ) ;
#5874 = CARTESIAN_POINT ( 'NONE',  ( 79.00920761912590251, 441.4216607543465329, 25.30330085889912439 ) ) ;
#5875 = ORIENTED_EDGE ( 'NONE', *, *, #3089, .F. ) ;
#5876 = CARTESIAN_POINT ( 'NONE',  ( -60.00000000000000711, 377.7200000000000273, -49.00000000000000000 ) ) ;
#5877 = DIRECTION ( 'NONE',  ( 1.000000000000000000, -0.000000000000000000, 0.000000000000000000 ) ) ;
#5878 = CARTESIAN_POINT ( 'NONE',  ( 117.0000000016515855, 389.7200000000000273, -37.00000000000000711 ) ) ;
#5879 = CARTESIAN_POINT ( 'NONE',  ( -87.14584108898679915, 315.7493360551338810, 21.46446609406725159 ) ) ;
#5880 = EDGE_LOOP ( 'NONE', ( #7193, #6640 ) ) ;
#5881 = CARTESIAN_POINT ( 'NONE',  ( -75.79626488020194586, 432.5986864730014076, 24.70793526009711272 ) ) ;
#5882 = ORIENTED_EDGE ( 'NONE', *, *, #6004, .T. ) ;
#5883 = CARTESIAN_POINT ( 'NONE',  ( -78.28251124516630455, 430.2603661574401599, -25.09701898413066701 ) ) ;
#5884 = ORIENTED_EDGE ( 'NONE', *, *, #2303, .F. ) ;
#5885 = CARTESIAN_POINT ( 'NONE',  ( -111.9999999999999858, 0.000000000000000000, 27.99999999999999645 ) ) ;
#5886 = CARTESIAN_POINT ( 'NONE',  ( 88.27822797942752686, 305.7617627650387817, -10.85786437626901701 ) ) ;
#5887 = CARTESIAN_POINT ( 'NONE',  ( -78.99999999999639044, 447.3963168074510008, 16.88946269897162722 ) ) ;
#5888 = CARTESIAN_POINT ( 'NONE',  ( -76.02719030239393305, 437.9177707014773091, -22.54442435994825544 ) ) ;
#5889 = AXIS2_PLACEMENT_3D ( 'NONE', #6329, #8245, #2581 ) ;
#5890 = VECTOR ( 'NONE', #6487, 1000.000000000000000 ) ;
#5891 = VERTEX_POINT ( 'NONE', #2373 ) ;
#5892 = DIRECTION ( 'NONE',  ( 0.000000000000000000, 0.000000000000000000, 1.000000000000000000 ) ) ;
#5893 = LINE ( 'NONE', #6540, #2845 ) ;
#5894 = AXIS2_PLACEMENT_3D ( 'NONE', #195, #3258, #5950 ) ;
#5895 = VERTEX_POINT ( 'NONE', #4769 ) ;
#5896 = DIRECTION ( 'NONE',  ( -1.000000000000000000, 0.000000000000000000, 0.000000000000000000 ) ) ;
#5897 = CARTESIAN_POINT ( 'NONE',  ( -290.9999999983658086, 204.1311561622549107, 30.00000000000000000 ) ) ;
#5898 = EDGE_CURVE ( 'NONE', #4644, #2639, #6570, .T. ) ;
#5899 = ADVANCED_FACE ( 'NONE', ( #4142 ), #6720, .F. ) ;
#5900 = CARTESIAN_POINT ( 'NONE',  ( -84.00000000000000000, 538.9999999999998863, 30.00000000000000000 ) ) ;
#5901 = AXIS2_PLACEMENT_3D ( 'NONE', #2508, #5704, #2043 ) ;
#5902 = ORIENTED_EDGE ( 'NONE', *, *, #2490, .T. ) ;
#5903 = DIRECTION ( 'NONE',  ( 0.1391731009596216817, -0.9902680687416326455, 0.000000000000000000 ) ) ;
#5904 = VERTEX_POINT ( 'NONE', #8040 ) ;
#5905 = CARTESIAN_POINT ( 'NONE',  ( 84.00000000000000000, 538.9999999999998863, 30.00000000000000000 ) ) ;
#5906 = AXIS2_PLACEMENT_3D ( 'NONE', #4929, #1696, #333 ) ;
#5907 = FACE_BOUND ( 'NONE', #5403, .T. ) ;
#5908 = EDGE_CURVE ( 'NONE', #288, #4948, #2244, .T. ) ;
#5909 = CARTESIAN_POINT ( 'NONE',  ( -82.54535672524467316, 330.9541383690004182, 23.70738208546633885 ) ) ;
#5910 = CARTESIAN_POINT ( 'NONE',  ( 117.0000000016515855, 401.7200000000000273, -37.00000000000000711 ) ) ;
#5911 = CARTESIAN_POINT ( 'NONE',  ( -78.90653067804011300, 439.7211302673567275, -22.82885686268422987 ) ) ;
#5912 = ORIENTED_EDGE ( 'NONE', *, *, #4118, .F. ) ;
#5913 = CIRCLE ( 'NONE', #5370, 5.000000000000000888 ) ;
#5914 = FACE_OUTER_BOUND ( 'NONE', #3474, .T. ) ;
#5915 = ORIENTED_EDGE ( 'NONE', *, *, #7253, .T. ) ;
#5916 = DIRECTION ( 'NONE',  ( 0.000000000000000000, 1.000000000000000000, -0.000000000000000000 ) ) ;
#5917 = VECTOR ( 'NONE', #3677, 1000.000000000000000 ) ;
#5918 = CARTESIAN_POINT ( 'NONE',  ( 79.00000000000000000, 442.1664864017591867, 25.00000000000000711 ) ) ;
#5919 = CARTESIAN_POINT ( 'NONE',  ( -86.07263358526056152, 323.3856042330079958, 24.99999999999999645 ) ) ;
#5920 = AXIS2_PLACEMENT_3D ( 'NONE', #4517, #7788, #540 ) ;
#5921 = FACE_OUTER_BOUND ( 'NONE', #3865, .T. ) ;
#5922 = ORIENTED_EDGE ( 'NONE', *, *, #66, .T. ) ;
#5923 = EDGE_CURVE ( 'NONE', #4431, #8286, #5608, .T. ) ;
#5924 = AXIS2_PLACEMENT_3D ( 'NONE', #6363, #5896, #7135 ) ;
#5925 = AXIS2_PLACEMENT_3D ( 'NONE', #7916, #7115, #2044 ) ;
#5926 = CARTESIAN_POINT ( 'NONE',  ( 85.02368811129007042, 334.3021075923311400, -27.14826102969152899 ) ) ;
#5927 = CARTESIAN_POINT ( 'NONE',  ( -78.37424823897841009, 432.5817632847994219, -25.04336335769940902 ) ) ;
#5928 = VERTEX_POINT ( 'NONE', #3848 ) ;
#5929 = FACE_OUTER_BOUND ( 'NONE', #4667, .T. ) ;
#5930 = CARTESIAN_POINT ( 'NONE',  ( -84.37644260263269302, 340.2678662036121295, 27.49999999999999645 ) ) ;
#5931 = FACE_OUTER_BOUND ( 'NONE', #4174, .T. ) ;
#5932 = LINE ( 'NONE', #1425, #4299 ) ;
#5933 = ORIENTED_EDGE ( 'NONE', *, *, #6199, .T. ) ;
#5934 = CIRCLE ( 'NONE', #8112, 408.0000000000167688 ) ;
#5935 = LINE ( 'NONE', #98, #725 ) ;
#5936 = CIRCLE ( 'NONE', #3510, 7.999999999999847233 ) ;
#5937 = DIRECTION ( 'NONE',  ( 0.000000000000000000, 0.000000000000000000, -1.000000000000000000 ) ) ;
#5938 = ORIENTED_EDGE ( 'NONE', *, *, #4004, .F. ) ;
#5939 = CARTESIAN_POINT ( 'NONE',  ( 85.78414335687151038, 314.8202463681377594, 17.23689914234479303 ) ) ;
#5940 = LINE ( 'NONE', #6626, #3538 ) ;
#5941 = FACE_OUTER_BOUND ( 'NONE', #6518, .T. ) ;
#5942 = CIRCLE ( 'NONE', #6629, 4.999999999999999112 ) ;
#5943 = ORIENTED_EDGE ( 'NONE', *, *, #5871, .F. ) ;
#5944 = ADVANCED_FACE ( 'NONE', ( #8288 ), #6966, .F. ) ;
#5945 = CARTESIAN_POINT ( 'NONE',  ( -86.42633046052911538, 320.8689201958119952, -23.75883903480496073 ) ) ;
#5946 = EDGE_CURVE ( 'NONE', #4178, #3557, #2666, .T. ) ;
#5947 = AXIS2_PLACEMENT_3D ( 'NONE', #6275, #5721, #1850 ) ;
#5948 = ORIENTED_EDGE ( 'NONE', *, *, #479, .T. ) ;
#5949 = CARTESIAN_POINT ( 'NONE',  ( 59.00000000000019185, 389.7200000000000273, -37.00000000000000711 ) ) ;
#5950 = DIRECTION ( 'NONE',  ( 1.000000000000000000, 0.000000000000000000, 0.000000000000000000 ) ) ;
#5951 = CARTESIAN_POINT ( 'NONE',  ( -85.26475118264693265, 331.4365211399689883, 26.76559250152244829 ) ) ;
#5952 = CARTESIAN_POINT ( 'NONE',  ( -290.9999999983658086, 204.1311561622549107, -27.99999999999999289 ) ) ;
#5953 = AXIS2_PLACEMENT_3D ( 'NONE', #4408, #7682, #4458 ) ;
#5954 = ORIENTED_EDGE ( 'NONE', *, *, #4799, .F. ) ;
#5956 = ADVANCED_FACE ( 'NONE', ( #3888 ), #8327, .F. ) ;
#5955 = DIRECTION ( 'NONE',  ( 1.000000000000000000, 0.000000000000000000, 0.000000000000000000 ) ) ;
#5957 = ADVANCED_FACE ( 'NONE', ( #2536 ), #7386, .T. ) ;
#5958 = VECTOR ( 'NONE', #6437, 1000.000000000000000 ) ;
#5959 = EDGE_LOOP ( 'NONE', ( #2957, #4702, #788, #4714, #6860, #3289 ) ) ;
#5960 = CARTESIAN_POINT ( 'NONE',  ( -79.34529416734255847, 436.5089142986435036, 26.83566951986045623 ) ) ;
#5961 = FACE_OUTER_BOUND ( 'NONE', #7900, .T. ) ;
#5962 = DIRECTION ( 'NONE',  ( 0.000000000000000000, 0.000000000000000000, 1.000000000000000000 ) ) ;
#5963 = CARTESIAN_POINT ( 'NONE',  ( -489.0000000000001137, 402.3800000000000523, -24.99999999999999289 ) ) ;
#5964 = AXIS2_PLACEMENT_3D ( 'NONE', #5738, #8384, #1950 ) ;
#5965 = VECTOR ( 'NONE', #4011, 1000.000000000000000 ) ;
#5966 = ORIENTED_EDGE ( 'NONE', *, *, #6976, .T. ) ;
#5967 = CARTESIAN_POINT ( 'NONE',  ( -75.33974596215561803, 429.3405386945347573, 25.00000000000000000 ) ) ;
#5968 = CARTESIAN_POINT ( 'NONE',  ( 75.84929256821378374, 433.4015764872694376, -24.53027162508129422 ) ) ;
#5969 = ORIENTED_EDGE ( 'NONE', *, *, #4653, .T. ) ;
#5970 = CARTESIAN_POINT ( 'NONE',  ( 133.9253964332667692, 18.82198700251878876, -24.99999999999999645 ) ) ;
#5971 = AXIS2_PLACEMENT_3D ( 'NONE', #7738, #6962, #1857 ) ;
#5972 = CARTESIAN_POINT ( 'NONE',  ( -100.9999999999984652, 16.00000000000000355, 1.836970198721029983E-15 ) ) ;
#5973 = CARTESIAN_POINT ( 'NONE',  ( -85.02364186279679359, 334.3026236724871296, -27.14831419223699172 ) ) ;
#5974 = CARTESIAN_POINT ( 'NONE',  ( -100.9999999999999858, -58.99999999999997868, -24.99999999999999289 ) ) ;
#5975 = CARTESIAN_POINT ( 'NONE',  ( 79.00000000000001421, 441.9154090435965259, 25.10024462079193697 ) ) ;
#5976 = EDGE_CURVE ( 'NONE', #7763, #2426, #5691, .T. ) ;
#5977 = VERTEX_POINT ( 'NONE', #5051 ) ;
#5978 = EDGE_CURVE ( 'NONE', #8304, #1542, #7248, .T. ) ;
#5979 = CIRCLE ( 'NONE', #7887, 15.00000000000000000 ) ;
#5980 = ORIENTED_EDGE ( 'NONE', *, *, #6712, .T. ) ;
#5981 = DIRECTION ( 'NONE',  ( 0.000000000000000000, 0.000000000000000000, 1.000000000000000000 ) ) ;
#5982 = CARTESIAN_POINT ( 'NONE',  ( 76.16981787326287190, 442.3474182790547502, -19.10063503846555832 ) ) ;
#5983 = ORIENTED_EDGE ( 'NONE', *, *, #2500, .T. ) ;
#5984 = DIRECTION ( 'NONE',  ( 0.000000000000000000, 0.000000000000000000, -1.000000000000000000 ) ) ;
#5985 = LINE ( 'NONE', #7136, #6642 ) ;
#5986 =( BOUNDED_SURFACE ( )  B_SPLINE_SURFACE ( 3, 2, ( 
 ( #6802, #4300, #6882 ),
 ( #489, #3671, #3083 ),
 ( #3588, #2959, #5523 ),
 ( #8037, #1691, #4259 ),
 ( #6841, #3165, #7690 ),
 ( #5644, #3884, #5049 ),
 ( #5184, #3843, #27 ),
 ( #8323, #574, #8374 ),
 ( #3802, #2452, #4464 ),
 ( #6326, #5770, #1899 ),
 ( #7780, #7643, #1227 ),
 ( #5142, #3204, #2532 ) ),
 .UNSPECIFIED., .F., .F., .F. ) 
 B_SPLINE_SURFACE_WITH_KNOTS ( ( 4, 2, 2, 2, 2, 4 ),
 ( 3, 3 ),
 ( 0.09570273107290043491, 0.1001563030786891961, 0.1023830890815835837, 0.1046098750844779712, 0.1090634470902667325, 0.1135170190960554937 ),
 ( 0.000000000000000000, 1.000000000000000000 ),
 .UNSPECIFIED. ) 
 GEOMETRIC_REPRESENTATION_ITEM ( )  RATIONAL_B_SPLINE_SURFACE ( (
 ( 1.000000000000000000, 0.9097484390951028344, 1.000000000000000000),
 ( 1.000000000000000000, 0.9112206368542710155, 1.000000000000000000),
 ( 1.000000000000000000, 0.9121934402792230001, 1.000000000000000000),
 ( 1.000000000000000000, 0.9121055000458807571, 1.000000000000000000),
 ( 1.000000000000000000, 0.9118132409293332463, 1.000000000000000000),
 ( 1.000000000000000000, 0.9105499683187131543, 1.000000000000000000),
 ( 1.000000000000000000, 0.9095788170563736674, 1.000000000000000000),
 ( 1.000000000000000000, 0.9054029724380320276, 1.000000000000000000),
 ( 1.000000000000000000, 0.9009394771113654610, 1.000000000000000000),
 ( 1.000000000000000000, 0.8872762142546650743, 1.000000000000000000),
 ( 1.000000000000000000, 0.8780123879493129113, 1.000000000000000000),
 ( 1.000000000000000000, 0.8660254037844379305, 1.000000000000000000) ) ) 
 REPRESENTATION_ITEM ( '' )  SURFACE ( )  );
#5987 = COLOUR_RGB ( '',0.7921568627450980005, 0.8196078431372548767, 0.9333333333333333481 ) ;
#5988 = LINE ( 'NONE', #5305, #7951 ) ;
#5989 = ORIENTED_EDGE ( 'NONE', *, *, #3955, .F. ) ;
#5990 = CARTESIAN_POINT ( 'NONE',  ( -79.00000000000000000, 449.5555461027499291, 18.54935824835231983 ) ) ;
#5991 = EDGE_LOOP ( 'NONE', ( #1690, #2239, #2265, #3822, #7107 ) ) ;
#5992 = CARTESIAN_POINT ( 'NONE',  ( 8.673617379884035472E-16, 261.0399999999990541, 25.00000000000000000 ) ) ;
#5993 = DIRECTION ( 'NONE',  ( -1.000000000000000000, 0.000000000000000000, 0.000000000000000000 ) ) ;
#5994 = CARTESIAN_POINT ( 'NONE',  ( 104.0000000000000000, -59.00000000000001421, 24.99999999999999645 ) ) ;
#5995 = FACE_OUTER_BOUND ( 'NONE', #6623, .T. ) ;
#5996 = EDGE_CURVE ( 'NONE', #4795, #2441, #7647, .T. ) ;
#5997 = ORIENTED_EDGE ( 'NONE', *, *, #4851, .T. ) ;
#5998 = LINE ( 'NONE', #2795, #3820 ) ;
#5999 = ORIENTED_EDGE ( 'NONE', *, *, #1616, .T. ) ;
#6000 = LINE ( 'NONE', #5876, #8059 ) ;
#6001 = CARTESIAN_POINT ( 'NONE',  ( -79.00000000001081446, 448.2312411955209654, -15.89873564057586997 ) ) ;
#6002 = DIRECTION ( 'NONE',  ( 1.000000000000000000, 9.731584536837789755E-15, 0.000000000000000000 ) ) ;
#6003 = CARTESIAN_POINT ( 'NONE',  ( -81.38145975777302965, 336.0141935857437829, -24.71446832654527981 ) ) ;
#6004 = EDGE_CURVE ( 'NONE', #908, #1858, #1819, .T. ) ;
#6005 = ORIENTED_EDGE ( 'NONE', *, *, #7659, .F. ) ;
#6006 = CARTESIAN_POINT ( 'NONE',  ( 84.27837967555886678, 340.9656201862027274, -27.50000000009617551 ) ) ;
#6007 = DIRECTION ( 'NONE',  ( -0.9902680687415233995, -0.1391731009603990321, -3.469446951953611033E-15 ) ) ;
#6008 = ORIENTED_EDGE ( 'NONE', *, *, #907, .F. ) ;
#6009 = CARTESIAN_POINT ( 'NONE',  ( 290.9999999983658086, 204.1311561622549107, -24.99999999999999289 ) ) ;
#6010 = CYLINDRICAL_SURFACE ( 'NONE', #3001, 389.9999999999878924 ) ;
#6011 = CARTESIAN_POINT ( 'NONE',  ( -76.79857163362376582, 446.6047564644543968, 15.55974222985347488 ) ) ;
#6012 = CARTESIAN_POINT ( 'NONE',  ( -79.00000000000001421, 448.9339512271401986, 14.86277955691325836 ) ) ;
#6013 = DIRECTION ( 'NONE',  ( 1.000000000000000000, -0.000000000000000000, 0.000000000000000000 ) ) ;
#6014 = EDGE_CURVE ( 'NONE', #6142, #5207, #2250, .T. ) ;
#6015 = ORIENTED_EDGE ( 'NONE', *, *, #2920, .F. ) ;
#6016 = CARTESIAN_POINT ( 'NONE',  ( -85.14916676944930884, 316.9951061200580398, -17.92893218813447476 ) ) ;
#6017 = CARTESIAN_POINT ( 'NONE',  ( 95.20393762187489983, 258.4129999647861951, -24.99999999999999289 ) ) ;
#6018 = LINE ( 'NONE', #3448, #2165 ) ;
#6019 = ORIENTED_EDGE ( 'NONE', *, *, #4043, .T. ) ;
#6020 = CARTESIAN_POINT ( 'NONE',  ( 87.84732890736691502, 307.3927075318580933, 13.54534551908624351 ) ) ;
#6021 = CARTESIAN_POINT ( 'NONE',  ( -74.00000000000000000, 452.2987785557373854, 25.00000000000000000 ) ) ;
#6022 = CIRCLE ( 'NONE', #6155, 406.0000000000167688 ) ;
#6023 = LINE ( 'NONE', #1644, #1476 ) ;
#6024 = ORIENTED_EDGE ( 'NONE', *, *, #7883, .F. ) ;
#6025 = VECTOR ( 'NONE', #2382, 1000.000000000000000 ) ;
#6026 = CARTESIAN_POINT ( 'NONE',  ( -86.07263358526057573, 323.3856042330079958, 25.00000000000000355 ) ) ;
#6027 = ORIENTED_EDGE ( 'NONE', *, *, #7855, .T. ) ;
#6028 = DIRECTION ( 'NONE',  ( 1.000000000000000000, 0.000000000000000000, 0.000000000000000000 ) ) ;
#6029 = DIRECTION ( 'NONE',  ( -2.833731016822802230E-06, 0.9999999999959849895, -0.000000000000000000 ) ) ;
#6030 = LINE ( 'NONE', #241, #5092 ) ;
#6031 = CIRCLE ( 'NONE', #5901, 5.000000000000000888 ) ;
#6032 = CARTESIAN_POINT ( 'NONE',  ( -114.9999999999999858, -59.00000000000001421, 30.00000000000000000 ) ) ;
#6033 = ORIENTED_EDGE ( 'NONE', *, *, #7953, .T. ) ;
#6034 = LINE ( 'NONE', #5315, #3288 ) ;
#6035 = AXIS2_PLACEMENT_3D ( 'NONE', #1309, #1895, #7050 ) ;
#6036 = VERTEX_POINT ( 'NONE', #3758 ) ;
#6037 = B_SPLINE_CURVE_WITH_KNOTS ( 'NONE', 3,
 ( #3363, #700, #7933, #2142 ),
 .UNSPECIFIED., .F., .F.,
 ( 4, 4 ),
 ( 6.369057972232326596E-17, 0.0009664171647642259312 ),
 .UNSPECIFIED. ) ;
#6038 = CARTESIAN_POINT ( 'NONE',  ( -88.27822797812926581, 305.7617627676014536, 11.09111252790452795 ) ) ;
#6039 = CARTESIAN_POINT ( 'NONE',  ( 8.673617379884035472E-16, 261.0399999999990541, -10.85786437626901701 ) ) ;
#6040 = CARTESIAN_POINT ( 'NONE',  ( 0.000000000000000000, -59.00000000000001421, 30.00000000000000000 ) ) ;
#6041 = CARTESIAN_POINT ( 'NONE',  ( -85.14916676944930884, 316.9951061200580398, -17.92893218813447476 ) ) ;
#6042 = CIRCLE ( 'NONE', #2411, 2.999999999999993783 ) ;
#6043 = B_SPLINE_CURVE_WITH_KNOTS ( 'NONE', 3,
 ( #2693, #773, #7891, #4533, #3401, #5250, #7170, #2010, #5930, #11 ),
 .UNSPECIFIED., .F., .F.,
 ( 4, 2, 2, 2, 4 ),
 ( 0.000000000000000000, 0.004357254520452023133, 0.008714509040904046266, 0.01307176356135606940, 0.01742901808180809253 ),
 .UNSPECIFIED. ) ;
#6044 = ORIENTED_EDGE ( 'NONE', *, *, #8335, .F. ) ;
#6046 = ADVANCED_FACE ( 'NONE', ( #5646 ), #5605, .F. ) ;
#6045 = CARTESIAN_POINT ( 'NONE',  ( 83.01225519756566484, 340.1528904813428653, -25.11917103763748926 ) ) ;
#6047 = EDGE_CURVE ( 'NONE', #1286, #6818, #3192, .T. ) ;
#6048 = CARTESIAN_POINT ( 'NONE',  ( 489.0000000000001137, 402.3800000000000523, -24.99999999999999289 ) ) ;
#6049 = AXIS2_PLACEMENT_3D ( 'NONE', #5735, #5780, #7018 ) ;
#6050 = ORIENTED_EDGE ( 'NONE', *, *, #4600, .F. ) ;
#6051 = DIRECTION ( 'NONE',  ( 0.000000000000000000, 0.000000000000000000, 1.000000000000000000 ) ) ;
#6052 = CARTESIAN_POINT ( 'NONE',  ( 111.9999999999925535, 204.1299999999999670, -24.99999999999999645 ) ) ;
#6053 = DIRECTION ( 'NONE',  ( 0.9902665420448772959, 0.1391839635391988184, 0.000000000000000000 ) ) ;
#6054 =( BOUNDED_SURFACE ( )  B_SPLINE_SURFACE ( 3, 2, ( 
 ( #632, #6936, #1150 ),
 ( #1191, #7026, #6387 ),
 ( #3724, #590, #3221 ),
 ( #5786, #6294, #3769 ),
 ( #5744, #501, #2506 ),
 ( #5655, #545, #8388 ),
 ( #2643, #6472, #2594 ),
 ( #3179, #5157, #8299 ),
 ( #3271, #8341, #1954 ),
 ( #8255, #7112, #6342 ),
 ( #5835, #5112, #2465 ),
 ( #3138, #5063, #2041 ),
 ( #6519, #724, #203 ),
 ( #7196, #3389, #2763 ) ),
 .UNSPECIFIED., .F., .F., .F. ) 
 B_SPLINE_SURFACE_WITH_KNOTS ( ( 4, 2, 2, 2, 2, 2, 4 ),
 ( 3, 3 ),
 ( 0.06724575154714285130, 0.07053301078271409508, 0.07217664040049971697, 0.07382027001828533885, 0.07546389963607096074, 0.07710752925385658263, 0.08039478848942784028 ),
 ( 0.000000000000000000, 1.000000000000000000 ),
 .UNSPECIFIED. ) 
 GEOMETRIC_REPRESENTATION_ITEM ( )  RATIONAL_B_SPLINE_SURFACE ( (
 ( 1.000000000000000000, 0.8560923022222626244, 1.000000000000000000),
 ( 1.000000000000000000, 0.8620527721667043952, 1.000000000000000000),
 ( 1.000000000000000000, 0.8681401806664623688, 1.000000000000000000),
 ( 1.000000000000000000, 0.8756838900835601791, 1.000000000000000000),
 ( 1.000000000000000000, 0.8779456934901614940, 1.000000000000000000),
 ( 1.000000000000000000, 0.8816645172145811671, 1.000000000000000000),
 ( 1.000000000000000000, 0.8831212480629065942, 1.000000000000000000),
 ( 1.000000000000000000, 0.8850237896937366289, 1.000000000000000000),
 ( 1.000000000000000000, 0.8854698456911566096, 1.000000000000000000),
 ( 1.000000000000000000, 0.8851580748937039056, 1.000000000000000000),
 ( 1.000000000000000000, 0.8843934641236184113, 1.000000000000000000),
 ( 1.000000000000000000, 0.8800606794224451468, 1.000000000000000000),
 ( 1.000000000000000000, 0.8745064990621383982, 1.000000000000000000),
 ( 1.000000000000000000, 0.8660254037844389297, 1.000000000000000000) ) ) 
 REPRESENTATION_ITEM ( '' )  SURFACE ( )  );
#6055 = CARTESIAN_POINT ( 'NONE',  ( -84.17419972766280978, 341.7068990327454117, 27.50000000000000000 ) ) ;
#6056 = AXIS2_PLACEMENT_3D ( 'NONE', #1373, #3314, #1999 ) ;
#6057 = ORIENTED_EDGE ( 'NONE', *, *, #7457, .F. ) ;
#6058 = CARTESIAN_POINT ( 'NONE',  ( 91.99999999999945999, -9.345311655093865387E-14, 24.99999999999999645 ) ) ;
#6059 = DIRECTION ( 'NONE',  ( -0.000000000000000000, 1.000000000000000000, -0.000000000000000000 ) ) ;
#6060 = EDGE_CURVE ( 'NONE', #791, #2323, #5070, .T. ) ;
#6061 = EDGE_CURVE ( 'NONE', #8286, #2909, #4141, .T. ) ;
#6062 = DIRECTION ( 'NONE',  ( -0.1391731009596220703, -0.9902680687416326455, 0.000000000000000000 ) ) ;
#6063 = ORIENTED_EDGE ( 'NONE', *, *, #3008, .F. ) ;
#6064 = CARTESIAN_POINT ( 'NONE',  ( 87.26270488972956230, 309.5572610373766906, 14.97660569821531240 ) ) ;
#6065 = CARTESIAN_POINT ( 'NONE',  ( -75.33974596215561803, 402.3799999999999955, 25.00000000000000000 ) ) ;
#6066 = CARTESIAN_POINT ( 'NONE',  ( 87.01750970147824660, 316.6624613242466353, -19.30763609674508174 ) ) ;
#6067 = DIRECTION ( 'NONE',  ( 0.000000000000000000, 0.4423086824042800624, -0.8968628822009470092 ) ) ;
#6068 = AXIS2_PLACEMENT_3D ( 'NONE', #6892, #1107, #6253 ) ;
#6069 = CIRCLE ( 'NONE', #4182, 12.00000000000001066 ) ;
#6070 = ORIENTED_EDGE ( 'NONE', *, *, #4257, .F. ) ;
#6071 = FACE_OUTER_BOUND ( 'NONE', #3147, .T. ) ;
#6072 = EDGE_LOOP ( 'NONE', ( #3419, #8113, #1733, #5440 ) ) ;
#6073 = LINE ( 'NONE', #1687, #141 ) ;
#6074 = CARTESIAN_POINT ( 'NONE',  ( 76.65570861289265281, 445.9630004241255961, 16.25497221158786587 ) ) ;
#6075 = CARTESIAN_POINT ( 'NONE',  ( 98.99999999999877787, 1.000000000000207168, 0.000000000000000000 ) ) ;
#6076 = ADVANCED_FACE ( 'NONE', ( #6926 ), #7566, .T. ) ;
#6077 = VECTOR ( 'NONE', #5259, 1000.000000000000000 ) ;
#6078 = ORIENTED_EDGE ( 'NONE', *, *, #2490, .F. ) ;
#6079 = DIRECTION ( 'NONE',  ( 0.000000000000000000, 0.000000000000000000, 1.000000000000000000 ) ) ;
#6080 = EDGE_CURVE ( 'NONE', #908, #8044, #6430, .T. ) ;
#6081 = ORIENTED_EDGE ( 'NONE', *, *, #7110, .F. ) ;
#6082 = CARTESIAN_POINT ( 'NONE',  ( -86.95898451784995586, 310.6611109014485805, 15.54090944346241088 ) ) ;
#6083 = CARTESIAN_POINT ( 'NONE',  ( -79.00000000000001421, 449.9699847857181680, -10.85786437626900458 ) ) ;
#6084 = VECTOR ( 'NONE', #8107, 1000.000000000000000 ) ;
#6085 = CARTESIAN_POINT ( 'NONE',  ( -81.00000000000000000, 0.000000000000000000, -24.99999999999999289 ) ) ;
#6086 = PLANE ( 'NONE',  #4433 ) ;
#6087 = VERTEX_POINT ( 'NONE', #493 ) ;
#6088 = AXIS2_PLACEMENT_3D ( 'NONE', #2701, #3247, #747 ) ;
#6089 = AXIS2_PLACEMENT_3D ( 'NONE', #342, #6657, #1667 ) ;
#6090 = DIRECTION ( 'NONE',  ( -1.224646799147353207E-16, -1.000000000000000000, -0.000000000000000000 ) ) ;
#6091 = CARTESIAN_POINT ( 'NONE',  ( 75.62932578816058538, 430.9681722214477873, -24.94999795907004625 ) ) ;
#6092 = VERTEX_POINT ( 'NONE', #7267 ) ;
#6093 = DIRECTION ( 'NONE',  ( -0.1391731009604046665, -0.9902680687415226224, -0.000000000000000000 ) ) ;
#6094 = DIRECTION ( 'NONE',  ( 0.000000000000000000, -1.000000000000000000, 0.000000000000000000 ) ) ;
#6095 = CARTESIAN_POINT ( 'NONE',  ( -85.43827459357994769, 329.3210922136582894, -26.40030775923880668 ) ) ;
#6096 = CARTESIAN_POINT ( 'NONE',  ( -79.00000000000000000, 452.1560148091077735, 12.93759056966858800 ) ) ;
#6097 = AXIS2_PLACEMENT_3D ( 'NONE', #82, #3222, #2595 ) ;
#6098 = CARTESIAN_POINT ( 'NONE',  ( 79.00000000000000000, 509.0000000000001137, 0.000000000000000000 ) ) ;
#6099 = EDGE_CURVE ( 'NONE', #80, #5793, #2321, .T. ) ;
#6100 = EDGE_CURVE ( 'NONE', #5226, #4152, #7930, .T. ) ;
#6101 = VERTEX_POINT ( 'NONE', #1984 ) ;
#6102 = FACE_OUTER_BOUND ( 'NONE', #5143, .T. ) ;
#6103 = CARTESIAN_POINT ( 'NONE',  ( 133.9253964332667692, 18.82198700251878876, -24.99999999999999645 ) ) ;
#6104 = FACE_OUTER_BOUND ( 'NONE', #6881, .T. ) ;
#6105 = ORIENTED_EDGE ( 'NONE', *, *, #8085, .F. ) ;
#6106 = DIRECTION ( 'NONE',  ( -1.000000000000000000, 0.000000000000000000, 0.000000000000000000 ) ) ;
#6107 = DIRECTION ( 'NONE',  ( -1.000000000000000000, 2.009438925630560469E-14, 0.000000000000000000 ) ) ;
#6108 = CARTESIAN_POINT ( 'NONE',  ( 100.1552701554799825, 259.1089210391792790, 24.99999999999999645 ) ) ;
#6109 = DIRECTION ( 'NONE',  ( -1.000000000000000000, -1.015794745118904234E-15, 0.000000000000000000 ) ) ;
#6110 = EDGE_CURVE ( 'NONE', #6606, #1434, #793, .T. ) ;
#6111 = EDGE_CURVE ( 'NONE', #2259, #5768, #155, .T. ) ;
#6112 = ORIENTED_EDGE ( 'NONE', *, *, #6529, .F. ) ;
#6113 = DIRECTION ( 'NONE',  ( -0.9902680687416326455, 0.1391731009596217650, 0.000000000000000000 ) ) ;
#6114 = EDGE_LOOP ( 'NONE', ( #2438, #5595, #2339, #2997 ) ) ;
#6115 = AXIS2_PLACEMENT_3D ( 'NONE', #5083, #1168, #522 ) ;
#6116 = DIRECTION ( 'NONE',  ( -1.000000000000000000, 0.000000000000000000, 0.000000000000000000 ) ) ;
#6117 = CARTESIAN_POINT ( 'NONE',  ( 76.87566460892212206, 446.9499538802198799, 15.12675001119086282 ) ) ;
#6118 = DIRECTION ( 'NONE',  ( 0.1391731009520260909, -0.9902680686819458344, -1.096934003687872142E-05 ) ) ;
#6119 = EDGE_CURVE ( 'NONE', #7030, #1968, #7311, .T. ) ;
#6120 = AXIS2_PLACEMENT_3D ( 'NONE', #6863, #5544, #2224 ) ;
#6121 = EDGE_LOOP ( 'NONE', ( #1634, #3519, #763, #2615 ) ) ;
#6122 = CARTESIAN_POINT ( 'NONE',  ( -86.07263358526056152, 323.3856042330079958, 24.99999999999999645 ) ) ;
#6123 = EDGE_LOOP ( 'NONE', ( #6527, #5728, #5642, #3547 ) ) ;
#6124 = CARTESIAN_POINT ( 'NONE',  ( -87.25343273099549890, 309.5913489088643473, 14.99407685541928359 ) ) ;
#6125 = CARTESIAN_POINT ( 'NONE',  ( -79.00000000000000000, 452.2987785543127188, -11.90539470900792018 ) ) ;
#6126 = CARTESIAN_POINT ( 'NONE',  ( 88.74821243421305894, 304.3478715012578846, -12.22967161603307495 ) ) ;
#6127 = B_SPLINE_CURVE_WITH_KNOTS ( 'NONE', 3,
 ( #6974, #5741, #8339, #5109 ),
 .UNSPECIFIED., .F., .F.,
 ( 4, 4 ),
 ( 3.469446951953614189E-18, 0.005695697988435655806 ),
 .UNSPECIFIED. ) ;
#6128 = DIRECTION ( 'NONE',  ( -1.000000000000000000, 0.000000000000000000, 0.000000000000000000 ) ) ;
#6129 = EDGE_LOOP ( 'NONE', ( #6719, #6336, #3070, #952, #6078, #3985, #4749 ) ) ;
#6130 = DIRECTION ( 'NONE',  ( 0.000000000000000000, 1.000000000000000000, -0.000000000000000000 ) ) ;
#6131 = CARTESIAN_POINT ( 'NONE',  ( -87.01750970147828923, 316.6624613242465784, -19.30763609674504977 ) ) ;
#6132 = EDGE_LOOP ( 'NONE', ( #820, #8275, #2428, #3457 ) ) ;
#6133 = DIRECTION ( 'NONE',  ( -1.000000000000000000, -1.023284752087778828E-15, -0.000000000000000000 ) ) ;
#6134 = DIRECTION ( 'NONE',  ( 0.000000000000000000, 0.000000000000000000, -1.000000000000000000 ) ) ;
#6135 = CARTESIAN_POINT ( 'NONE',  ( 79.00000000000000000, 452.2987785557373854, 10.85786437626888201 ) ) ;
#6136 = CARTESIAN_POINT ( 'NONE',  ( -79.00000000000001421, 448.2246046529608634, 15.90773244588632096 ) ) ;
#6137 = PLANE ( 'NONE',  #5105 ) ;
#6138 = ORIENTED_EDGE ( 'NONE', *, *, #1567, .F. ) ;
#6139 = LINE ( 'NONE', #347, #4079 ) ;
#6140 = CARTESIAN_POINT ( 'NONE',  ( -59.00000000000019185, 389.7200000000000273, -30.00000000000001776 ) ) ;
#6141 = CARTESIAN_POINT ( 'NONE',  ( -77.06790985147861761, 447.8076620146511573, -13.72269101866239360 ) ) ;
#6142 = VERTEX_POINT ( 'NONE', #4675 ) ;
#6143 = CARTESIAN_POINT ( 'NONE',  ( 84.74143566488284307, 319.6370472065247554, -19.03908348334590173 ) ) ;
#6144 = DIRECTION ( 'NONE',  ( -0.000000000000000000, 0.000000000000000000, 1.000000000000000000 ) ) ;
#6145 = CARTESIAN_POINT ( 'NONE',  ( 87.14584108898682757, 315.7493360551335968, -21.46446609406720896 ) ) ;
#6146 = DIRECTION ( 'NONE',  ( 0.000000000000000000, -1.000000000000000000, 0.000000000000000000 ) ) ;
#6147 = ORIENTED_EDGE ( 'NONE', *, *, #6119, .T. ) ;
#6148 = DIRECTION ( 'NONE',  ( -0.000000000000000000, 0.000000000000000000, 1.000000000000000000 ) ) ;
#6149 = ORIENTED_EDGE ( 'NONE', *, *, #3228, .F. ) ;
#6150 = EDGE_CURVE ( 'NONE', #1161, #2160, #3973, .T. ) ;
#6151 = FACE_OUTER_BOUND ( 'NONE', #1977, .T. ) ;
#6152 = EDGE_CURVE ( 'NONE', #51, #5712, #6637, .T. ) ;
#6153 = CARTESIAN_POINT ( 'NONE',  ( 79.00000000000000000, 451.6028372409505778, 14.95428931315927201 ) ) ;
#6154 = DIRECTION ( 'NONE',  ( -1.000000000000000000, -2.009438925630560469E-14, 0.000000000000000000 ) ) ;
#6155 = AXIS2_PLACEMENT_3D ( 'NONE', #3683, #4862, #384 ) ;
#6156 = EDGE_LOOP ( 'NONE', ( #7320, #1942, #2625, #6327 ) ) ;
#6157 = FACE_OUTER_BOUND ( 'NONE', #7008, .T. ) ;
#6158 = ORIENTED_EDGE ( 'NONE', *, *, #2454, .T. ) ;
#6159 = EDGE_CURVE ( 'NONE', #3723, #8281, #1510, .T. ) ;
#6160 = VECTOR ( 'NONE', #6693, 1000.000000000000000 ) ;
#6161 = CARTESIAN_POINT ( 'NONE',  ( -88.00637861848919385, 306.7952910186866120, 13.01963344005784151 ) ) ;
#6162 = LINE ( 'NONE', #454, #3410 ) ;
#6163 = DIRECTION ( 'NONE',  ( -1.000000000000000000, -1.023284752087778828E-15, -0.000000000000000000 ) ) ;
#6164 = FACE_OUTER_BOUND ( 'NONE', #7642, .T. ) ;
#6165 = VERTEX_POINT ( 'NONE', #7868 ) ;
#6166 = AXIS2_PLACEMENT_3D ( 'NONE', #634, #7796, #5790 ) ;
#6167 = DIRECTION ( 'NONE',  ( 0.000000000000000000, 0.000000000000000000, -1.000000000000000000 ) ) ;
#6168 = DIRECTION ( 'NONE',  ( -0.000000000000000000, 0.000000000000000000, 1.000000000000000000 ) ) ;
#6169 = ORIENTED_EDGE ( 'NONE', *, *, #935, .T. ) ;
#6170 = DIRECTION ( 'NONE',  ( 1.000000000000000000, 0.000000000000000000, 0.000000000000000000 ) ) ;
#6171 = DIRECTION ( 'NONE',  ( 0.000000000000000000, 0.6173572752431917277, -0.7866829060709923382 ) ) ;
#6172 = CARTESIAN_POINT ( 'NONE',  ( -85.14916676944922358, 316.9951061200583240, 17.92893218813446055 ) ) ;
#6173 = AXIS2_PLACEMENT_3D ( 'NONE', #6075, #6154, #365 ) ;
#6174 = CARTESIAN_POINT ( 'NONE',  ( 91.99999999999985789, 402.3800000000000523, -27.99999999999999645 ) ) ;
#6175 = DIRECTION ( 'NONE',  ( 1.000000000000000000, 0.000000000000000000, 0.000000000000000000 ) ) ;
#6176 = ORIENTED_EDGE ( 'NONE', *, *, #665, .F. ) ;
#6177 = ADVANCED_FACE ( 'NONE', ( #5824, #2029 ), #2112, .T. ) ;
#6178 = CARTESIAN_POINT ( 'NONE',  ( 84.00000000000000000, 402.3800000000000523, -24.99999999999999645 ) ) ;
#6179 = CIRCLE ( 'NONE', #4955, 15.00000000000000000 ) ;
#6180 = DIRECTION ( 'NONE',  ( -1.000000000000000000, 2.009438925630560469E-14, 0.000000000000000000 ) ) ;
#6181 = FACE_OUTER_BOUND ( 'NONE', #6952, .T. ) ;
#6182 = VERTEX_POINT ( 'NONE', #5351 ) ;
#6183 = DIRECTION ( 'NONE',  ( 1.000000000000000000, 0.000000000000000000, 0.000000000000000000 ) ) ;
#6184 = LINE ( 'NONE', #5386, #8126 ) ;
#6185 = CARTESIAN_POINT ( 'NONE',  ( 85.92402627970768947, 324.4430001554673026, -22.81358465600799690 ) ) ;
#6186 = CARTESIAN_POINT ( 'NONE',  ( 87.94143215966421678, 346.0148941111713157, 24.99999999999999645 ) ) ;
#6187 = VECTOR ( 'NONE', #3213, 1000.000000000000000 ) ;
#6188 = ORIENTED_EDGE ( 'NONE', *, *, #1577, .F. ) ;
#6189 = CARTESIAN_POINT ( 'NONE',  ( -85.60672488810993741, 327.3752990857108216, -26.00839793716997406 ) ) ;
#6190 = CIRCLE ( 'NONE', #3915, 394.9999999999879492 ) ;
#6191 = ORIENTED_EDGE ( 'NONE', *, *, #6826, .T. ) ;
#6192 = AXIS2_PLACEMENT_3D ( 'NONE', #4570, #7236, #6522 ) ;
#6193 = DIRECTION ( 'NONE',  ( 0.000000000000000000, -1.000000000000000000, -0.000000000000000000 ) ) ;
#6194 = CARTESIAN_POINT ( 'NONE',  ( 79.00000000001429612, 448.9339512271684498, 14.86277955692131236 ) ) ;
#6195 = DIRECTION ( 'NONE',  ( -0.9999999999957964736, 2.899471024386814395E-06, 0.000000000000000000 ) ) ;
#6196 = ADVANCED_FACE ( 'NONE', ( #3928 ), #839, .F. ) ;
#6197 = ADVANCED_FACE ( 'NONE', ( #2671 ), #4093, .F. ) ;
#6198 = ORIENTED_EDGE ( 'NONE', *, *, #46, .F. ) ;
#6199 = EDGE_CURVE ( 'NONE', #8303, #1959, #2120, .T. ) ;
#6200 = DIRECTION ( 'NONE',  ( -1.000000000000000000, 2.009438925630560153E-14, 0.000000000000000000 ) ) ;
#6201 = B_SPLINE_CURVE_WITH_KNOTS ( 'NONE', 3,
 ( #6357, #5628, #8184, #7721 ),
 .UNSPECIFIED., .F., .F.,
 ( 4, 4 ),
 ( 0.000000000000000000, 0.0009664171647527484586 ),
 .UNSPECIFIED. ) ;
#6202 = VECTOR ( 'NONE', #512, 1000.000000000000000 ) ;
#6203 = ORIENTED_EDGE ( 'NONE', *, *, #5287, .T. ) ;
#6204 = CARTESIAN_POINT ( 'NONE',  ( -88.43780743056463223, 306.5565178659015828, 15.68862281798995006 ) ) ;
#6205 = CARTESIAN_POINT ( 'NONE',  ( 88.00651101485813399, 306.7947688227539516, -13.01854883253932016 ) ) ;
#6206 = CARTESIAN_POINT ( 'NONE',  ( 88.29925440402132608, 307.5423738759159278, -16.62670023672336939 ) ) ;
#6207 = CARTESIAN_POINT ( 'NONE',  ( 78.99999999999998579, 451.1814702561879926, -15.88205858907636170 ) ) ;
#6208 = CIRCLE ( 'NONE', #7706, 5.000000000000001776 ) ;
#6209 = ADVANCED_FACE ( 'NONE', ( #31 ), #4010, .T. ) ;
#6210 = EDGE_CURVE ( 'NONE', #7309, #7538, #3339, .T. ) ;
#6211 = ORIENTED_EDGE ( 'NONE', *, *, #1777, .T. ) ;
#6212 = CARTESIAN_POINT ( 'NONE',  ( -79.00000000000000000, 0.000000000000000000, -24.99999999999999289 ) ) ;
#6213 = EDGE_LOOP ( 'NONE', ( #2984, #5458, #3144, #2883 ) ) ;
#6214 = DIRECTION ( 'NONE',  ( 1.000000000000000000, 1.015794745118902656E-15, 0.000000000000000000 ) ) ;
#6215 = CARTESIAN_POINT ( 'NONE',  ( 87.99128673925609689, 309.7336776732666408, 18.26969085687294481 ) ) ;
#6216 = CARTESIAN_POINT ( 'NONE',  ( 290.9999999983658086, 204.1311561622549107, 30.00000000000000000 ) ) ;
#6217 = CARTESIAN_POINT ( 'NONE',  ( -79.64550060477574789, 431.5270820950775601, 27.45938865586406408 ) ) ;
#6218 = ADVANCED_FACE ( 'NONE', ( #71 ), #4057, .F. ) ;
#6219 = VERTEX_POINT ( 'NONE', #1688 ) ;
#6220 = CARTESIAN_POINT ( 'NONE',  ( 85.74153377186823377, 325.9687353242370023, -25.67217370979284752 ) ) ;
#6221 = VERTEX_POINT ( 'NONE', #3504 ) ;
#6222 = CARTESIAN_POINT ( 'NONE',  ( 77.08303657023759570, 447.8748860878168898, -13.56239296357956903 ) ) ;
#6223 = VERTEX_POINT ( 'NONE', #364 ) ;
#6224 = LINE ( 'NONE', #2266, #955 ) ;
#6225 = DIRECTION ( 'NONE',  ( -0.000000000000000000, 0.000000000000000000, 1.000000000000000000 ) ) ;
#6226 = AXIS2_PLACEMENT_3D ( 'NONE', #4154, #5494, #2297 ) ;
#6227 = ADVANCED_FACE ( 'NONE', ( #5517, #5396 ), #8117, .F. ) ;
#6228 = DIRECTION ( 'NONE',  ( 1.000000000000000000, 1.068062656601449089E-14, 0.000000000000000000 ) ) ;
#6229 = CARTESIAN_POINT ( 'NONE',  ( 88.74419580683903064, 304.3764512900609702, 12.22231908146749468 ) ) ;
#6230 = EDGE_CURVE ( 'NONE', #4486, #5504, #6577, .T. ) ;
#6231 = VECTOR ( 'NONE', #1924, 1000.000000000000000 ) ;
#6232 = ORIENTED_EDGE ( 'NONE', *, *, #417, .F. ) ;
#6233 = DIRECTION ( 'NONE',  ( 0.1391731009596220703, 0.9902680687416326455, 0.000000000000000000 ) ) ;
#6234 = DIRECTION ( 'NONE',  ( 1.000000000000000000, 0.000000000000000000, 0.000000000000000000 ) ) ;
#6235 = ORIENTED_EDGE ( 'NONE', *, *, #1833, .T. ) ;
#6236 = CARTESIAN_POINT ( 'NONE',  ( -92.00000000000000000, 538.9999999999998863, -24.99999999999999645 ) ) ;
#6237 = CARTESIAN_POINT ( 'NONE',  ( -84.74072730764875416, 319.6416370902170456, -19.04101216584952283 ) ) ;
#6238 = AXIS2_PLACEMENT_3D ( 'NONE', #1095, #5602, #6200 ) ;
#6239 = DIRECTION ( 'NONE',  ( -1.000000000000000000, 1.015794745118904431E-15, 0.000000000000000000 ) ) ;
#6240 = ORIENTED_EDGE ( 'NONE', *, *, #4353, .F. ) ;
#6241 = EDGE_LOOP ( 'NONE', ( #3282, #1556, #7057, #2166 ) ) ;
#6242 = DIRECTION ( 'NONE',  ( 0.000000000000000000, -1.000000000000000000, -0.000000000000000000 ) ) ;
#6243 = CIRCLE ( 'NONE', #2076, 5.000000000000002665 ) ;
#6244 = ORIENTED_EDGE ( 'NONE', *, *, #8311, .T. ) ;
#6245 = CARTESIAN_POINT ( 'NONE',  ( -86.33063765710058135, 312.9047549814775948, 16.51635899546994324 ) ) ;
#6246 = ADVANCED_FACE ( 'NONE', ( #6674 ), #3460, .F. ) ;
#6247 = EDGE_CURVE ( 'NONE', #2426, #5556, #486, .T. ) ;
#6248 = DIRECTION ( 'NONE',  ( -0.000000000000000000, -1.000000000000000000, 0.000000000000000000 ) ) ;
#6249 = CARTESIAN_POINT ( 'NONE',  ( 75.33974596215561803, 429.3405386945347573, 25.00000000000000000 ) ) ;
#6250 = CARTESIAN_POINT ( 'NONE',  ( 84.00000000000000000, 538.9999999999998863, 24.99999999999999645 ) ) ;
#6251 = CIRCLE ( 'NONE', #174, 5.000000000000000888 ) ;
#6252 = VERTEX_POINT ( 'NONE', #7438 ) ;
#6253 = DIRECTION ( 'NONE',  ( 1.000000000000000000, 0.000000000000000000, 0.000000000000000000 ) ) ;
#6254 = ORIENTED_EDGE ( 'NONE', *, *, #7341, .F. ) ;
#6255 = DIRECTION ( 'NONE',  ( 9.251858538542971828E-16, -1.000000000000000000, 0.000000000000000000 ) ) ;
#6256 = EDGE_CURVE ( 'NONE', #7261, #8350, #7520, .T. ) ;
#6257 = CARTESIAN_POINT ( 'NONE',  ( 87.59352033485062350, 308.3385890436999830, 14.23926849795668303 ) ) ;
#6258 = ADVANCED_FACE ( 'NONE', ( #6713 ), #922, .T. ) ;
#6259 = CARTESIAN_POINT ( 'NONE',  ( -83.93619253030961147, 324.8289773764569190, 21.46446609406723027 ) ) ;
#6260 = CARTESIAN_POINT ( 'NONE',  ( -78.38769202586858853, 433.0487896379472659, 24.99742934117542603 ) ) ;
#6261 = ORIENTED_EDGE ( 'NONE', *, *, #6476, .T. ) ;
#6262 = CARTESIAN_POINT ( 'NONE',  ( 75.85362820585558552, 433.4837602799972842, 24.50951314250400159 ) ) ;
#6263 = EDGE_LOOP ( 'NONE', ( #1346, #121 ) ) ;
#6264 = CARTESIAN_POINT ( 'NONE',  ( 77.21739130363597781, 448.4714566200638046, -11.55621793141454745 ) ) ;
#6265 = VERTEX_POINT ( 'NONE', #4176 ) ;
#6266 = DIRECTION ( 'NONE',  ( 0.000000000000000000, -0.000000000000000000, -1.000000000000000000 ) ) ;
#6267 = DIRECTION ( 'NONE',  ( -0.000000000000000000, -0.000000000000000000, -1.000000000000000000 ) ) ;
#6268 = ADVANCED_FACE ( 'NONE', ( #3544 ), #2915, .F. ) ;
#6269 = DIRECTION ( 'NONE',  ( 0.000000000000000000, 0.000000000000000000, 1.000000000000000000 ) ) ;
#6270 = DIRECTION ( 'NONE',  ( -1.015794745118904037E-15, 1.000000000000000000, -0.000000000000000000 ) ) ;
#6271 = ORIENTED_EDGE ( 'NONE', *, *, #2110, .T. ) ;
#6272 = DIRECTION ( 'NONE',  ( 1.000000000000000000, 0.000000000000000000, 0.000000000000000000 ) ) ;
#6273 = LINE ( 'NONE', #5003, #4716 ) ;
#6274 = EDGE_LOOP ( 'NONE', ( #4767, #3276, #1589, #6401, #4937 ) ) ;
#6275 = CARTESIAN_POINT ( 'NONE',  ( 141.8475409834426557, 19.93537181034424677, -24.99999999999999289 ) ) ;
#6276 = CARTESIAN_POINT ( 'NONE',  ( -87.14584108898679915, 315.7493360551338810, 21.46446609406725159 ) ) ;
#6277 = DIRECTION ( 'NONE',  ( 0.000000000000000000, 0.000000000000000000, 1.000000000000000000 ) ) ;
#6278 = ORIENTED_EDGE ( 'NONE', *, *, #4204, .T. ) ;
#6279 = ORIENTED_EDGE ( 'NONE', *, *, #5367, .F. ) ;
#6280 = DIRECTION ( 'NONE',  ( 1.000000000000000000, 0.000000000000000000, 0.000000000000000000 ) ) ;
#6281 = ORIENTED_EDGE ( 'NONE', *, *, #3381, .T. ) ;
#6282 = DIRECTION ( 'NONE',  ( 0.000000000000000000, 0.000000000000000000, 1.000000000000000000 ) ) ;
#6283 = CARTESIAN_POINT ( 'NONE',  ( 114.9999999999999858, 0.000000000000000000, 24.99999999999999645 ) ) ;
#6284 = FACE_OUTER_BOUND ( 'NONE', #3862, .T. ) ;
#6285 = AXIS2_PLACEMENT_3D ( 'NONE', #5613, #5575, #6813 ) ;
#6286 = CARTESIAN_POINT ( 'NONE',  ( 85.91496060409230040, 324.5736652630491790, 25.30330085889913150 ) ) ;
#6287 = VECTOR ( 'NONE', #6656, 1000.000000000000000 ) ;
#6288 = EDGE_LOOP ( 'NONE', ( #8294, #7432, #5846, #7425 ) ) ;
#6289 = EDGE_CURVE ( 'NONE', #1472, #5852, #6843, .T. ) ;
#6290 = ADVANCED_FACE ( 'NONE', ( #1851 ), #8192, .F. ) ;
#6291 = VECTOR ( 'NONE', #6916, 1000.000000000000000 ) ;
#6292 = CARTESIAN_POINT ( 'NONE',  ( 112.0000000000329550, 204.1300141686550660, 24.99999999999999645 ) ) ;
#6293 = ORIENTED_EDGE ( 'NONE', *, *, #1698, .T. ) ;
#6294 = CARTESIAN_POINT ( 'NONE',  ( 78.52966720325758843, 436.8905468820919964, -24.10129431107434428 ) ) ;
#6295 = CARTESIAN_POINT ( 'NONE',  ( 88.61322816692306503, 305.3083344697039934, 12.26272082067790947 ) ) ;
#6296 = CARTESIAN_POINT ( 'NONE',  ( 83.87269652932923236, 325.2379360665095192, 21.66136008683314174 ) ) ;
#6297 = DIRECTION ( 'NONE',  ( -0.000000000000000000, 0.000000000000000000, 1.000000000000000000 ) ) ;
#6298 = AXIS2_PLACEMENT_3D ( 'NONE', #5115, #3772, #6474 ) ;
#6299 = VERTEX_POINT ( 'NONE', #5006 ) ;
#6300 = EDGE_CURVE ( 'NONE', #439, #4201, #3748, .T. ) ;
#6301 = EDGE_CURVE ( 'NONE', #7223, #6413, #2675, .T. ) ;
#6302 = CARTESIAN_POINT ( 'NONE',  ( 78.41204124413938814, 433.9431978358180118, 24.87250288484496608 ) ) ;
#6303 = ORIENTED_EDGE ( 'NONE', *, *, #7984, .T. ) ;
#6304 = CARTESIAN_POINT ( 'NONE',  ( 77.19102122149523382, 448.3546773278785054, -12.23729073471314877 ) ) ;
#6305 = CIRCLE ( 'NONE', #4022, 12.00000000000001066 ) ;
#6306 = ORIENTED_EDGE ( 'NONE', *, *, #6301, .T. ) ;
#6307 = DIRECTION ( 'NONE',  ( 0.000000000000000000, 0.4666656683824044749, -0.8844338041669391748 ) ) ;
#6308 = CARTESIAN_POINT ( 'NONE',  ( 79.66987298107781612, 429.3405386945350415, -27.50000000000000000 ) ) ;
#6309 = CARTESIAN_POINT ( 'NONE',  ( -88.67391972467932248, 304.8764915972699328, 13.51748292454445632 ) ) ;
#6310 = DIRECTION ( 'NONE',  ( -0.1391731009604045555, 0.9902680687415226224, -0.000000000000000000 ) ) ;
#6311 = CIRCLE ( 'NONE', #105, 5.000000000000000888 ) ;
#6312 = EDGE_CURVE ( 'NONE', #7665, #2716, #5482, .T. ) ;
#6314 = ADVANCED_FACE ( 'NONE', ( #7599 ), #4677, .F. ) ;
#6313 = VERTEX_POINT ( 'NONE', #8318 ) ;
#6315 = CARTESIAN_POINT ( 'NONE',  ( 95.86357670959664290, 347.1282789188523452, 30.00000000000000000 ) ) ;
#6316 = DIRECTION ( 'NONE',  ( 0.000000000000000000, 0.4666656683824145224, -0.8844338041669337347 ) ) ;
#6317 = ORIENTED_EDGE ( 'NONE', *, *, #7419, .F. ) ;
#6318 = FACE_OUTER_BOUND ( 'NONE', #4992, .T. ) ;
#6319 = AXIS2_PLACEMENT_3D ( 'NONE', #2540, #1185, #6465 ) ;
#6320 = CARTESIAN_POINT ( 'NONE',  ( -86.07263358525857200, 323.3856042330220362, -25.00000000000706990 ) ) ;
#6321 = LINE ( 'NONE', #5007, #5771 ) ;
#6322 = CIRCLE ( 'NONE', #4965, 406.0000000000167688 ) ;
#6323 = ORIENTED_EDGE ( 'NONE', *, *, #2720, .T. ) ;
#6324 = ORIENTED_EDGE ( 'NONE', *, *, #992, .F. ) ;
#6325 = CIRCLE ( 'NONE', #6607, 5.000000000000000888 ) ;
#6326 = CARTESIAN_POINT ( 'NONE',  ( 80.69549554759220200, 338.5413306304433263, 24.94517252383029771 ) ) ;
#6327 = ORIENTED_EDGE ( 'NONE', *, *, #4042, .F. ) ;
#6328 = CARTESIAN_POINT ( 'NONE',  ( -88.31910747752273494, 307.4011119177962996, -14.83812329226160820 ) ) ;
#6329 = CARTESIAN_POINT ( 'NONE',  ( -489.0000000000001137, 402.3800000000000523, 30.00000000000000000 ) ) ;
#6330 = CARTESIAN_POINT ( 'NONE',  ( 87.19142666961109001, 315.4249777947022721, -18.92774265660964161 ) ) ;
#6331 = CYLINDRICAL_SURFACE ( 'NONE', #1187, 15.00000000000001421 ) ;
#6332 = EDGE_CURVE ( 'NONE', #5183, #183, #6839, .T. ) ;
#6333 = CARTESIAN_POINT ( 'NONE',  ( 79.00000000000000000, 449.5690831741372904, -18.53170900041208924 ) ) ;
#6334 = DIRECTION ( 'NONE',  ( 9.251858538542961967E-16, -1.000000000000000000, 0.000000000000000000 ) ) ;
#6335 = ADVANCED_FACE ( 'NONE', ( #1813 ), #611, .F. ) ;
#6336 = ORIENTED_EDGE ( 'NONE', *, *, #2662, .T. ) ;
#6337 = CIRCLE ( 'NONE', #2292, 394.9999999999878924 ) ;
#6338 = AXIS2_PLACEMENT_3D ( 'NONE', #1758, #8222, #7588 ) ;
#6339 = CARTESIAN_POINT ( 'NONE',  ( 79.00000000000000000, 538.9999999999998863, -24.99999999999999289 ) ) ;
#6340 = CARTESIAN_POINT ( 'NONE',  ( -85.73285351713627733, 325.2214417901811885, 23.12402105296985866 ) ) ;
#6341 = EDGE_LOOP ( 'NONE', ( #5218, #2896, #1105, #6147 ) ) ;
#6342 = CARTESIAN_POINT ( 'NONE',  ( 79.54376775999108418, 433.6972912049345723, -27.26887997941208752 ) ) ;
#6343 = FACE_OUTER_BOUND ( 'NONE', #719, .T. ) ;
#6344 = CARTESIAN_POINT ( 'NONE',  ( -92.00000000000000000, 538.9999999999998863, -30.00000000000000000 ) ) ;
#6345 = CONICAL_SURFACE ( 'NONE', #3647, 130.0000000000000000, 0.7853981633974456145 ) ;
#6346 = CARTESIAN_POINT ( 'NONE',  ( -78.42338090294730080, 434.3839332698056523, 24.79210842746329391 ) ) ;
#6347 = ORIENTED_EDGE ( 'NONE', *, *, #237, .T. ) ;
#6348 = CIRCLE ( 'NONE', #5811, 5.000000000000000888 ) ;
#6349 = EDGE_LOOP ( 'NONE', ( #6585, #6442 ) ) ;
#6350 = CARTESIAN_POINT ( 'NONE',  ( 79.00000000000000000, 451.1814702566040296, -15.88205858931679515 ) ) ;
#6351 = ORIENTED_EDGE ( 'NONE', *, *, #7099, .T. ) ;
#6352 = DIRECTION ( 'NONE',  ( 0.1391731009604046665, 0.9902680687415226224, 0.000000000000000000 ) ) ;
#6353 = CARTESIAN_POINT ( 'NONE',  ( -290.9999999983658086, 204.1311561622549107, 30.00000000000000000 ) ) ;
#6354 = DIRECTION ( 'NONE',  ( -1.015794745118904037E-15, 1.000000000000000000, 0.000000000000000000 ) ) ;
#6355 = ADVANCED_FACE ( 'NONE', ( #4409 ), #6919, .F. ) ;
#6356 = CIRCLE ( 'NONE', #3937, 5.000000000000007994 ) ;
#6357 = CARTESIAN_POINT ( 'NONE',  ( 76.12829888279333090, 439.3433066579906949, -21.46446609408499739 ) ) ;
#6358 = EDGE_LOOP ( 'NONE', ( #431, #3407, #4873, #1201 ) ) ;
#6359 = FACE_OUTER_BOUND ( 'NONE', #5030, .T. ) ;
#6360 = CIRCLE ( 'NONE', #285, 5.000000000000002665 ) ;
#6361 = DIRECTION ( 'NONE',  ( -0.000000000000000000, -0.000000000000000000, -1.000000000000000000 ) ) ;
#6362 = ORIENTED_EDGE ( 'NONE', *, *, #4831, .T. ) ;
#6363 = CARTESIAN_POINT ( 'NONE',  ( -114.9999999999999716, 0.9999999999999881206, 0.000000000000000000 ) ) ;
#6364 = CARTESIAN_POINT ( 'NONE',  ( 83.93619253030961147, 324.8289773764569190, 21.46446609406723383 ) ) ;
#6365 = CARTESIAN_POINT ( 'NONE',  ( -290.9999999983658086, 204.1311561622549107, 24.99999999999999645 ) ) ;
#6366 = EDGE_CURVE ( 'NONE', #2849, #3310, #87, .T. ) ;
#6367 = CARTESIAN_POINT ( 'NONE',  ( -78.99999999999998579, 451.1814702561879926, -15.88205858907636880 ) ) ;
#6368 = EDGE_CURVE ( 'NONE', #5183, #4062, #6973, .T. ) ;
#6369 = AXIS2_PLACEMENT_3D ( 'NONE', #2179, #8017, #7023 ) ;
#6370 = CIRCLE ( 'NONE', #6097, 403.0000000000167688 ) ;
#6371 = EDGE_LOOP ( 'NONE', ( #6278, #2170, #918, #2191 ) ) ;
#6372 = ORIENTED_EDGE ( 'NONE', *, *, #6605, .T. ) ;
#6373 = CARTESIAN_POINT ( 'NONE',  ( 79.00000000000000000, 538.9999999999998863, 30.00000000000000000 ) ) ;
#6374 = ORIENTED_EDGE ( 'NONE', *, *, #3176, .T. ) ;
#6375 = CARTESIAN_POINT ( 'NONE',  ( -88.50665647334363939, 306.0666314714951568, -15.18316017970879983 ) ) ;
#6376 = DIRECTION ( 'NONE',  ( 0.9902665067186283698, -0.1391842148782850563, 0.000000000000000000 ) ) ;
#6377 = LINE ( 'NONE', #6550, #3945 ) ;
#6378 = EDGE_CURVE ( 'NONE', #3081, #2221, #445, .T. ) ;
#6379 = CARTESIAN_POINT ( 'NONE',  ( 91.99999999999985789, 402.3800000000001091, -24.99999999999999289 ) ) ;
#6380 = DIRECTION ( 'NONE',  ( -0.000000000000000000, 0.000000000000000000, 1.000000000000000000 ) ) ;
#6381 = FACE_OUTER_BOUND ( 'NONE', #6241, .T. ) ;
#6382 = AXIS2_PLACEMENT_3D ( 'NONE', #4222, #3631, #2369 ) ;
#6383 = VERTEX_POINT ( 'NONE', #4334 ) ;
#6384 = LINE ( 'NONE', #7654, #1655 ) ;
#6385 = DIRECTION ( 'NONE',  ( 1.000000000000000000, 0.000000000000000000, 0.000000000000000000 ) ) ;
#6386 = ORIENTED_EDGE ( 'NONE', *, *, #6080, .T. ) ;
#6387 = CARTESIAN_POINT ( 'NONE',  ( 79.03043414218085161, 440.5809101759302848, -25.65258166845448784 ) ) ;
#6388 = AXIS2_PLACEMENT_3D ( 'NONE', #7214, #7857, #7252 ) ;
#6389 = CARTESIAN_POINT ( 'NONE',  ( 87.14584108898679915, 315.7493360551338242, 21.46446609406720896 ) ) ;
#6390 = FACE_OUTER_BOUND ( 'NONE', #357, .T. ) ;
#6391 = CARTESIAN_POINT ( 'NONE',  ( -75.80263972292678432, 432.6812510146249906, 24.69183997259401053 ) ) ;
#6392 = ORIENTED_EDGE ( 'NONE', *, *, #8282, .T. ) ;
#6393 = CARTESIAN_POINT ( 'NONE',  ( 78.46494633762679882, 435.6726052676989411, 24.48709947789482300 ) ) ;
#6394 = ORIENTED_EDGE ( 'NONE', *, *, #490, .F. ) ;
#6395 = CARTESIAN_POINT ( 'NONE',  ( 78.99999999998911449, 447.4089219460555569, -16.87614465152589460 ) ) ;
#6396 = EDGE_LOOP ( 'NONE', ( #100, #1315, #4900, #1978, #8306, #2553, #256, #1856, #7297, #2892, #5938, #6904 ) ) ;
#6397 = DIRECTION ( 'NONE',  ( 0.000000000000000000, 0.000000000000000000, -1.000000000000000000 ) ) ;
#6398 = DIRECTION ( 'NONE',  ( -1.000000000000000000, -0.000000000000000000, -0.000000000000000000 ) ) ;
#6399 = CARTESIAN_POINT ( 'NONE',  ( -88.40382766512436774, 306.7982964600899436, 15.92997055921773253 ) ) ;
#6400 = CARTESIAN_POINT ( 'NONE',  ( -75.91887479530632277, 435.7554963922563616, -23.73373090152497156 ) ) ;
#6401 = ORIENTED_EDGE ( 'NONE', *, *, #1731, .T. ) ;
#6402 = CARTESIAN_POINT ( 'NONE',  ( -115.0000000016510029, 204.1311561622549107, -24.99999999999999289 ) ) ;
#6403 = CARTESIAN_POINT ( 'NONE',  ( 0.000000000000000000, 540.3271830624646554, 14.99999999999988098 ) ) ;
#6404 = VERTEX_POINT ( 'NONE', #1172 ) ;
#6405 = CYLINDRICAL_SURFACE ( 'NONE', #5001, 2.999999999999999112 ) ;
#6406 = DIRECTION ( 'NONE',  ( -0.000000000000000000, -0.000000000000000000, -1.000000000000000000 ) ) ;
#6407 = CARTESIAN_POINT ( 'NONE',  ( -79.00000000000000000, 451.7412242848819801, -14.42188821139032662 ) ) ;
#6408 = ORIENTED_EDGE ( 'NONE', *, *, #1823, .T. ) ;
#6409 = VERTEX_POINT ( 'NONE', #6276 ) ;
#6410 = EDGE_CURVE ( 'NONE', #2660, #1740, #5078, .T. ) ;
#6411 = DIRECTION ( 'NONE',  ( -1.000000000000000000, 0.000000000000000000, 0.000000000000000000 ) ) ;
#6412 = EDGE_CURVE ( 'NONE', #2131, #5288, #3402, .T. ) ;
#6413 = VERTEX_POINT ( 'NONE', #1307 ) ;
#6414 = CARTESIAN_POINT ( 'NONE',  ( -88.27822797942754107, 305.7617627650387249, -10.85786437626905965 ) ) ;
#6415 = DIRECTION ( 'NONE',  ( 0.000000000000000000, 0.000000000000000000, 1.000000000000000000 ) ) ;
#6416 = CARTESIAN_POINT ( 'NONE',  ( 0.000000000000000000, 538.9999999999998863, 30.00000000000000000 ) ) ;
#6417 = CARTESIAN_POINT ( 'NONE',  ( 88.27822797942754107, 305.7617627650387817, 10.85786437626894774 ) ) ;
#6418 = DIRECTION ( 'NONE',  ( -0.000000000000000000, -1.000000000000000000, -0.000000000000000000 ) ) ;
#6419 = ORIENTED_EDGE ( 'NONE', *, *, #5687, .F. ) ;
#6420 = DIRECTION ( 'NONE',  ( -0.1391731009596220703, -0.9902680687416326455, -0.000000000000000000 ) ) ;
#6421 = ADVANCED_FACE ( 'NONE', ( #259 ), #6659, .F. ) ;
#6422 = CARTESIAN_POINT ( 'NONE',  ( 91.99999999999945999, -9.345311655093865387E-14, 24.99999999999999645 ) ) ;
#6423 = CIRCLE ( 'NONE', #1708, 15.00000000000002487 ) ;
#6424 = ORIENTED_EDGE ( 'NONE', *, *, #2719, .T. ) ;
#6425 = CARTESIAN_POINT ( 'NONE',  ( -81.00000000000000000, 508.9999999999998863, 0.000000000000000000 ) ) ;
#6426 = DIRECTION ( 'NONE',  ( 0.1391731009604045555, -0.9902680687415226224, 0.000000000000000000 ) ) ;
#6427 = DIRECTION ( 'NONE',  ( 0.1391731009604036118, 0.9902680687415229555, 0.000000000000000000 ) ) ;
#6428 = CARTESIAN_POINT ( 'NONE',  ( -79.36545911879612447, 344.8096197016265023, -30.00000000000000355 ) ) ;
#6429 = EDGE_LOOP ( 'NONE', ( #6946, #6271, #6739, #7889 ) ) ;
#6430 = CIRCLE ( 'NONE', #4267, 15.00000000000002487 ) ;
#6431 = CARTESIAN_POINT ( 'NONE',  ( 78.62828356300468613, 438.0633195569103009, 23.65811898030486660 ) ) ;
#6432 = EDGE_LOOP ( 'NONE', ( #1024, #1882 ) ) ;
#6433 = B_SPLINE_CURVE_WITH_KNOTS ( 'NONE', 3,
 ( #8366, #8233, #1171, #5764 ),
 .UNSPECIFIED., .F., .F.,
 ( 4, 4 ),
 ( 0.000000000000000000, 0.001371055314106222299 ),
 .UNSPECIFIED. ) ;
#6434 = CARTESIAN_POINT ( 'NONE',  ( -79.47674148181833687, 434.7521960938633470, -27.13213485690969407 ) ) ;
#6435 = VERTEX_POINT ( 'NONE', #2134 ) ;
#6436 = CARTESIAN_POINT ( 'NONE',  ( 117.0000000016510455, 509.0000000000001137, 0.000000000000000000 ) ) ;
#6437 = DIRECTION ( 'NONE',  ( -0.000000000000000000, -1.000000000000000000, 0.000000000000000000 ) ) ;
#6438 = CIRCLE ( 'NONE', #6584, 389.9999999999878924 ) ;
#6439 = CARTESIAN_POINT ( 'NONE',  ( 87.94143215966398941, 346.0148941111735326, -24.99999999999999289 ) ) ;
#6440 = CARTESIAN_POINT ( 'NONE',  ( 76.63271399287957308, 445.8594352939520036, -16.35579692576639488 ) ) ;
#6441 = EDGE_CURVE ( 'NONE', #5684, #3723, #65, .T. ) ;
#6442 = ORIENTED_EDGE ( 'NONE', *, *, #8256, .F. ) ;
#6443 = CIRCLE ( 'NONE', #7812, 2.999999999999999112 ) ;
#6444 = CARTESIAN_POINT ( 'NONE',  ( 117.0000000016515571, 16.00000000000022737, 1.836970198721029589E-15 ) ) ;
#6445 = B_SPLINE_CURVE_WITH_KNOTS ( 'NONE', 3,
 ( #764, #7957, #7914, #3430 ),
 .UNSPECIFIED., .F., .F.,
 ( 4, 4 ),
 ( 3.469446951953614189E-18, 0.0009664171647814166072 ),
 .UNSPECIFIED. ) ;
#6446 = ORIENTED_EDGE ( 'NONE', *, *, #5946, .T. ) ;
#6447 = DIRECTION ( 'NONE',  ( -0.000000000000000000, -0.000000000000000000, -1.000000000000000000 ) ) ;
#6448 = DIRECTION ( 'NONE',  ( 2.035408878479453763E-14, -1.000000000000000000, 0.000000000000000000 ) ) ;
#6449 = CARTESIAN_POINT ( 'NONE',  ( -80.30586711248278675, 339.8380873389567682, -25.00000000000000355 ) ) ;
#6450 = LINE ( 'NONE', #3200, #2951 ) ;
#6451 = EDGE_CURVE ( 'NONE', #564, #6313, #2173, .T. ) ;
#6452 = ORIENTED_EDGE ( 'NONE', *, *, #3721, .T. ) ;
#6453 = ORIENTED_EDGE ( 'NONE', *, *, #2987, .T. ) ;
#6454 = CARTESIAN_POINT ( 'NONE',  ( -82.19450074527864558, 315.0534705503357600, 21.46446609406725159 ) ) ;
#6455 = AXIS2_PLACEMENT_3D ( 'NONE', #387, #8014, #6971 ) ;
#6456 = ORIENTED_EDGE ( 'NONE', *, *, #5898, .F. ) ;
#6457 = CARTESIAN_POINT ( 'NONE',  ( -87.66206441903534596, 308.0852279706472245, -14.07844690557322309 ) ) ;
#6458 = CARTESIAN_POINT ( 'NONE',  ( -489.0000000000001137, 402.3800000000000523, 24.99999999999999645 ) ) ;
#6459 = B_SPLINE_CURVE_WITH_KNOTS ( 'NONE', 3,
 ( #2108, #3418, #4591, #6709 ),
 .UNSPECIFIED., .F., .F.,
 ( 4, 4 ),
 ( 0.000000000000000000, 0.0009664171647635954676 ),
 .UNSPECIFIED. ) ;
#6460 = CARTESIAN_POINT ( 'NONE',  ( -87.49484236773542989, 313.2660629232446468, -20.33076990466235756 ) ) ;
#6461 = AXIS2_PLACEMENT_3D ( 'NONE', #7127, #1342, #3992 ) ;
#6462 = CARTESIAN_POINT ( 'NONE',  ( 88.27822797942752686, 305.7617627650387817, -10.85786437626901701 ) ) ;
#6463 = DIRECTION ( 'NONE',  ( -0.9902680687416325345, -0.1391731009596222646, 0.000000000000000000 ) ) ;
#6464 = EDGE_CURVE ( 'NONE', #7665, #1797, #7255, .T. ) ;
#6465 = DIRECTION ( 'NONE',  ( 1.000000000000000000, 0.000000000000000000, 0.000000000000000000 ) ) ;
#6466 = ADVANCED_FACE ( 'NONE', ( #7374 ), #4646, .F. ) ;
#6467 = VECTOR ( 'NONE', #2854, 1000.000000000000000 ) ;
#6468 = VERTEX_POINT ( 'NONE', #3020 ) ;
#6469 = CARTESIAN_POINT ( 'NONE',  ( 85.92402627970764684, 324.4430001554675869, 22.81358465600794716 ) ) ;
#6470 = FACE_OUTER_BOUND ( 'NONE', #5591, .T. ) ;
#6471 = ORIENTED_EDGE ( 'NONE', *, *, #6529, .T. ) ;
#6472 = CARTESIAN_POINT ( 'NONE',  ( 78.44961548235288262, 435.2431716381946671, -24.60087413131285317 ) ) ;
#6473 = CARTESIAN_POINT ( 'NONE',  ( 100.9999999999999858, -59.00000000000001421, 30.00000000000000000 ) ) ;
#6474 = DIRECTION ( 'NONE',  ( 1.000000000000000000, 0.000000000000000000, 0.000000000000000000 ) ) ;
#6475 = DIRECTION ( 'NONE',  ( -0.000000000000000000, -1.000000000000000000, -0.000000000000000000 ) ) ;
#6476 = EDGE_CURVE ( 'NONE', #6497, #288, #6815, .T. ) ;
#6477 = TOROIDAL_SURFACE ( 'NONE', #6068, 405.0000000000001137, 3.000000000000000000 ) ;
#6478 = EDGE_LOOP ( 'NONE', ( #3703, #1776 ) ) ;
#6479 = ORIENTED_EDGE ( 'NONE', *, *, #2870, .F. ) ;
#6480 = EDGE_CURVE ( 'NONE', #1525, #2388, #4116, .T. ) ;
#6481 = CARTESIAN_POINT ( 'NONE',  ( 83.41503622563705278, 327.2576712110278550, -22.53636232028532049 ) ) ;
#6482 = VERTEX_POINT ( 'NONE', #5577 ) ;
#6483 = CIRCLE ( 'NONE', #2592, 5.000000000000000888 ) ;
#6484 = AXIS2_PLACEMENT_3D ( 'NONE', #6622, #6576, #4584 ) ;
#6485 = CARTESIAN_POINT ( 'NONE',  ( -79.23619007793992353, 437.7942863273091234, -26.52368724096172414 ) ) ;
#6486 = ORIENTED_EDGE ( 'NONE', *, *, #5427, .F. ) ;
#6487 = DIRECTION ( 'NONE',  ( 1.000000000000000000, 0.000000000000000000, 0.000000000000000000 ) ) ;
#6488 = CARTESIAN_POINT ( 'NONE',  ( -81.69018693079505056, 334.7407095505095072, 24.53573616173274274 ) ) ;
#6489 = FACE_OUTER_BOUND ( 'NONE', #311, .T. ) ;
#6490 = CARTESIAN_POINT ( 'NONE',  ( 114.9999999999999858, 0.000000000000000000, 30.00000000000000000 ) ) ;
#6491 = EDGE_CURVE ( 'NONE', #2242, #3557, #7459, .T. ) ;
#6492 = CIRCLE ( 'NONE', #973, 122.9289321881344961 ) ;
#6493 = ORIENTED_EDGE ( 'NONE', *, *, #5860, .T. ) ;
#6494 = DIRECTION ( 'NONE',  ( -0.1391731009600660485, 0.9902680687415703620, 0.000000000000000000 ) ) ;
#6495 = CARTESIAN_POINT ( 'NONE',  ( 79.00000000000000000, 443.6500997019948613, -23.81531131415565739 ) ) ;
#6496 = ADVANCED_FACE ( 'NONE', ( #3603 ), #8095, .T. ) ;
#6497 = VERTEX_POINT ( 'NONE', #4819 ) ;
#6498 = LINE ( 'NONE', #704, #829 ) ;
#6499 = VECTOR ( 'NONE', #1596, 1000.000000000000000 ) ;
#6500 = ADVANCED_FACE ( 'NONE', ( #1704 ), #3646, .F. ) ;
#6501 = CARTESIAN_POINT ( 'NONE',  ( -489.0000000000001137, 402.3800000000000523, 24.99999999999999645 ) ) ;
#6502 = AXIS2_PLACEMENT_3D ( 'NONE', #2487, #655, #1812 ) ;
#6503 = VECTOR ( 'NONE', #7373, 1000.000000000000000 ) ;
#6504 = EDGE_LOOP ( 'NONE', ( #8280, #2969, #5619, #5106 ) ) ;
#6505 = DIRECTION ( 'NONE',  ( -1.000000000000000000, 0.000000000000000000, 0.000000000000000000 ) ) ;
#6506 = VERTEX_POINT ( 'NONE', #2424 ) ;
#6507 = DIRECTION ( 'NONE',  ( -0.1250563527461361346, -0.8898221859245226684, 0.4388364001246232715 ) ) ;
#6508 = DIRECTION ( 'NONE',  ( 1.000000000000000000, 0.000000000000000000, 0.000000000000000000 ) ) ;
#6509 = CARTESIAN_POINT ( 'NONE',  ( 79.34487935967439398, 436.5140770960384771, 26.83466331035912944 ) ) ;
#6510 = DIRECTION ( 'NONE',  ( -0.000000000000000000, -0.000000000000000000, -1.000000000000000000 ) ) ;
#6511 = DIRECTION ( 'NONE',  ( 0.000000000000000000, 1.000000000000000000, 0.000000000000000000 ) ) ;
#6512 = DIRECTION ( 'NONE',  ( -1.000000000000000000, -1.066470393112791096E-14, 0.000000000000000000 ) ) ;
#6513 = ORIENTED_EDGE ( 'NONE', *, *, #264, .T. ) ;
#6514 = DIRECTION ( 'NONE',  ( 0.000000000000000000, 0.000000000000000000, -1.000000000000000000 ) ) ;
#6515 = CIRCLE ( 'NONE', #8139, 3.000000000000000444 ) ;
#6516 = TOROIDAL_SURFACE ( 'NONE', #6461, 403.0000000000167688, 3.000000000000000000 ) ;
#6517 = CARTESIAN_POINT ( 'NONE',  ( -35.00000000000000000, 401.7200000000000273, -25.00000000000000000 ) ) ;
#6518 = EDGE_LOOP ( 'NONE', ( #3578, #660, #3594, #1490 ) ) ;
#6519 = CARTESIAN_POINT ( 'NONE',  ( 75.50942428554482433, 430.1860036405200276, -25.00000000000000000 ) ) ;
#6520 = DIRECTION ( 'NONE',  ( 1.000000000000000000, 0.000000000000000000, 0.000000000000000000 ) ) ;
#6521 = CARTESIAN_POINT ( 'NONE',  ( 108.0774164454513482, 260.2222934685145219, -24.99999999999999645 ) ) ;
#6522 = DIRECTION ( 'NONE',  ( 1.000000000000000000, 0.000000000000000000, 0.000000000000000000 ) ) ;
#6523 = AXIS2_PLACEMENT_3D ( 'NONE', #1410, #245, #3386 ) ;
#6524 = ORIENTED_EDGE ( 'NONE', *, *, #8357, .T. ) ;
#6526 = EDGE_CURVE ( 'NONE', #2721, #2221, #4404, .T. ) ;
#6525 = CARTESIAN_POINT ( 'NONE',  ( 83.75620895358073881, 336.0522719038937112, -25.17100630019418261 ) ) ;
#6527 = ORIENTED_EDGE ( 'NONE', *, *, #1442, .T. ) ;
#6528 = VECTOR ( 'NONE', #6272, 1000.000000000000000 ) ;
#6529 = EDGE_CURVE ( 'NONE', #1186, #191, #990, .T. ) ;
#6530 = CARTESIAN_POINT ( 'NONE',  ( -75.89787902296282596, 434.6586574663662645, -24.15314503631804754 ) ) ;
#6531 = ORIENTED_EDGE ( 'NONE', *, *, #204, .F. ) ;
#6532 = CARTESIAN_POINT ( 'NONE',  ( 0.000000000000000000, 538.9999999999998863, 27.99999999999999645 ) ) ;
#6533 = DIRECTION ( 'NONE',  ( -1.731913504983083602E-15, -0.7814342413030062051, -0.6239876012543801309 ) ) ;
#6534 = CARTESIAN_POINT ( 'NONE',  ( -79.00000000000000000, 448.2083972186496794, 20.11449043436430983 ) ) ;
#6535 = CARTESIAN_POINT ( 'NONE',  ( 76.69064464969463302, 446.1201382107826134, -16.09589354922780302 ) ) ;
#6536 = AXIS2_PLACEMENT_3D ( 'NONE', #8018, #2938, #1591 ) ;
#6537 = ORIENTED_EDGE ( 'NONE', *, *, #6572, .F. ) ;
#6538 = LINE ( 'NONE', #742, #7614 ) ;
#6539 = ADVANCED_FACE ( 'NONE', ( #385 ), #4865, .F. ) ;
#6540 = CARTESIAN_POINT ( 'NONE',  ( 81.00000000000000000, 0.000000000000000000, 24.99999999999999645 ) ) ;
#6541 = EDGE_LOOP ( 'NONE', ( #1732, #4616, #1426, #4480 ) ) ;
#6542 = CARTESIAN_POINT ( 'NONE',  ( 98.99999999999847944, 16.00000000000020961, 1.836970198721029983E-15 ) ) ;
#6543 = B_SPLINE_CURVE_WITH_KNOTS ( 'NONE', 3,
 ( #7203, #5842, #7760, #5324, #4527, #5289, #1335, #3987, #686, #5881, #3907, #2088, #3316, #5967 ),
 .UNSPECIFIED., .F., .F.,
 ( 4, 2, 2, 2, 2, 2, 4 ),
 ( 1.995701161244539559E-15, 0.002484839133186155218, 0.003727258699778233410, 0.004969678266370312035, 0.006212097832962389793, 0.007454517399554469285, 0.009939356532738627403 ),
 .UNSPECIFIED. ) ;
#6544 = DIRECTION ( 'NONE',  ( 0.000000000000000000, 0.000000000000000000, 1.000000000000000000 ) ) ;
#6545 = VERTEX_POINT ( 'NONE', #3055 ) ;
#6546 = DIRECTION ( 'NONE',  ( -1.000000000000000000, 4.899227575351818835E-10, 0.000000000000000000 ) ) ;
#6547 = VERTEX_POINT ( 'NONE', #6938 ) ;
#6548 = CYLINDRICAL_SURFACE ( 'NONE', #1512, 5.000000000000007994 ) ;
#6549 = DIRECTION ( 'NONE',  ( 1.000000000000000000, -1.597839588790481247E-14, 0.000000000000000000 ) ) ;
#6550 = CARTESIAN_POINT ( 'NONE',  ( 129.6374099128327089, 18.21934979774634300, -27.50000000000000355 ) ) ;
#6551 = CARTESIAN_POINT ( 'NONE',  ( -290.9999999983658086, 204.1311561622549107, -24.99999999999999289 ) ) ;
#6552 = CYLINDRICAL_SURFACE ( 'NONE', #1152, 5.000000000000003553 ) ;
#6553 = CARTESIAN_POINT ( 'NONE',  ( -76.12482776070812918, 439.0896123767701056, -21.66495546554909879 ) ) ;
#6554 = EDGE_CURVE ( 'NONE', #7327, #3842, #6925, .T. ) ;
#6555 = ORIENTED_EDGE ( 'NONE', *, *, #4614, .T. ) ;
#6556 = CARTESIAN_POINT ( 'NONE',  ( -88.76926981972894737, 304.1980404179250286, -10.85786437626901701 ) ) ;
#6557 = ORIENTED_EDGE ( 'NONE', *, *, #6150, .T. ) ;
#6558 = FACE_OUTER_BOUND ( 'NONE', #2833, .T. ) ;
#6559 = CARTESIAN_POINT ( 'NONE',  ( 98.99999999999909051, -13.99999999999979217, 0.000000000000000000 ) ) ;
#6560 = DIRECTION ( 'NONE',  ( -0.000000000000000000, 0.000000000000000000, 1.000000000000000000 ) ) ;
#6561 = CARTESIAN_POINT ( 'NONE',  ( 96.99999999999985789, 402.3800000000000523, 24.99999999999999645 ) ) ;
#6562 = VERTEX_POINT ( 'NONE', #5746 ) ;
#6563 = CARTESIAN_POINT ( 'NONE',  ( 85.38049335601867540, 330.0233222483952886, -26.53053656411693240 ) ) ;
#6564 = FACE_OUTER_BOUND ( 'NONE', #4736, .T. ) ;
#6565 = ORIENTED_EDGE ( 'NONE', *, *, #2199, .T. ) ;
#6566 = DIRECTION ( 'NONE',  ( -1.000000000000000000, 0.000000000000000000, 0.000000000000000000 ) ) ;
#6567 = CARTESIAN_POINT ( 'NONE',  ( -489.0000000000001137, 402.3800000000000523, -27.50000000000082068 ) ) ;
#6568 = DIRECTION ( 'NONE',  ( -1.000000000000000000, 0.000000000000000000, 0.000000000000000000 ) ) ;
#6569 = CARTESIAN_POINT ( 'NONE',  ( 77.21739130434782794, 448.4714566206622521, -10.85786437626900458 ) ) ;
#6570 = CIRCLE ( 'NONE', #1979, 413.6602540378445383 ) ;
#6571 = ADVANCED_FACE ( 'NONE', ( #7707 ), #1051, .T. ) ;
#6572 = EDGE_CURVE ( 'NONE', #6383, #984, #2596, .T. ) ;
#6573 = CIRCLE ( 'NONE', #4802, 391.9999999999878924 ) ;
#6574 = VERTEX_POINT ( 'NONE', #3818 ) ;
#6575 = CARTESIAN_POINT ( 'NONE',  ( 112.0000000016510029, 204.1311561622549107, 24.99999999999999645 ) ) ;
#6576 = DIRECTION ( 'NONE',  ( 0.000000000000000000, -1.000000000000000000, 0.000000000000000000 ) ) ;
#6577 = CIRCLE ( 'NONE', #8065, 2.999999999999993783 ) ;
#6578 = EDGE_LOOP ( 'NONE', ( #2008, #7918, #2753, #7966 ) ) ;
#6579 = DIRECTION ( 'NONE',  ( 0.000000000000000000, 0.000000000000000000, 1.000000000000000000 ) ) ;
#6580 = DIRECTION ( 'NONE',  ( -0.000000000000000000, -0.000000000000000000, -1.000000000000000000 ) ) ;
#6581 = CARTESIAN_POINT ( 'NONE',  ( 92.00000000000000000, 538.9999999999998863, 24.99999999999999645 ) ) ;
#6582 = ADVANCED_FACE ( 'NONE', ( #1873 ), #4387, .F. ) ;
#6583 = EDGE_CURVE ( 'NONE', #813, #5512, #8198, .T. ) ;
#6584 = AXIS2_PLACEMENT_3D ( 'NONE', #7323, #4727, #8001 ) ;
#6585 = ORIENTED_EDGE ( 'NONE', *, *, #1983, .F. ) ;
#6586 = CARTESIAN_POINT ( 'NONE',  ( -79.00000000000001421, 452.2987785557373854, 11.38169376147570411 ) ) ;
#6587 = ORIENTED_EDGE ( 'NONE', *, *, #171, .F. ) ;
#6588 = DIRECTION ( 'NONE',  ( -0.000000000000000000, -1.000000000000000000, -0.000000000000000000 ) ) ;
#6589 = VECTOR ( 'NONE', #2032, 1000.000000000000000 ) ;
#6590 = CARTESIAN_POINT ( 'NONE',  ( 79.00000000000000000, 446.6320201490437967, 21.46446609406710593 ) ) ;
#6591 = CYLINDRICAL_SURFACE ( 'NONE', #2060, 5.000000000000004441 ) ;
#6592 = CARTESIAN_POINT ( 'NONE',  ( 98.99999999999998579, -59.00000000000001421, 24.99999999999999645 ) ) ;
#6593 = DIRECTION ( 'NONE',  ( -0.000000000000000000, 0.000000000000000000, 1.000000000000000000 ) ) ;
#6594 = ORIENTED_EDGE ( 'NONE', *, *, #5201, .F. ) ;
#6595 = AXIS2_PLACEMENT_3D ( 'NONE', #5639, #5091, #1814 ) ;
#6596 = DIRECTION ( 'NONE',  ( -0.000000000000000000, -0.000000000000000000, -1.000000000000000000 ) ) ;
#6597 = EDGE_CURVE ( 'NONE', #1879, #422, #8343, .T. ) ;
#6598 = ORIENTED_EDGE ( 'NONE', *, *, #519, .F. ) ;
#6599 = DIRECTION ( 'NONE',  ( -0.000000000000000000, -0.000000000000000000, -1.000000000000000000 ) ) ;
#6600 = AXIS2_PLACEMENT_3D ( 'NONE', #1146, #7528, #5054 ) ;
#6601 = CARTESIAN_POINT ( 'NONE',  ( 74.01841523825177660, 441.4216607543465329, 25.60660171779826300 ) ) ;
#6602 = DIRECTION ( 'NONE',  ( 0.000000000000000000, -0.000000000000000000, -1.000000000000000000 ) ) ;
#6603 = CIRCLE ( 'NONE', #2014, 5.000000000000007994 ) ;
#6604 = LINE ( 'NONE', #808, #3371 ) ;
#6605 = EDGE_CURVE ( 'NONE', #1400, #5799, #3880, .T. ) ;
#6606 = VERTEX_POINT ( 'NONE', #7757 ) ;
#6607 = AXIS2_PLACEMENT_3D ( 'NONE', #7179, #1393, #3963 ) ;
#6608 = VECTOR ( 'NONE', #7758, 1000.000000000000000 ) ;
#6609 = CARTESIAN_POINT ( 'NONE',  ( 85.34987383671719385, 326.8538319979480775, -23.64097669718289296 ) ) ;
#6610 = CARTESIAN_POINT ( 'NONE',  ( -98.83438091582119966, 347.5457982217334347, 30.00000000000000000 ) ) ;
#6611 = VERTEX_POINT ( 'NONE', #2550 ) ;
#6612 = CARTESIAN_POINT ( 'NONE',  ( -290.9999999983658086, 204.1311561622549107, 30.00000000000000000 ) ) ;
#6613 = CARTESIAN_POINT ( 'NONE',  ( 86.69303215818376884, 311.6210895316727942, -15.99998941880028447 ) ) ;
#6614 = CARTESIAN_POINT ( 'NONE',  ( -76.63179723871559190, 445.8553033208110037, 16.35971874318196839 ) ) ;
#6615 = CIRCLE ( 'NONE', #5388, 3.000000000000002665 ) ;
#6616 = CYLINDRICAL_SURFACE ( 'NONE', #5376, 5.000000000000000888 ) ;
#6617 = CARTESIAN_POINT ( 'NONE',  ( 83.65344563923014221, 345.4122569063990795, -27.50000000000002487 ) ) ;
#6618 = ORIENTED_EDGE ( 'NONE', *, *, #5246, .T. ) ;
#6619 = VERTEX_POINT ( 'NONE', #7621 ) ;
#6620 = VECTOR ( 'NONE', #5257, 1000.000000000000000 ) ;
#6621 = DIRECTION ( 'NONE',  ( -0.000000000000000000, 0.000000000000000000, 1.000000000000000000 ) ) ;
#6622 = CARTESIAN_POINT ( 'NONE',  ( 0.000000000000000000, 377.7200000000000273, -49.00000000000000000 ) ) ;
#6623 = EDGE_LOOP ( 'NONE', ( #6911, #3412, #3491, #2911 ) ) ;
#6624 = CARTESIAN_POINT ( 'NONE',  ( 111.9999999999925535, 204.1299999999999670, 30.00000000000000000 ) ) ;
#6625 = ADVANCED_FACE ( 'NONE', ( #6390 ), #4545, .T. ) ;
#6626 = CARTESIAN_POINT ( 'NONE',  ( 117.0000000000000000, 0.000000000000000000, -24.99999999999999289 ) ) ;
#6627 = CIRCLE ( 'NONE', #5805, 5.000000000000000888 ) ;
#6628 = CARTESIAN_POINT ( 'NONE',  ( -76.12829888279345880, 439.3433066579996762, -21.46446609407791328 ) ) ;
#6629 = AXIS2_PLACEMENT_3D ( 'NONE', #7965, #6771, #297 ) ;
#6630 = B_SPLINE_CURVE_WITH_KNOTS ( 'NONE', 3,
 ( #5301, #5982, #7087, #5177 ),
 .UNSPECIFIED., .F., .F.,
 ( 4, 4 ),
 ( 6.206335383118182794E-17, 0.005734253736841847006 ),
 .UNSPECIFIED. ) ;
#6631 = ORIENTED_EDGE ( 'NONE', *, *, #4562, .T. ) ;
#6632 = DIRECTION ( 'NONE',  ( 1.000000000000000000, 0.000000000000000000, 0.000000000000000000 ) ) ;
#6633 = CIRCLE ( 'NONE', #2989, 397.0000000000002274 ) ;
#6634 = EDGE_LOOP ( 'NONE', ( #49, #4045, #4221, #7942 ) ) ;
#6635 = CARTESIAN_POINT ( 'NONE',  ( -75.33974596215563224, 429.3405386945347573, 30.00000000000001421 ) ) ;
#6636 = EDGE_CURVE ( 'NONE', #1137, #37, #492, .T. ) ;
#6637 = LINE ( 'NONE', #2755, #3467 ) ;
#6638 = DIRECTION ( 'NONE',  ( -1.000000000000000000, 0.000000000000000000, 0.000000000000000000 ) ) ;
#6639 = FACE_OUTER_BOUND ( 'NONE', #1699, .T. ) ;
#6640 = ORIENTED_EDGE ( 'NONE', *, *, #895, .F. ) ;
#6641 = DIRECTION ( 'NONE',  ( 0.000000000000000000, 0.6239876012532952210, -0.7814342413038722901 ) ) ;
#6642 = VECTOR ( 'NONE', #4669, 1000.000000000000000 ) ;
#6643 = CIRCLE ( 'NONE', #4469, 5.000000000000000888 ) ;
#6644 = EDGE_CURVE ( 'NONE', #4062, #5120, #3860, .T. ) ;
#6645 = EDGE_LOOP ( 'NONE', ( #5806, #433, #3057, #2026 ) ) ;
#6646 = CARTESIAN_POINT ( 'NONE',  ( -103.9999999999617444, 204.1300108711996018, 24.99999999999999645 ) ) ;
#6647 = LINE ( 'NONE', #7322, #2610 ) ;
#6648 = CARTESIAN_POINT ( 'NONE',  ( -117.0000000000000000, 0.000000000000000000, 30.00000000000000000 ) ) ;
#6649 = DIRECTION ( 'NONE',  ( 0.000000000000000000, -0.000000000000000000, -1.000000000000000000 ) ) ;
#6650 = AXIS2_PLACEMENT_3D ( 'NONE', #3608, #909, #7380 ) ;
#6651 = VECTOR ( 'NONE', #3031, 1000.000000000000000 ) ;
#6652 = ORIENTED_EDGE ( 'NONE', *, *, #3120, .T. ) ;
#6653 = CARTESIAN_POINT ( 'NONE',  ( 83.39629223314693718, 338.0926964915545909, -25.19286692146034667 ) ) ;
#6654 = CARTESIAN_POINT ( 'NONE',  ( 75.33974596215564645, 429.3405386945350415, -25.00000000000000000 ) ) ;
#6655 = ORIENTED_EDGE ( 'NONE', *, *, #7377, .T. ) ;
#6656 = DIRECTION ( 'NONE',  ( 0.000000000000000000, 1.000000000000000000, 0.000000000000000000 ) ) ;
#6657 = DIRECTION ( 'NONE',  ( 0.000000000000000000, -0.000000000000000000, -1.000000000000000000 ) ) ;
#6658 = CARTESIAN_POINT ( 'NONE',  ( -82.74487088751814667, 341.5060199644877912, -25.00000000000000355 ) ) ;
#6659 =( BOUNDED_SURFACE ( )  B_SPLINE_SURFACE ( 3, 2, ( 
 ( #4030, #1586, #2774 ),
 ( #5374, #3878, #4155 ),
 ( #7245, #6735, #1460 ),
 ( #940, #3248, #6095 ),
 ( #2852, #179, #1934 ),
 ( #4072, #218, #4779 ),
 ( #1549, #5295, #816 ),
 ( #7927, #7969, #5973 ),
 ( #5455, #1508, #7093 ),
 ( #5415, #7335, #3441 ),
 ( #6449, #3522, #4504 ),
 ( #865, #6658, #302 ) ),
 .UNSPECIFIED., .F., .F., .F. ) 
 B_SPLINE_SURFACE_WITH_KNOTS ( ( 4, 2, 2, 2, 2, 4 ),
 ( 3, 3 ),
 ( 0.09570273107290031001, 0.1001563030786890990, 0.1023830890815835004, 0.1046098750844778880, 0.1090634470902666631, 0.1135170190960554520 ),
 ( 0.000000000000000000, 1.000000000000000000 ),
 .UNSPECIFIED. ) 
 GEOMETRIC_REPRESENTATION_ITEM ( )  RATIONAL_B_SPLINE_SURFACE ( (
 ( 1.000000000000000000, 0.9097484390951023903, 1.000000000000000000),
 ( 1.000000000000000000, 0.9112206368552764335, 1.000000000000000000),
 ( 1.000000000000000000, 0.9121934402778829609, 1.000000000000000000),
 ( 1.000000000000000000, 0.9121055000465503326, 1.000000000000000000),
 ( 1.000000000000000000, 0.9118132409293325802, 1.000000000000000000),
 ( 1.000000000000000000, 0.9105499683187124882, 1.000000000000000000),
 ( 1.000000000000000000, 0.9095788170567478126, 1.000000000000000000),
 ( 1.000000000000000000, 0.9054029724372867349, 1.000000000000000000),
 ( 1.000000000000000000, 0.9009394771108664157, 1.000000000000000000),
 ( 1.000000000000000000, 0.8872762142551661180, 1.000000000000000000),
 ( 1.000000000000000000, 0.8780123879489381000, 1.000000000000000000),
 ( 1.000000000000000000, 0.8660254037844389297, 1.000000000000000000) ) ) 
 REPRESENTATION_ITEM ( '' )  SURFACE ( )  );
#6660 = CARTESIAN_POINT ( 'NONE',  ( -79.00000000000000000, 450.1611994096872991, 17.70304050341413316 ) ) ;
#6661 = CARTESIAN_POINT ( 'NONE',  ( -79.00000000000001421, 442.1664864017407126, 25.00000000000737188 ) ) ;
#6662 = ORIENTED_EDGE ( 'NONE', *, *, #5978, .F. ) ;
#6663 = CARTESIAN_POINT ( 'NONE',  ( 96.99999999999945999, -9.853209027653318352E-14, 30.00000000000000000 ) ) ;
#6664 = DIRECTION ( 'NONE',  ( 1.000000000000000000, 0.000000000000000000, 0.000000000000000000 ) ) ;
#6665 = ORIENTED_EDGE ( 'NONE', *, *, #2758, .T. ) ;
#6666 = DIRECTION ( 'NONE',  ( 0.1391731009600689628, -0.9902680687415698069, 0.000000000000000000 ) ) ;
#6667 = DIRECTION ( 'NONE',  ( -0.000000000000000000, -0.000000000000000000, -1.000000000000000000 ) ) ;
#6668 =( GEOMETRIC_REPRESENTATION_CONTEXT ( 3 ) GLOBAL_UNCERTAINTY_ASSIGNED_CONTEXT ( ( #3749 ) ) GLOBAL_UNIT_ASSIGNED_CONTEXT ( ( #8218, #1158, #596 ) ) REPRESENTATION_CONTEXT ( 'NONE', 'WORKASPACE' ) );
#6669 = CARTESIAN_POINT ( 'NONE',  ( 95.86357670959664290, 347.1282789188523452, 27.99999999999999645 ) ) ;
#6670 = ORIENTED_EDGE ( 'NONE', *, *, #1104, .T. ) ;
#6671 = CARTESIAN_POINT ( 'NONE',  ( -87.14584108898679915, 315.7493360551338810, 21.46446609406723738 ) ) ;
#6672 = ORIENTED_EDGE ( 'NONE', *, *, #2336, .F. ) ;
#6673 = CARTESIAN_POINT ( 'NONE',  ( 79.66987298107781612, 402.3800000000000523, 27.50000000000002132 ) ) ;
#6674 = FACE_OUTER_BOUND ( 'NONE', #1120, .T. ) ;
#6675 = DIRECTION ( 'NONE',  ( 0.000000000000000000, 1.000000000000000000, -0.000000000000000000 ) ) ;
#6676 = CARTESIAN_POINT ( 'NONE',  ( 108.0774164454513482, 260.2222934685145219, -30.00000000000000000 ) ) ;
#6677 = EDGE_CURVE ( 'NONE', #1624, #2062, #5223, .T. ) ;
#6678 = EDGE_CURVE ( 'NONE', #8154, #2902, #1593, .T. ) ;
#6679 = ORIENTED_EDGE ( 'NONE', *, *, #336, .F. ) ;
#6680 = FACE_BOUND ( 'NONE', #2647, .T. ) ;
#6681 = ORIENTED_EDGE ( 'NONE', *, *, #360, .F. ) ;
#6682 = CARTESIAN_POINT ( 'NONE',  ( 108.0774164454513482, 260.2222934685145219, 30.00000000000000000 ) ) ;
#6683 = CARTESIAN_POINT ( 'NONE',  ( -79.00000000000000000, 451.1814702566184678, -15.88205858930957781 ) ) ;
#6684 = FACE_OUTER_BOUND ( 'NONE', #5763, .T. ) ;
#6685 = CARTESIAN_POINT ( 'NONE',  ( -88.27822797942758370, 305.7617627650387817, -11.15795892129546019 ) ) ;
#6686 = EDGE_CURVE ( 'NONE', #984, #7974, #7524, .T. ) ;
#6687 = VERTEX_POINT ( 'NONE', #8301 ) ;
#6688 = CARTESIAN_POINT ( 'NONE',  ( 91.99999999999985789, 402.3800000000000523, -24.99999999999999645 ) ) ;
#6689 = FACE_OUTER_BOUND ( 'NONE', #5546, .T. ) ;
#6690 = ORIENTED_EDGE ( 'NONE', *, *, #8235, .T. ) ;
#6691 = CARTESIAN_POINT ( 'NONE',  ( -79.00000000000000000, 445.1384320574969706, 22.63657428082073508 ) ) ;
#6692 = DIRECTION ( 'NONE',  ( -0.000000000000000000, 0.000000000000000000, 1.000000000000000000 ) ) ;
#6693 = DIRECTION ( 'NONE',  ( 0.000000000000000000, 0.000000000000000000, 1.000000000000000000 ) ) ;
#6694 = CARTESIAN_POINT ( 'NONE',  ( -79.00000000000000000, 452.2987785546927739, 11.90331659183611990 ) ) ;
#6695 = CARTESIAN_POINT ( 'NONE',  ( 0.000000000000000000, 538.9999999999998863, 27.99999999999999645 ) ) ;
#6696 = ORIENTED_EDGE ( 'NONE', *, *, #2936, .F. ) ;
#6697 = CARTESIAN_POINT ( 'NONE',  ( -83.81792947602079380, 303.5021749131269075, 10.85786437626894774 ) ) ;
#6698 = CARTESIAN_POINT ( 'NONE',  ( 85.91496060409235724, 324.5736652630487811, -25.30330085889910663 ) ) ;
#6699 = CARTESIAN_POINT ( 'NONE',  ( 489.0000000000001137, 402.3800000000000523, 24.99999999999999645 ) ) ;
#6700 = ORIENTED_EDGE ( 'NONE', *, *, #4977, .T. ) ;
#6701 = CARTESIAN_POINT ( 'NONE',  ( 87.53253739441764480, 308.5653631197346272, 14.39453294332841082 ) ) ;
#6702 = CARTESIAN_POINT ( 'NONE',  ( 35.00000000000000000, 389.7200000000000273, -37.00000000000000711 ) ) ;
#6703 = ADVANCED_FACE ( 'NONE', ( #3273 ), #5837, .F. ) ;
#6704 = CIRCLE ( 'NONE', #3463, 5.000000000000000888 ) ;
#6705 = FACE_OUTER_BOUND ( 'NONE', #2087, .T. ) ;
#6706 = EDGE_CURVE ( 'NONE', #8303, #4861, #4149, .T. ) ;
#6707 = VERTEX_POINT ( 'NONE', #5657 ) ;
#6708 = AXIS2_PLACEMENT_3D ( 'NONE', #7908, #3422, #2154 ) ;
#6709 = CARTESIAN_POINT ( 'NONE',  ( -76.13679048190995502, 438.5910271985755458, 22.07106781186551814 ) ) ;
#6710 = VERTEX_POINT ( 'NONE', #8258 ) ;
#6711 = DIRECTION ( 'NONE',  ( 0.000000000000000000, 1.000000000000000000, 0.000000000000000000 ) ) ;
#6712 = EDGE_CURVE ( 'NONE', #5809, #4948, #2680, .T. ) ;
#6713 = FACE_OUTER_BOUND ( 'NONE', #6634, .T. ) ;
#6714 = DIRECTION ( 'NONE',  ( -1.000000000000000000, 0.000000000000000000, 0.000000000000000000 ) ) ;
#6715 = AXIS2_PLACEMENT_3D ( 'NONE', #6521, #727, #2467 ) ;
#6716 = ORIENTED_EDGE ( 'NONE', *, *, #160, .T. ) ;
#6717 = CARTESIAN_POINT ( 'NONE',  ( -290.9999999983658086, 204.1311561622549107, 30.00000000000000000 ) ) ;
#6718 = VECTOR ( 'NONE', #1618, 1000.000000000000000 ) ;
#6719 = ORIENTED_EDGE ( 'NONE', *, *, #750, .T. ) ;
#6720 = CYLINDRICAL_SURFACE ( 'NONE', #2523, 5.000000000000007994 ) ;
#6721 = EDGE_CURVE ( 'NONE', #5141, #2390, #6031, .T. ) ;
#6722 = EDGE_CURVE ( 'NONE', #1271, #286, #7200, .T. ) ;
#6723 = CARTESIAN_POINT ( 'NONE',  ( -76.71664098594069969, 446.2370059867974987, -15.97376079236892465 ) ) ;
#6724 = CYLINDRICAL_SURFACE ( 'NONE', #93, 6.999999999999988454 ) ;
#6725 = CARTESIAN_POINT ( 'NONE',  ( -86.69328338770901610, 311.6201929292489012, -15.99960871713492594 ) ) ;
#6726 = CIRCLE ( 'NONE', #4825, 392.0000000000002274 ) ;
#6727 = EDGE_LOOP ( 'NONE', ( #8156, #4510, #321, #223, #7281 ) ) ;
#6728 = CARTESIAN_POINT ( 'NONE',  ( 79.88621320722880625, 341.1042618279727776, -25.00000000000000000 ) ) ;
#6729 = DIRECTION ( 'NONE',  ( -0.000000000000000000, 0.000000000000000000, 1.000000000000000000 ) ) ;
#6730 = CIRCLE ( 'NONE', #3361, 122.9289321881345529 ) ;
#6731 = EDGE_LOOP ( 'NONE', ( #4793, #5610, #2210, #7272 ) ) ;
#6732 = CARTESIAN_POINT ( 'NONE',  ( 76.19132307818750860, 443.8574745705745954, 17.92893218813437883 ) ) ;
#6733 = DIRECTION ( 'NONE',  ( 0.000000000000000000, -0.6239876012537168837, -0.7814342413035354484 ) ) ;
#6734 = ADVANCED_FACE ( 'NONE', ( #1450, #1574 ), #5321, .T. ) ;
#6735 = CARTESIAN_POINT ( 'NONE',  ( -85.09534728752791466, 328.1191338813299012, -23.97253161169265212 ) ) ;
#6736 = CARTESIAN_POINT ( 'NONE',  ( -79.00000000000000000, 451.6028372409509188, 14.95428931315533916 ) ) ;
#6737 = TOROIDAL_SURFACE ( 'NONE', #6056, 403.0000000000167688, 5.000000000000000000 ) ;
#6738 = FACE_OUTER_BOUND ( 'NONE', #2620, .T. ) ;
#6739 = ORIENTED_EDGE ( 'NONE', *, *, #895, .T. ) ;
#6740 = CIRCLE ( 'NONE', #5924, 15.00000000000000000 ) ;
#6741 = DIRECTION ( 'NONE',  ( 0.1391731009600658819, 0.9902680687415702510, -0.000000000000000000 ) ) ;
#6742 = CARTESIAN_POINT ( 'NONE',  ( -75.33974596215561803, 0.000000000000000000, 30.00000000000000355 ) ) ;
#6743 = CARTESIAN_POINT ( 'NONE',  ( 97.18447063532408947, 258.6913683945444404, 24.99999999999999645 ) ) ;
#6744 = EDGE_LOOP ( 'NONE', ( #4054, #7400, #8009, #5707, #4270, #227, #1275, #7716 ) ) ;
#6745 = DIRECTION ( 'NONE',  ( 0.000000000000000000, 0.000000000000000000, 1.000000000000000000 ) ) ;
#6746 = DIRECTION ( 'NONE',  ( -0.000000000000000000, -0.000000000000000000, -1.000000000000000000 ) ) ;
#6747 = ADVANCED_FACE ( 'NONE', ( #5406 ), #6724, .F. ) ;
#6748 = CARTESIAN_POINT ( 'NONE',  ( 87.14584108898681336, 315.7493360551336536, -21.46446609406723738 ) ) ;
#6749 = CARTESIAN_POINT ( 'NONE',  ( -111.9999999999999858, 0.000000000000000000, -24.99999999999999645 ) ) ;
#6750 = AXIS2_PLACEMENT_3D ( 'NONE', #1909, #4936, #1827 ) ;
#6751 = ORIENTED_EDGE ( 'NONE', *, *, #6572, .T. ) ;
#6752 = DIRECTION ( 'NONE',  ( 9.251858538542961967E-16, -1.000000000000000000, 0.000000000000000000 ) ) ;
#6753 = ORIENTED_EDGE ( 'NONE', *, *, #2336, .T. ) ;
#6754 = EDGE_CURVE ( 'NONE', #4152, #6562, #6438, .T. ) ;
#6755 = DIRECTION ( 'NONE',  ( 0.000000000000000000, 0.000000000000000000, 1.000000000000000000 ) ) ;
#6756 = AXIS2_PLACEMENT_3D ( 'NONE', #7978, #1035, #5503 ) ;
#6757 = CARTESIAN_POINT ( 'NONE',  ( 79.00000000000000000, 450.1611994096859917, 17.70304050342408075 ) ) ;
#6758 = CARTESIAN_POINT ( 'NONE',  ( 115.0000000016510029, 204.1311561622549107, 24.99999999999999645 ) ) ;
#6759 = AXIS2_PLACEMENT_3D ( 'NONE', #8191, #1893, #525 ) ;
#6760 = ORIENTED_EDGE ( 'NONE', *, *, #966, .T. ) ;
#6761 = CARTESIAN_POINT ( 'NONE',  ( 87.94143215966421678, 346.0148941111713157, -30.00000000000000000 ) ) ;
#6762 = ORIENTED_EDGE ( 'NONE', *, *, #7253, .F. ) ;
#6763 = CARTESIAN_POINT ( 'NONE',  ( 125.3494233923986911, 17.61671259297390080, -30.00000000000000355 ) ) ;
#6764 = CARTESIAN_POINT ( 'NONE',  ( -78.99999999999275246, 447.4089219460701088, -16.87614465153313859 ) ) ;
#6765 = AXIS2_PLACEMENT_3D ( 'NONE', #2913, #5557, #4292 ) ;
#6766 = CARTESIAN_POINT ( 'NONE',  ( 8.673617379884035472E-16, 261.0399999999990541, -17.92893218813447476 ) ) ;
#6767 = CARTESIAN_POINT ( 'NONE',  ( -87.12306408208814901, 310.0664145131018472, -15.24395941000877741 ) ) ;
#6768 = ORIENTED_EDGE ( 'NONE', *, *, #7488, .T. ) ;
#6769 = EDGE_CURVE ( 'NONE', #4757, #6101, #1180, .T. ) ;
#6770 = DIRECTION ( 'NONE',  ( -1.000000000000000000, -1.850371707708592551E-14, 2.312964634635740689E-15 ) ) ;
#6771 = DIRECTION ( 'NONE',  ( 0.1391731009603991709, 0.9902680687415233995, -3.363923333369033542E-13 ) ) ;
#6772 = ORIENTED_EDGE ( 'NONE', *, *, #161, .F. ) ;
#6773 = CARTESIAN_POINT ( 'NONE',  ( 117.0000000016510455, 509.0000000000001137, 0.000000000000000000 ) ) ;
#6774 = CARTESIAN_POINT ( 'NONE',  ( -92.00000000000000000, 538.9999999999998863, 24.99999999999999645 ) ) ;
#6775 = CARTESIAN_POINT ( 'NONE',  ( 83.81555049217990927, 325.6439236863170663, 21.86339958471765499 ) ) ;
#6776 = CARTESIAN_POINT ( 'NONE',  ( 0.000000000000000000, 540.3271830624646554, 15.00000000000000178 ) ) ;
#6777 = AXIS2_PLACEMENT_3D ( 'NONE', #1162, #434, #6307 ) ;
#6778 = AXIS2_PLACEMENT_3D ( 'NONE', #3849, #2537, #7743 ) ;
#6779 = CARTESIAN_POINT ( 'NONE',  ( 87.94143215966431626, 346.0148941111712588, 24.99999999999999645 ) ) ;
#6780 = ORIENTED_EDGE ( 'NONE', *, *, #6410, .F. ) ;
#6781 = EDGE_CURVE ( 'NONE', #2259, #1453, #2802, .T. ) ;
#6783 = ADVANCED_FACE ( 'NONE', ( #4650 ), #7880, .T. ) ;
#6782 = CARTESIAN_POINT ( 'NONE',  ( -76.16981787326291453, 442.3474182790578197, -19.10063503846322419 ) ) ;
#6784 = CARTESIAN_POINT ( 'NONE',  ( 84.87073137084756524, 335.9448121594418240, -27.29668866798954951 ) ) ;
#6785 = CIRCLE ( 'NONE', #4477, 5.000000000000000888 ) ;
#6786 = CARTESIAN_POINT ( 'NONE',  ( -77.15834316635184109, 448.2095669668983078, -12.68872368762407454 ) ) ;
#6787 = VERTEX_POINT ( 'NONE', #5919 ) ;
#6788 = CARTESIAN_POINT ( 'NONE',  ( 79.00000000000000000, 538.9999999999998863, 24.99999999999999645 ) ) ;
#6789 = LINE ( 'NONE', #3533, #6084 ) ;
#6790 = DIRECTION ( 'NONE',  ( -0.1391731009596220703, -0.9902680687416326455, 0.000000000000000000 ) ) ;
#6791 = LINE ( 'NONE', #6828, #3354 ) ;
#6792 = AXIS2_PLACEMENT_3D ( 'NONE', #1015, #2410, #5563 ) ;
#6794 = EDGE_CURVE ( 'NONE', #5075, #3752, #2618, .T. ) ;
#6793 = ORIENTED_EDGE ( 'NONE', *, *, #4852, .F. ) ;
#6795 = CARTESIAN_POINT ( 'NONE',  ( -84.87072297464348480, 335.9448923813757233, -27.29669403033166120 ) ) ;
#6796 = ORIENTED_EDGE ( 'NONE', *, *, #5220, .T. ) ;
#6797 = VECTOR ( 'NONE', #2492, 1000.000000000000000 ) ;
#6798 = CARTESIAN_POINT ( 'NONE',  ( -75.33974596215561803, 402.3799999999999955, -25.00000000000000000 ) ) ;
#6799 = CARTESIAN_POINT ( 'NONE',  ( 79.00000000000001421, 449.9699847847894603, 11.69129586437508728 ) ) ;
#6800 = CARTESIAN_POINT ( 'NONE',  ( -92.00000000000000000, 538.9999999999998863, 30.00000000000000000 ) ) ;
#6801 = VERTEX_POINT ( 'NONE', #207 ) ;
#6802 = CARTESIAN_POINT ( 'NONE',  ( 83.76585374409971507, 326.0466849473708066, 22.07106781186553590 ) ) ;
#6803 = ORIENTED_EDGE ( 'NONE', *, *, #1465, .F. ) ;
#6804 = CARTESIAN_POINT ( 'NONE',  ( -88.07110225860918717, 309.1657607434835882, 17.88243197725384448 ) ) ;
#6805 = CARTESIAN_POINT ( 'NONE',  ( -77.21739130434782794, 448.4714566206622521, -10.85786437626900458 ) ) ;
#6806 = CARTESIAN_POINT ( 'NONE',  ( 84.00000000000000000, 538.9999999999998863, -24.99999999999999645 ) ) ;
#6807 = EDGE_CURVE ( 'NONE', #5504, #477, #366, .T. ) ;
#6808 = LINE ( 'NONE', #2844, #3639 ) ;
#6809 = ORIENTED_EDGE ( 'NONE', *, *, #3378, .F. ) ;
#6810 = CARTESIAN_POINT ( 'NONE',  ( -111.0482160718710389, 260.6398453591721136, 24.99999999999999645 ) ) ;
#6811 = DIRECTION ( 'NONE',  ( 0.000000000000000000, 0.000000000000000000, 1.000000000000000000 ) ) ;
#6812 = ORIENTED_EDGE ( 'NONE', *, *, #5436, .F. ) ;
#6813 = DIRECTION ( 'NONE',  ( 9.251858538542971828E-16, -1.000000000000000000, 0.000000000000000000 ) ) ;
#6814 = FACE_OUTER_BOUND ( 'NONE', #4966, .T. ) ;
#6815 = LINE ( 'NONE', #7500, #5756 ) ;
#6816 = DIRECTION ( 'NONE',  ( -1.000000000000000000, -1.023284752087778828E-15, -0.000000000000000000 ) ) ;
#6817 = FACE_BOUND ( 'NONE', #6432, .T. ) ;
#6818 = VERTEX_POINT ( 'NONE', #7363 ) ;
#6819 = DIRECTION ( 'NONE',  ( -1.000000000000000000, 0.000000000000000000, 0.000000000000000000 ) ) ;
#6820 = FACE_OUTER_BOUND ( 'NONE', #4905, .T. ) ;
#6821 = CARTESIAN_POINT ( 'NONE',  ( -76.79977828557612440, 446.6101655572686013, -15.55330991849715794 ) ) ;
#6822 = ORIENTED_EDGE ( 'NONE', *, *, #6480, .T. ) ;
#6823 = CARTESIAN_POINT ( 'NONE',  ( 100.1552701557798741, 259.1089210392214568, 24.99999999999999645 ) ) ;
#6824 = PLANE ( 'NONE',  #2858 ) ;
#6825 = CARTESIAN_POINT ( 'NONE',  ( 117.0000000016515855, 389.7200000000000273, -30.00000000000001776 ) ) ;
#6826 = EDGE_CURVE ( 'NONE', #1466, #1021, #5082, .T. ) ;
#6827 = EDGE_CURVE ( 'NONE', #4207, #2131, #2535, .T. ) ;
#6828 = CARTESIAN_POINT ( 'NONE',  ( -88.76926981972894737, 304.1980404179250286, 30.00000000000000000 ) ) ;
#6829 = CIRCLE ( 'NONE', #3189, 391.9999999999878924 ) ;
#6830 = ORIENTED_EDGE ( 'NONE', *, *, #5489, .F. ) ;
#6831 = DIRECTION ( 'NONE',  ( -2.220446049241091297E-14, -1.000000000000000000, -0.000000000000000000 ) ) ;
#6832 = AXIS2_PLACEMENT_3D ( 'NONE', #3046, #5145, #3805 ) ;
#6833 = ORIENTED_EDGE ( 'NONE', *, *, #6014, .F. ) ;
#6834 = FACE_OUTER_BOUND ( 'NONE', #1569, .T. ) ;
#6835 = CARTESIAN_POINT ( 'NONE',  ( 76.47122099035743759, 445.1309668556765473, 17.02894841480730648 ) ) ;
#6836 = ADVANCED_FACE ( 'NONE', ( #7959 ), #7260, .F. ) ;
#6837 = ADVANCED_FACE ( 'NONE', ( #6684 ), #892, .F. ) ;
#6838 = CARTESIAN_POINT ( 'NONE',  ( 103.9999999999947136, 204.1300108711995733, -24.99999999999999645 ) ) ;
#6839 = CIRCLE ( 'NONE', #1715, 5.000000000000000888 ) ;
#6840 = ORIENTED_EDGE ( 'NONE', *, *, #8357, .F. ) ;
#6841 = CARTESIAN_POINT ( 'NONE',  ( 82.54526474225313848, 330.9545505430531307, 23.70749368570752935 ) ) ;
#6842 = ORIENTED_EDGE ( 'NONE', *, *, #4600, .T. ) ;
#6843 = CIRCLE ( 'NONE', #1854, 4.999999999999999112 ) ;
#6844 = CARTESIAN_POINT ( 'NONE',  ( -88.28265967015049398, 307.6604515428453510, 15.03226854692832148 ) ) ;
#6845 = CARTESIAN_POINT ( 'NONE',  ( 87.39528871668622401, 309.0712574455222921, -14.70375495048555514 ) ) ;
#6846 = EDGE_CURVE ( 'NONE', #7771, #7594, #7235, .T. ) ;
#6847 = CARTESIAN_POINT ( 'NONE',  ( 87.82883210115494421, 310.8896024864763490, -19.00165422841972784 ) ) ;
#6848 =( BOUNDED_SURFACE ( )  B_SPLINE_SURFACE ( 3, 2, ( 
 ( #7433, #919, #4288 ),
 ( #4173, #4883, #8066 ),
 ( #320, #1685, #5555 ),
 ( #6873, #1084, #1845 ) ),
 .UNSPECIFIED., .F., .F., .T. ) 
 B_SPLINE_SURFACE_WITH_KNOTS ( ( 4, 4 ),
 ( 3, 3 ),
 ( 0.05398186449260432285, 0.05493491505985958340 ),
 ( 0.000000000000000000, 1.000000000000000000 ),
 .UNSPECIFIED. ) 
 GEOMETRIC_REPRESENTATION_ITEM ( )  RATIONAL_B_SPLINE_SURFACE ( (
 ( 1.000000000000000000, 0.8442925371458602779, 1.000000000000000000),
 ( 1.000000000000000000, 0.8482847834469642301, 1.000000000000000000),
 ( 1.000000000000000000, 0.8522178679128655787, 1.000000000000000000),
 ( 1.000000000000000000, 0.8560923022222640677, 1.000000000000000000) ) ) 
 REPRESENTATION_ITEM ( '' )  SURFACE ( )  );
#6849 = LINE ( 'NONE', #1822, #1481 ) ;
#6850 = ORIENTED_EDGE ( 'NONE', *, *, #7552, .T. ) ;
#6851 = CARTESIAN_POINT ( 'NONE',  ( -83.93619253030963989, 324.8289773764568622, 21.46446609406721251 ) ) ;
#6852 = CARTESIAN_POINT ( 'NONE',  ( -88.17655282979065134, 308.4154409421196874, -15.59671130351076762 ) ) ;
#6853 = ORIENTED_EDGE ( 'NONE', *, *, #57, .T. ) ;
#6854 = CARTESIAN_POINT ( 'NONE',  ( -100.1552779655830818, 259.1088654695843729, 24.99999999999999645 ) ) ;
#6855 = EDGE_CURVE ( 'NONE', #477, #791, #1784, .T. ) ;
#6856 = CARTESIAN_POINT ( 'NONE',  ( 88.53476708403061934, 305.8666140833345821, 14.92131987174616725 ) ) ;
#6857 = CARTESIAN_POINT ( 'NONE',  ( 78.99999999999998579, 451.6028372400079434, 14.95428931272803652 ) ) ;
#6858 = AXIS2_PLACEMENT_3D ( 'NONE', #2836, #4052, #3423 ) ;
#6859 = CARTESIAN_POINT ( 'NONE',  ( -78.72735929833943658, 438.8032591492352026, 23.32315952013354377 ) ) ;
#6860 = ORIENTED_EDGE ( 'NONE', *, *, #5853, .T. ) ;
#6861 = CARTESIAN_POINT ( 'NONE',  ( 87.14584108898678494, 315.7493360551338810, 21.46446609406722672 ) ) ;
#6862 = CIRCLE ( 'NONE', #4690, 3.000000000000006217 ) ;
#6863 = CARTESIAN_POINT ( 'NONE',  ( -290.9999999983658086, 204.1311561622549107, -30.00000000000000000 ) ) ;
#6864 = ORIENTED_EDGE ( 'NONE', *, *, #8085, .T. ) ;
#6865 = FACE_OUTER_BOUND ( 'NONE', #8244, .T. ) ;
#6866 = ORIENTED_EDGE ( 'NONE', *, *, #7973, .T. ) ;
#6867 = CARTESIAN_POINT ( 'NONE',  ( 83.93619253030969674, 324.8289773764566348, -21.46446609406728712 ) ) ;
#6868 = CARTESIAN_POINT ( 'NONE',  ( 79.66987298107781612, 430.3734441214345452, -27.49999999999999289 ) ) ;
#6869 = DIRECTION ( 'NONE',  ( 0.000000000000000000, -1.000000000000000000, 0.000000000000000000 ) ) ;
#6870 = FACE_OUTER_BOUND ( 'NONE', #1532, .T. ) ;
#6871 = AXIS2_PLACEMENT_3D ( 'NONE', #1386, #776, #7084 ) ;
#6872 = ORIENTED_EDGE ( 'NONE', *, *, #3892, .F. ) ;
#6873 = CARTESIAN_POINT ( 'NONE',  ( 76.13679048190854814, 438.5910271985748068, -22.07106781186551459 ) ) ;
#6874 = EDGE_CURVE ( 'NONE', #243, #6606, #4275, .T. ) ;
#6875 = CARTESIAN_POINT ( 'NONE',  ( -85.91496060409237145, 324.5736652630487242, -25.30330085889911729 ) ) ;
#6876 = ORIENTED_EDGE ( 'NONE', *, *, #8296, .F. ) ;
#6877 = DIRECTION ( 'NONE',  ( -0.000000000000000000, -0.000000000000000000, -1.000000000000000000 ) ) ;
#6878 = DIRECTION ( 'NONE',  ( 1.000000000000000000, 0.000000000000000000, 0.000000000000000000 ) ) ;
#6879 = CARTESIAN_POINT ( 'NONE',  ( -83.01225519756556537, 340.1528904813434906, 25.11917103763353154 ) ) ;
#6880 = CIRCLE ( 'NONE', #123, 4.999999999999993783 ) ;
#6881 = EDGE_LOOP ( 'NONE', ( #3926, #5743, #7616, #4888, #4652, #3167, #5654, #2905 ) ) ;
#6882 = CARTESIAN_POINT ( 'NONE',  ( 85.91496060409230040, 324.5736652630491790, 25.30330085889914926 ) ) ;
#6883 = ADVANCED_FACE ( 'NONE', ( #931 ), #1737, .T. ) ;
#6884 = AXIS2_PLACEMENT_3D ( 'NONE', #7424, #8019, #1638 ) ;
#6885 = ORIENTED_EDGE ( 'NONE', *, *, #7352, .F. ) ;
#6886 = CARTESIAN_POINT ( 'NONE',  ( -87.01750970147823239, 316.6624613242468627, 19.30763609674505332 ) ) ;
#6887 = CARTESIAN_POINT ( 'NONE',  ( 88.62327657761953503, 305.2368363125063979, -14.09889106039729612 ) ) ;
#6888 = CARTESIAN_POINT ( 'NONE',  ( -0.000000000000000000, 377.7200000000000273, -25.00000000000000000 ) ) ;
#6889 = DIRECTION ( 'NONE',  ( -0.000000000000000000, -0.000000000000000000, -1.000000000000000000 ) ) ;
#6890 = ORIENTED_EDGE ( 'NONE', *, *, #1958, .F. ) ;
#6891 = EDGE_CURVE ( 'NONE', #1810, #2873, #2375, .T. ) ;
#6892 = CARTESIAN_POINT ( 'NONE',  ( -489.0000000000001137, 402.3800000000000523, 24.99999999999999645 ) ) ;
#6893 = CIRCLE ( 'NONE', #3391, 6.999999999999985789 ) ;
#6894 = CIRCLE ( 'NONE', #3396, 15.00000000000001421 ) ;
#6895 = ORIENTED_EDGE ( 'NONE', *, *, #6722, .T. ) ;
#6896 = CARTESIAN_POINT ( 'NONE',  ( -79.66987298107781612, 0.000000000000000000, -27.50000000000000000 ) ) ;
#6897 = CARTESIAN_POINT ( 'NONE',  ( 88.23170108264041289, 305.9394368186062252, 11.76750084654574380 ) ) ;
#6898 = AXIS2_PLACEMENT_3D ( 'NONE', #4040, #1432, #62 ) ;
#6899 = AXIS2_PLACEMENT_3D ( 'NONE', #4622, #6533, #4658 ) ;
#6900 = ORIENTED_EDGE ( 'NONE', *, *, #3470, .T. ) ;
#6901 = CARTESIAN_POINT ( 'NONE',  ( 79.47674148181720000, 434.7521960938630627, 27.13213485690738835 ) ) ;
#6902 = VERTEX_POINT ( 'NONE', #375 ) ;
#6903 = CARTESIAN_POINT ( 'NONE',  ( 76.65749068191217930, 445.9710259031492114, -16.24712442813583380 ) ) ;
#6904 = ORIENTED_EDGE ( 'NONE', *, *, #7090, .F. ) ;
#6905 = DIRECTION ( 'NONE',  ( 0.1391731009604045555, -0.9902680687415226224, 0.000000000000000000 ) ) ;
#6906 = LINE ( 'NONE', #5126, #5002 ) ;
#6907 = CIRCLE ( 'NONE', #24, 394.9999999999878924 ) ;
#6908 = CARTESIAN_POINT ( 'NONE',  ( 0.000000000000000000, 540.3271830624646554, 10.85786437626888201 ) ) ;
#6909 = CARTESIAN_POINT ( 'NONE',  ( 88.29883133615324198, 307.5453841602147804, 16.62905670461037388 ) ) ;
#6910 = AXIS2_PLACEMENT_3D ( 'NONE', #1165, #5667, #4362 ) ;
#6911 = ORIENTED_EDGE ( 'NONE', *, *, #8227, .F. ) ;
#6912 = DIRECTION ( 'NONE',  ( 0.000000000000000000, 0.000000000000000000, 1.000000000000000000 ) ) ;
#6913 = DIRECTION ( 'NONE',  ( 0.000000000000000000, -0.000000000000000000, -1.000000000000000000 ) ) ;
#6914 = ORIENTED_EDGE ( 'NONE', *, *, #7139, .F. ) ;
#6915 = CARTESIAN_POINT ( 'NONE',  ( -79.88621320722877783, 341.1042618279730050, 30.00000000000000355 ) ) ;
#6916 = DIRECTION ( 'NONE',  ( -1.000000000000000000, -0.000000000000000000, -0.000000000000000000 ) ) ;
#6917 = VECTOR ( 'NONE', #200, 1000.000000000000114 ) ;
#6918 = CARTESIAN_POINT ( 'NONE',  ( -79.00000000000000000, 452.2987785557373854, -10.85786437626900458 ) ) ;
#6919 =( BOUNDED_SURFACE ( )  B_SPLINE_SURFACE ( 3, 2, ( 
 ( #6320, #7004, #5137 ),
 ( #4370, #1134, #3038 ),
 ( #4459, #3199, #6237 ),
 ( #5597, #7049, #6957 ) ),
 .UNSPECIFIED., .F., .F., .F. ) 
 B_SPLINE_SURFACE_WITH_KNOTS ( ( 4, 4 ),
 ( 3, 3 ),
 ( 0.001371553582764698225, 0.009854670054012996602 ),
 ( 0.000000000000000000, 1.000000000000000000 ),
 .UNSPECIFIED. ) 
 GEOMETRIC_REPRESENTATION_ITEM ( )  RATIONAL_B_SPLINE_SURFACE ( (
 ( 1.000000000000000000, 0.8991790343835233124, 1.000000000000000000),
 ( 1.000000000000000000, 0.9012686981041521106, 1.000000000000000000),
 ( 1.000000000000000000, 0.9033289978428449274, 1.000000000000000000),
 ( 1.000000000000000000, 0.9053250720433930754, 1.000000000000000000) ) ) 
 REPRESENTATION_ITEM ( '' )  SURFACE ( )  );
#6920 = VERTEX_POINT ( 'NONE', #5607 ) ;
#6921 = ORIENTED_EDGE ( 'NONE', *, *, #5629, .T. ) ;
#6922 = DIRECTION ( 'NONE',  ( 0.1391731009604046665, 0.9902680687415226224, -0.000000000000000000 ) ) ;
#6923 = CIRCLE ( 'NONE', #3296, 5.000000000000000888 ) ;
#6924 = ORIENTED_EDGE ( 'NONE', *, *, #3387, .T. ) ;
#6925 = B_SPLINE_CURVE_WITH_KNOTS ( 'NONE', 3,
 ( #6135, #5615, #2976, #4273, #343, #6857, #1069, #1750, #2931, #8212, #4983, #4351, #3726, #7028 ),
 .UNSPECIFIED., .F., .F.,
 ( 4, 2, 2, 2, 2, 2, 4 ),
 ( 0.000000000000000000, 0.001558282390212147994, 0.003116564780424295987, 0.006233129560848640546, 0.007791411951060771626, 0.009349694341272904441, 0.01246625912169715966 ),
 .UNSPECIFIED. ) ;
#6926 = FACE_OUTER_BOUND ( 'NONE', #8216, .T. ) ;
#6927 = CARTESIAN_POINT ( 'NONE',  ( 87.36457599122934425, 314.1929563544883877, -18.49203648857433890 ) ) ;
#6928 = DIRECTION ( 'NONE',  ( -1.000000000000000000, 0.000000000000000000, -3.469446951953611231E-16 ) ) ;
#6929 = FACE_OUTER_BOUND ( 'NONE', #5467, .T. ) ;
#6930 = EDGE_CURVE ( 'NONE', #7078, #7793, #4942, .T. ) ;
#6931 = VECTOR ( 'NONE', #6059, 1000.000000000000000 ) ;
#6932 = EDGE_CURVE ( 'NONE', #1505, #8154, #3592, .T. ) ;
#6933 = ORIENTED_EDGE ( 'NONE', *, *, #6412, .T. ) ;
#6934 = CARTESIAN_POINT ( 'NONE',  ( 84.00000000000000000, 538.9999999999998863, -30.00000000000000000 ) ) ;
#6935 = EDGE_LOOP ( 'NONE', ( #5253, #1971, #6587, #8175 ) ) ;
#6936 = CARTESIAN_POINT ( 'NONE',  ( 78.86848041429503553, 439.4905264837725554, -22.98764549214253350 ) ) ;
#6937 = CARTESIAN_POINT ( 'NONE',  ( 85.49898474638908397, 315.8052513259247576, 17.56783563696178163 ) ) ;
#6938 = CARTESIAN_POINT ( 'NONE',  ( -83.76585374409977192, 326.0466849473704087, -22.07106781186546485 ) ) ;
#6939 = CARTESIAN_POINT ( 'NONE',  ( 290.9999999983658086, 204.1311561622549107, 24.99999999999999645 ) ) ;
#6940 = EDGE_CURVE ( 'NONE', #3215, #5709, #3636, .T. ) ;
#6941 = EDGE_CURVE ( 'NONE', #1801, #67, #2270, .T. ) ;
#6942 = ORIENTED_EDGE ( 'NONE', *, *, #4353, .T. ) ;
#6943 = CARTESIAN_POINT ( 'NONE',  ( 75.89787902296278332, 434.6586574663506894, 24.15314503632307463 ) ) ;
#6944 = VERTEX_POINT ( 'NONE', #4185 ) ;
#6945 = CARTESIAN_POINT ( 'NONE',  ( 78.99999999992112976, 445.4449146089793317, -18.56513086951279945 ) ) ;
#6946 = ORIENTED_EDGE ( 'NONE', *, *, #2325, .F. ) ;
#6947 = PLANE ( 'NONE',  #943 ) ;
#6948 = DIRECTION ( 'NONE',  ( 0.000000000000000000, 4.532473372775690371E-16, -1.000000000000000000 ) ) ;
#6949 = DIRECTION ( 'NONE',  ( -0.000000000000000000, -0.000000000000000000, -1.000000000000000000 ) ) ;
#6950 = CARTESIAN_POINT ( 'NONE',  ( 88.62320369873661718, 305.2373548727031789, 14.10051797289508535 ) ) ;
#6951 = CIRCLE ( 'NONE', #1563, 5.000000000000000888 ) ;
#6952 = EDGE_LOOP ( 'NONE', ( #3090, #2810, #6985, #8298, #2817, #5749, #7485, #4381, #3315, #6531, #7551, #4365, #4945, #1077 ) ) ;
#6953 = DIRECTION ( 'NONE',  ( -1.000000000000000000, -2.009438925630560469E-14, 0.000000000000000000 ) ) ;
#6954 = DIRECTION ( 'NONE',  ( 0.1391731009596216817, -0.9902680687416326455, 0.000000000000000000 ) ) ;
#6955 = ORIENTED_EDGE ( 'NONE', *, *, #858, .T. ) ;
#6956 = CARTESIAN_POINT ( 'NONE',  ( 0.000000000000000000, 538.9999999999998863, -27.99999999999999645 ) ) ;
#6957 = CARTESIAN_POINT ( 'NONE',  ( -85.14916676944929463, 316.9951061200579829, -17.92893218813445699 ) ) ;
#6958 = ADVANCED_FACE ( 'NONE', ( #3048 ), #2946, .F. ) ;
#6959 = CARTESIAN_POINT ( 'NONE',  ( -79.00000000000000000, 451.8173402994366938, -14.17399904533843902 ) ) ;
#6960 = ORIENTED_EDGE ( 'NONE', *, *, #6256, .T. ) ;
#6961 = ORIENTED_EDGE ( 'NONE', *, *, #3323, .F. ) ;
#6962 = DIRECTION ( 'NONE',  ( 0.000000000000000000, -0.7866829060709902288, -0.6173572752431946142 ) ) ;
#6963 = EDGE_CURVE ( 'NONE', #7833, #2665, #8042, .T. ) ;
#6964 = ORIENTED_EDGE ( 'NONE', *, *, #6210, .T. ) ;
#6965 =( BOUNDED_SURFACE ( )  B_SPLINE_SURFACE ( 3, 2, ( 
 ( #1756, #1076, #2389 ),
 ( #6264, #5034, #5663 ),
 ( #6304, #2475, #3779 ),
 ( #4358, #3026, #2352 ),
 ( #8146, #8264, #7505 ),
 ( #6222, #3063, #4910 ),
 ( #471, #3146, #1251 ),
 ( #7627, #4395, #6350 ),
 ( #5074, #6987, #5622 ),
 ( #8220, #1711, #1202 ),
 ( #3694, #7667, #5711 ),
 ( #8305, #6395, #2514 ),
 ( #6903, #1881, #2430 ),
 ( #1160, #8179, #4946 ),
 ( #4279, #6945, #4445 ),
 ( #4320, #3735, #4991 ) ),
 .UNSPECIFIED., .F., .F., .F. ) 
 B_SPLINE_SURFACE_WITH_KNOTS ( ( 4, 2, 2, 2, 2, 2, 2, 4 ),
 ( 3, 3 ),
 ( 0.000000000000000000, 0.003090909868578870477, 0.003863637335723587880, 0.004636364802868305282, 0.006181819737157740954, 0.007727274671447175759, 0.009272729605736610564, 0.01236363947431548191 ),
 ( 0.000000000000000000, 1.000000000000000000 ),
 .UNSPECIFIED. ) 
 GEOMETRIC_REPRESENTATION_ITEM ( )  RATIONAL_B_SPLINE_SURFACE ( (
 ( 1.000000000000000000, 0.9064982793336020528, 1.000000000000000000),
 ( 1.000000000000000000, 0.9064923322712103992, 1.000000000000000000),
 ( 1.000000000000000000, 0.9050468907847981637, 1.000000000000000000),
 ( 1.000000000000000000, 0.9015665079657440018, 1.000000000000000000),
 ( 1.000000000000000000, 0.9007862245650695154, 1.000000000000000000),
 ( 1.000000000000000000, 0.8990575088041212748, 1.000000000000000000),
 ( 1.000000000000000000, 0.8981063246761091801, 1.000000000000000000),
 ( 1.000000000000000000, 0.8950432603115182628, 1.000000000000000000),
 ( 1.000000000000000000, 0.8927136230301655484, 1.000000000000000000),
 ( 1.000000000000000000, 0.8875261665762939067, 1.000000000000000000),
 ( 1.000000000000000000, 0.8846681520689859690, 1.000000000000000000),
 ( 1.000000000000000000, 0.8784496377522589272, 1.000000000000000000),
 ( 1.000000000000000000, 0.8750780965297805247, 1.000000000000000000),
 ( 1.000000000000000000, 0.8644262703862263253, 1.000000000000000000),
 ( 1.000000000000000000, 0.8565630131776234002, 1.000000000000000000),
 ( 1.000000000000000000, 0.8480166907666404352, 1.000000000000000000) ) ) 
 REPRESENTATION_ITEM ( '' )  SURFACE ( )  );
#6966 = CYLINDRICAL_SURFACE ( 'NONE', #4391, 4.999999999999994671 ) ;
#6967 = CARTESIAN_POINT ( 'NONE',  ( 88.67383794962765364, 304.8770734569963565, -13.51912217635455526 ) ) ;
#6968 = CARTESIAN_POINT ( 'NONE',  ( 75.84945967439300318, 433.4042740453228930, 24.52964900917499946 ) ) ;
#6969 = VECTOR ( 'NONE', #6599, 1000.000000000000000 ) ;
#6970 = CARTESIAN_POINT ( 'NONE',  ( 79.00000000000001421, 451.7412242848820938, -14.42188821139031951 ) ) ;
#6971 = DIRECTION ( 'NONE',  ( 0.9902680687416326455, -0.1391731009596217650, 0.000000000000000000 ) ) ;
#6972 = ORIENTED_EDGE ( 'NONE', *, *, #6706, .T. ) ;
#6973 = CIRCLE ( 'NONE', #222, 134.1421356237309510 ) ;
#6975 = EDGE_CURVE ( 'NONE', #3682, #3989, #1682, .T. ) ;
#6974 = CARTESIAN_POINT ( 'NONE',  ( -79.00000000000000000, 446.6320201490439104, -21.46446609406715567 ) ) ;
#6976 = EDGE_CURVE ( 'NONE', #2426, #5418, #4411, .T. ) ;
#6977 = ORIENTED_EDGE ( 'NONE', *, *, #1823, .F. ) ;
#6978 = CARTESIAN_POINT ( 'NONE',  ( -75.33974596215561803, 402.3799999999999955, -30.00000000000000355 ) ) ;
#6979 = CARTESIAN_POINT ( 'NONE',  ( 87.78107881994708350, 307.6406042847202684, 13.74261063622193113 ) ) ;
#6980 = CARTESIAN_POINT ( 'NONE',  ( 0.000000000000000000, 540.3271830624646554, -10.85786437626900636 ) ) ;
#6981 = DIRECTION ( 'NONE',  ( 0.000000000000000000, -0.000000000000000000, -1.000000000000000000 ) ) ;
#6982 = AXIS2_PLACEMENT_3D ( 'NONE', #168, #6602, #6002 ) ;
#6983 = VERTEX_POINT ( 'NONE', #5568 ) ;
#6984 = CARTESIAN_POINT ( 'NONE',  ( 78.37424823898606974, 432.5817632848296626, 25.04336335770226540 ) ) ;
#6985 = ORIENTED_EDGE ( 'NONE', *, *, #520, .F. ) ;
#6986 = EDGE_CURVE ( 'NONE', #5178, #2541, #2886, .T. ) ;
#6987 = CARTESIAN_POINT ( 'NONE',  ( 78.99999999999288036, 448.7037854531376411, -15.20104722910424755 ) ) ;
#6988 = VECTOR ( 'NONE', #3808, 1000.000000000000000 ) ;
#6989 = ORIENTED_EDGE ( 'NONE', *, *, #566, .F. ) ;
#6990 = FACE_OUTER_BOUND ( 'NONE', #4700, .T. ) ;
#6991 = EDGE_CURVE ( 'NONE', #1118, #80, #7399, .T. ) ;
#6992 = FACE_OUTER_BOUND ( 'NONE', #6274, .T. ) ;
#6993 = DIRECTION ( 'NONE',  ( -0.000000000000000000, 0.000000000000000000, 1.000000000000000000 ) ) ;
#6994 = DIRECTION ( 'NONE',  ( -1.000000000000000000, 8.000969501444296653E-15, 0.000000000000000000 ) ) ;
#6995 = CONICAL_SURFACE ( 'NONE', #787, 6.999999999999985789, 0.7853981633974695953 ) ;
#6996 = ORIENTED_EDGE ( 'NONE', *, *, #188, .F. ) ;
#6997 = CARTESIAN_POINT ( 'NONE',  ( 0.000000000000000000, -59.00000000000001421, -30.00000000000000000 ) ) ;
#6998 = EDGE_CURVE ( 'NONE', #2314, #6223, #7020, .T. ) ;
#6999 = LINE ( 'NONE', #1891, #5262 ) ;
#7000 = ORIENTED_EDGE ( 'NONE', *, *, #2655, .F. ) ;
#7001 = AXIS2_PLACEMENT_3D ( 'NONE', #8128, #6649, #855 ) ;
#7002 = DIRECTION ( 'NONE',  ( 1.000000000000000000, -0.000000000000000000, 0.000000000000000000 ) ) ;
#7003 = AXIS2_PLACEMENT_3D ( 'NONE', #2220, #2977, #4742 ) ;
#7004 = CARTESIAN_POINT ( 'NONE',  ( -85.92402627970564311, 324.4430001554818546, -22.81358465601499574 ) ) ;
#7005 = DIRECTION ( 'NONE',  ( -0.9999999999959851005, -2.833731016504970904E-06, 0.000000000000000000 ) ) ;
#7006 = CIRCLE ( 'NONE', #2829, 2.999999999999999112 ) ;
#7007 = EDGE_LOOP ( 'NONE', ( #252, #6317, #58, #6324 ) ) ;
#7008 = EDGE_LOOP ( 'NONE', ( #4998, #5989, #6176, #3970 ) ) ;
#7009 = AXIS2_PLACEMENT_3D ( 'NONE', #334, #4106, #893 ) ;
#7010 = DIRECTION ( 'NONE',  ( -0.000000000000000000, -0.000000000000000000, -1.000000000000000000 ) ) ;
#7011 = ORIENTED_EDGE ( 'NONE', *, *, #5860, .F. ) ;
#7012 = CARTESIAN_POINT ( 'NONE',  ( -88.65365335185184392, 305.0206943328694251, -10.85786437626907208 ) ) ;
#7013 = AXIS2_PLACEMENT_3D ( 'NONE', #8274, #4455, #3833 ) ;
#7014 = DIRECTION ( 'NONE',  ( 2.009438925630560469E-14, 1.000000000000000000, 0.000000000000000000 ) ) ;
#7015 = CARTESIAN_POINT ( 'NONE',  ( -88.76926981972894737, 304.1980404179250286, -10.85786437626901701 ) ) ;
#7016 = CARTESIAN_POINT ( 'NONE',  ( 79.00000000000000000, 0.000000000000000000, 24.99999999999999645 ) ) ;
#7017 = CARTESIAN_POINT ( 'NONE',  ( -100.9999999999946994, 204.1300253685547830, -24.99999999999999289 ) ) ;
#7018 = DIRECTION ( 'NONE',  ( -1.000000000000000000, 0.000000000000000000, 0.000000000000000000 ) ) ;
#7019 = AXIS2_PLACEMENT_3D ( 'NONE', #5970, #7890, #2091 ) ;
#7020 = B_SPLINE_CURVE_WITH_KNOTS ( 'NONE', 3,
 ( #6249, #2583, #2497, #4422, #5190, #6968, #1183, #539, #5648, #8248, #2538, #3850 ),
 .UNSPECIFIED., .F., .F.,
 ( 4, 2, 2, 2, 2, 4 ),
 ( 0.000000000000000000, 0.002475508953738957563, 0.003713263430608438297, 0.004951017907477918596, 0.007426526861216721336, 0.009902035814955523207 ),
 .UNSPECIFIED. ) ;
#7021 = ORIENTED_EDGE ( 'NONE', *, *, #6300, .T. ) ;
#7022 = AXIS2_PLACEMENT_3D ( 'NONE', #3490, #269, #5545 ) ;
#7023 = DIRECTION ( 'NONE',  ( 0.000000000000000000, -0.4666656683824160212, -0.8844338041669330686 ) ) ;
#7024 = DIRECTION ( 'NONE',  ( -0.000000000000000000, -0.000000000000000000, -1.000000000000000000 ) ) ;
#7025 = ORIENTED_EDGE ( 'NONE', *, *, #2987, .F. ) ;
#7026 = CARTESIAN_POINT ( 'NONE',  ( 78.72735929836827040, 438.8032591492656138, -23.32315952008672966 ) ) ;
#7027 = CARTESIAN_POINT ( 'NONE',  ( 85.14916676944925200, 316.9951061200582672, 17.92893218813445344 ) ) ;
#7028 = CARTESIAN_POINT ( 'NONE',  ( 79.00000000000000000, 446.6320201490437967, 21.46446609406710593 ) ) ;
#7029 = CARTESIAN_POINT ( 'NONE',  ( -78.32658384289695164, 431.1982624185919803, 25.12163190725255291 ) ) ;
#7030 = VERTEX_POINT ( 'NONE', #6462 ) ;
#7031 = ORIENTED_EDGE ( 'NONE', *, *, #970, .F. ) ;
#7032 = CIRCLE ( 'NONE', #6502, 397.0000000000002274 ) ;
#7033 = CARTESIAN_POINT ( 'NONE',  ( 75.76834574789046428, 432.2633313042997543, 24.76855950708802112 ) ) ;
#7034 = EDGE_LOOP ( 'NONE', ( #8315, #7602, #7489, #4969 ) ) ;
#7035 = DIRECTION ( 'NONE',  ( 0.000000000000000000, 0.000000000000000000, -1.000000000000000000 ) ) ;
#7036 = EDGE_LOOP ( 'NONE', ( #2740, #6780, #927, #6105 ) ) ;
#7037 = DIRECTION ( 'NONE',  ( -0.000000000000000000, -0.000000000000000000, -1.000000000000000000 ) ) ;
#7038 = CARTESIAN_POINT ( 'NONE',  ( 112.0000000016510029, 204.1311561622549107, 24.99999999999999645 ) ) ;
#7039 = CARTESIAN_POINT ( 'NONE',  ( -88.53476708389241878, 305.8666140843181438, 14.92131987114302483 ) ) ;
#7040 = DIRECTION ( 'NONE',  ( 0.1250563527461381330, -0.8898221859245593057, -0.4388364001245478319 ) ) ;
#7041 = ADVANCED_FACE ( 'NONE', ( #6284 ), #6331, .F. ) ;
#7042 = EDGE_CURVE ( 'NONE', #3033, #1466, #8290, .T. ) ;
#7043 = ORIENTED_EDGE ( 'NONE', *, *, #8186, .T. ) ;
#7044 = DIRECTION ( 'NONE',  ( 0.000000000000000000, -0.3963652161555149545, -0.9180929230867603819 ) ) ;
#7045 = AXIS2_PLACEMENT_3D ( 'NONE', #1414, #679, #3982 ) ;
#7046 = CARTESIAN_POINT ( 'NONE',  ( -108.0774164457364463, 260.2222934685545965, 24.99999999999999645 ) ) ;
#7047 = ORIENTED_EDGE ( 'NONE', *, *, #3952, .F. ) ;
#7048 = LINE ( 'NONE', #2572, #3395 ) ;
#7049 = CARTESIAN_POINT ( 'NONE',  ( -87.01750970147826081, 316.6624613242465216, -19.30763609674503556 ) ) ;
#7050 = DIRECTION ( 'NONE',  ( 1.000000000000000000, 0.000000000000000000, 0.000000000000000000 ) ) ;
#7051 = AXIS2_PLACEMENT_3D ( 'NONE', #1991, #6514, #5237 ) ;
#7052 = CIRCLE ( 'NONE', #157, 4.999999999999998224 ) ;
#7053 = EDGE_CURVE ( 'NONE', #4359, #1701, #4820, .T. ) ;
#7054 = VERTEX_POINT ( 'NONE', #495 ) ;
#7055 = ORIENTED_EDGE ( 'NONE', *, *, #1363, .F. ) ;
#7056 = CARTESIAN_POINT ( 'NONE',  ( 115.0000000000209184, 204.1300056674620862, 30.00000000000000000 ) ) ;
#7057 = ORIENTED_EDGE ( 'NONE', *, *, #3494, .T. ) ;
#7058 = CIRCLE ( 'NONE', #3415, 406.0000000000167688 ) ;
#7059 = CARTESIAN_POINT ( 'NONE',  ( 76.19132307818750860, 443.8574745705745954, 17.92893218813437883 ) ) ;
#7060 = DIRECTION ( 'NONE',  ( 1.000000000000000000, 0.000000000000000000, 0.000000000000000000 ) ) ;
#7061 = DIRECTION ( 'NONE',  ( -0.000000000000000000, 0.000000000000000000, 1.000000000000000000 ) ) ;
#7062 = CARTESIAN_POINT ( 'NONE',  ( 86.07263358526060415, 323.3856042330076548, -25.00000000000000000 ) ) ;
#7063 = DIRECTION ( 'NONE',  ( 1.000000000000000000, 0.000000000000000000, 0.000000000000000000 ) ) ;
#7064 = DIRECTION ( 'NONE',  ( -0.000000000000000000, 0.000000000000000000, 1.000000000000000000 ) ) ;
#7065 = AXIS2_PLACEMENT_3D ( 'NONE', #3500, #2872, #6752 ) ;
#7066 = ORIENTED_EDGE ( 'NONE', *, *, #4337, .F. ) ;
#7067 = LINE ( 'NONE', #628, #4218 ) ;
#7068 = CARTESIAN_POINT ( 'NONE',  ( 79.00000000000000000, 441.9174869739395604, 25.09941499070979987 ) ) ;
#7069 = VERTEX_POINT ( 'NONE', #5732 ) ;
#7070 = CARTESIAN_POINT ( 'NONE',  ( 84.00000000000000000, 0.000000000000000000, 24.99999999999999645 ) ) ;
#7071 = CIRCLE ( 'NONE', #6536, 408.0000000000001137 ) ;
#7072 = CARTESIAN_POINT ( 'NONE',  ( 100.9999999999743920, 204.1300195696127844, -24.99999999999999289 ) ) ;
#7073 = DIRECTION ( 'NONE',  ( 0.000000000000000000, -0.000000000000000000, -1.000000000000000000 ) ) ;
#7074 = CARTESIAN_POINT ( 'NONE',  ( -78.62825569050821173, 438.0643711946918870, 23.65790379917261887 ) ) ;
#7075 = EDGE_CURVE ( 'NONE', #3399, #5141, #5148, .T. ) ;
#7076 = ORIENTED_EDGE ( 'NONE', *, *, #1927, .T. ) ;
#7077 = CARTESIAN_POINT ( 'NONE',  ( 75.93457292954151683, 436.1593629806207559, 23.52663715011834711 ) ) ;
#7078 = VERTEX_POINT ( 'NONE', #7649 ) ;
#7079 = CARTESIAN_POINT ( 'NONE',  ( -75.93457292954008153, 436.1593629806330341, -23.52663715011134471 ) ) ;
#7080 = EDGE_LOOP ( 'NONE', ( #1303, #1897, #4849, #1136 ) ) ;
#7081 = CARTESIAN_POINT ( 'NONE',  ( 84.00000000000000000, 402.3800000000000523, 24.99999999999999645 ) ) ;
#7082 = CARTESIAN_POINT ( 'NONE',  ( -83.76585374409970086, 326.0466849473708635, 22.07106781186551814 ) ) ;
#7083 = CARTESIAN_POINT ( 'NONE',  ( -87.14584108898679915, 315.7493360551338810, 21.46446609406725159 ) ) ;
#7084 = DIRECTION ( 'NONE',  ( 0.000000000000000000, 0.000000000000000000, 1.000000000000000000 ) ) ;
#7085 = ORIENTED_EDGE ( 'NONE', *, *, #372, .F. ) ;
#7086 = CARTESIAN_POINT ( 'NONE',  ( -74.00000000000000000, 446.6320201490468094, 21.46446609406476114 ) ) ;
#7087 = CARTESIAN_POINT ( 'NONE',  ( 76.14881651623666414, 440.8428812786591493, -20.27938311978746100 ) ) ;
#7088 = ORIENTED_EDGE ( 'NONE', *, *, #1123, .F. ) ;
#7089 = CARTESIAN_POINT ( 'NONE',  ( -84.97062795343929054, 345.5973748082931252, 30.00000000000000000 ) ) ;
#7090 = EDGE_CURVE ( 'NONE', #1995, #690, #2458, .T. ) ;
#7091 = ADVANCED_FACE ( 'NONE', ( #5017 ), #7798, .F. ) ;
#7092 = CARTESIAN_POINT ( 'NONE',  ( -98.83438091582119966, 347.5457982217342305, -24.99999999999999289 ) ) ;
#7093 = CARTESIAN_POINT ( 'NONE',  ( -84.88926672850998045, 335.7610290626187748, -27.28291928844879166 ) ) ;
#7094 = CARTESIAN_POINT ( 'NONE',  ( -79.00000000000001421, 451.4799303901271514, -15.16005833647121115 ) ) ;
#7095 = ORIENTED_EDGE ( 'NONE', *, *, #5787, .T. ) ;
#7096 = EDGE_LOOP ( 'NONE', ( #4213, #8387, #7866, #6008, #4354 ) ) ;
#7097 = CARTESIAN_POINT ( 'NONE',  ( 290.9999999983658086, 204.1311561622549107, 24.99999999999999645 ) ) ;
#7098 = EDGE_LOOP ( 'NONE', ( #7996, #2745, #6044, #7216, #6063, #6631, #5398, #6240, #488, #8067, #4608, #3307, #5565, #3050 ) ) ;
#7099 = EDGE_CURVE ( 'NONE', #6252, #1248, #778, .T. ) ;
#7100 = CARTESIAN_POINT ( 'NONE',  ( -87.94143215966403204, 346.0148941111733052, -24.99999999999999645 ) ) ;
#7101 = ADVANCED_FACE ( 'NONE', ( #3130 ), #1692, .F. ) ;
#7102 = DIRECTION ( 'NONE',  ( -0.1391842148782899691, -0.9902665067186278147, -0.000000000000000000 ) ) ;
#7103 = CARTESIAN_POINT ( 'NONE',  ( 79.64825359230313495, 431.4046255181396532, 27.46382226953731021 ) ) ;
#7104 = CARTESIAN_POINT ( 'NONE',  ( 85.64585522679058727, 325.6082026301205588, -23.28746268599946490 ) ) ;
#7105 = DIRECTION ( 'NONE',  ( 1.015794745118904431E-15, 1.000000000000000000, 0.000000000000000000 ) ) ;
#7106 = CYLINDRICAL_SURFACE ( 'NONE', #244, 5.000000000000004441 ) ;
#7107 = ORIENTED_EDGE ( 'NONE', *, *, #4004, .T. ) ;
#7108 = CARTESIAN_POINT ( 'NONE',  ( 86.28335765031717131, 321.8862246004568419, 21.58544394505647901 ) ) ;
#7109 = CYLINDRICAL_SURFACE ( 'NONE', #2568, 5.000000000000000888 ) ;
#7110 = EDGE_CURVE ( 'NONE', #162, #1286, #7668, .T. ) ;
#7111 = VERTEX_POINT ( 'NONE', #1404 ) ;
#7112 = CARTESIAN_POINT ( 'NONE',  ( 78.38769202586473739, 433.0487896379616473, -24.99742934117367810 ) ) ;
#7113 = CARTESIAN_POINT ( 'NONE',  ( 0.000000000000000000, -59.00000000000001421, -27.99999999999999645 ) ) ;
#7114 = DIRECTION ( 'NONE',  ( 0.000000000000000000, -1.000000000000000000, 0.000000000000000000 ) ) ;
#7115 = DIRECTION ( 'NONE',  ( 0.1391731009596396673, -0.9902680687416303140, 1.138046705741513538E-14 ) ) ;
#7116 = ORIENTED_EDGE ( 'NONE', *, *, #4147, .F. ) ;
#7117 = EDGE_CURVE ( 'NONE', #5904, #1757, #4553, .T. ) ;
#7118 = AXIS2_PLACEMENT_3D ( 'NONE', #620, #3208, #2413 ) ;
#7119 = CARTESIAN_POINT ( 'NONE',  ( 78.86848041429499290, 439.4905264837721006, 22.98764549214251574 ) ) ;
#7120 = ORIENTED_EDGE ( 'NONE', *, *, #2351, .F. ) ;
#7121 = EDGE_CURVE ( 'NONE', #3557, #7676, #5397, .T. ) ;
#7122 = CARTESIAN_POINT ( 'NONE',  ( -78.53014330582880120, 436.8968961527440911, -24.09898555816075572 ) ) ;
#7123 = ORIENTED_EDGE ( 'NONE', *, *, #7688, .T. ) ;
#7124 = DIRECTION ( 'NONE',  ( -1.000000000000000000, 0.000000000000000000, 0.000000000000000000 ) ) ;
#7125 = CARTESIAN_POINT ( 'NONE',  ( 88.24719356858479102, 305.8803165337553196, -11.59079686103305029 ) ) ;
#7126 = AXIS2_PLACEMENT_3D ( 'NONE', #3472, #5283, #7841 ) ;
#7127 = CARTESIAN_POINT ( 'NONE',  ( -290.9999999983658086, 204.1311561622549107, -24.99999999999999289 ) ) ;
#7128 = CARTESIAN_POINT ( 'NONE',  ( 78.95051410229631017, 439.9531412019389904, 22.67297622107994215 ) ) ;
#7129 = AXIS2_PLACEMENT_3D ( 'NONE', #5327, #6051, #91 ) ;
#7130 = ORIENTED_EDGE ( 'NONE', *, *, #1005, .F. ) ;
#7131 = CIRCLE ( 'NONE', #6173, 15.00000000000000000 ) ;
#7132 = LINE ( 'NONE', #5336, #1811 ) ;
#7133 = CARTESIAN_POINT ( 'NONE',  ( 104.0000000000000000, -59.00000000000001421, -27.99999999999999645 ) ) ;
#7134 = ORIENTED_EDGE ( 'NONE', *, *, #5219, .T. ) ;
#7135 = DIRECTION ( 'NONE',  ( 0.000000000000000000, 0.000000000000000000, 1.000000000000000000 ) ) ;
#7136 = CARTESIAN_POINT ( 'NONE',  ( -114.9999999999999858, 204.1299999999999670, 30.00000000000000000 ) ) ;
#7137 = FACE_OUTER_BOUND ( 'NONE', #5129, .T. ) ;
#7138 = CIRCLE ( 'NONE', #7675, 4.999999999999998224 ) ;
#7139 = EDGE_CURVE ( 'NONE', #4486, #4925, #3930, .T. ) ;
#7140 = EDGE_LOOP ( 'NONE', ( #182, #511, #5882, #6655 ) ) ;
#7141 = CARTESIAN_POINT ( 'NONE',  ( -83.81792947602082222, 303.5021749131269075, -10.85786437626901701 ) ) ;
#7142 = VECTOR ( 'NONE', #5150, 1000.000000000000000 ) ;
#7143 = ORIENTED_EDGE ( 'NONE', *, *, #8108, .F. ) ;
#7144 = CARTESIAN_POINT ( 'NONE',  ( 8.673617379884035472E-16, 261.0399999999990541, 22.07106781186551814 ) ) ;
#7145 = DIRECTION ( 'NONE',  ( -0.000000000000000000, -0.000000000000000000, -1.000000000000000000 ) ) ;
#7146 = CARTESIAN_POINT ( 'NONE',  ( -117.0000000016510029, 204.1311561622549107, 24.99999999999999645 ) ) ;
#7147 = AXIS2_PLACEMENT_3D ( 'NONE', #6776, #7501, #2174 ) ;
#7148 = DIRECTION ( 'NONE',  ( -0.1391731009596220703, -0.9902680687416326455, -0.000000000000000000 ) ) ;
#7149 = CARTESIAN_POINT ( 'NONE',  ( -75.33974596215561803, 429.3405386945347573, 25.00000000000000000 ) ) ;
#7150 = CARTESIAN_POINT ( 'NONE',  ( 290.9999999983658086, 204.1311561622549107, -24.99999999999999289 ) ) ;
#7151 = VECTOR ( 'NONE', #4719, 1000.000000000000000 ) ;
#7152 = EDGE_CURVE ( 'NONE', #439, #5124, #6305, .T. ) ;
#7153 = EDGE_CURVE ( 'NONE', #5175, #243, #7871, .T. ) ;
#7154 = ORIENTED_EDGE ( 'NONE', *, *, #4088, .T. ) ;
#7155 = CARTESIAN_POINT ( 'NONE',  ( -101.0000000016221264, 204.1311561622549107, -24.99999999999999289 ) ) ;
#7156 = CARTESIAN_POINT ( 'NONE',  ( -117.0000000000000000, 0.000000000000000000, 24.99999999999999645 ) ) ;
#7157 = EDGE_LOOP ( 'NONE', ( #487, #5969, #233, #7558 ) ) ;
#7158 = CARTESIAN_POINT ( 'NONE',  ( -88.74419580701673738, 304.3764512887967157, 12.22231908171565173 ) ) ;
#7159 = DIRECTION ( 'NONE',  ( 1.015794745118904037E-15, -1.000000000000000000, 0.000000000000000000 ) ) ;
#7160 = DIRECTION ( 'NONE',  ( 0.000000000000000000, 0.000000000000000000, 1.000000000000000000 ) ) ;
#7161 = LINE ( 'NONE', #767, #928 ) ;
#7162 = AXIS2_PLACEMENT_3D ( 'NONE', #499, #1744, #1189 ) ;
#7163 = EDGE_CURVE ( 'NONE', #6497, #8162, #5496, .T. ) ;
#7164 = ORIENTED_EDGE ( 'NONE', *, *, #1527, .F. ) ;
#7165 = CARTESIAN_POINT ( 'NONE',  ( 85.26475118264482944, 331.4365211399889404, -26.76559250152447333 ) ) ;
#7166 = EDGE_LOOP ( 'NONE', ( #1621, #6261, #1686, #2143 ) ) ;
#7167 = CARTESIAN_POINT ( 'NONE',  ( 35.00000000000000000, 401.7200000000000273, -25.00000000000000000 ) ) ;
#7168 = ORIENTED_EDGE ( 'NONE', *, *, #3995, .F. ) ;
#7169 = CYLINDRICAL_SURFACE ( 'NONE', #8062, 15.00000000000001421 ) ;
#7170 = CARTESIAN_POINT ( 'NONE',  ( -84.87073137084746577, 335.9448121594419945, 27.29668866798954951 ) ) ;
#7171 = FACE_OUTER_BOUND ( 'NONE', #7034, .T. ) ;
#7172 = LINE ( 'NONE', #14, #7960 ) ;
#7173 = CIRCLE ( 'NONE', #1370, 5.000000000000000888 ) ;
#7174 = CIRCLE ( 'NONE', #5400, 113.1021356237325080 ) ;
#7175 = CARTESIAN_POINT ( 'NONE',  ( 59.00000000000019185, 389.7200000000000273, -44.00000000000000000 ) ) ;
#7176 = CARTESIAN_POINT ( 'NONE',  ( -104.0000000000000000, -59.00000000000001421, 24.99999999999999645 ) ) ;
#7177 = CARTESIAN_POINT ( 'NONE',  ( -91.99999999999985789, 402.3799999999999955, -30.00000000000000000 ) ) ;
#7178 = ORIENTED_EDGE ( 'NONE', *, *, #6722, .F. ) ;
#7179 = CARTESIAN_POINT ( 'NONE',  ( 111.9999999999999858, -59.00000000000001421, 24.99999999999999645 ) ) ;
#7180 = DIRECTION ( 'NONE',  ( -0.1391731009604046665, -0.9902680687415226224, -0.000000000000000000 ) ) ;
#7181 = DIRECTION ( 'NONE',  ( 2.899471026181991883E-06, 0.9999999999957965846, -0.000000000000000000 ) ) ;
#7182 = CIRCLE ( 'NONE', #7314, 2.999999999999999112 ) ;
#7183 = ORIENTED_EDGE ( 'NONE', *, *, #595, .T. ) ;
#7184 = CARTESIAN_POINT ( 'NONE',  ( -86.64762311194881761, 319.2943411640250702, 20.41264202257835692 ) ) ;
#7185 = ORIENTED_EDGE ( 'NONE', *, *, #7224, .F. ) ;
#7186 = CARTESIAN_POINT ( 'NONE',  ( -104.0000000000000000, -59.00000000000001421, 24.99999999999999645 ) ) ;
#7187 = CARTESIAN_POINT ( 'NONE',  ( -84.74143566488207568, 319.6370472065298145, -19.03908348334802625 ) ) ;
#7188 = DIRECTION ( 'NONE',  ( 9.251858538542961967E-16, -1.000000000000000000, 0.000000000000000000 ) ) ;
#7189 = CIRCLE ( 'NONE', #3813, 394.0000000000002274 ) ;
#7190 = CYLINDRICAL_SURFACE ( 'NONE', #2686, 406.0000000000167688 ) ;
#7191 = CARTESIAN_POINT ( 'NONE',  ( 117.0000000016515713, 1.000000000000225597, 0.000000000000000000 ) ) ;
#7192 = CARTESIAN_POINT ( 'NONE',  ( -79.00000000000017053, 441.9154090435945363, -25.10024462079519836 ) ) ;
#7193 = ORIENTED_EDGE ( 'NONE', *, *, #5736, .F. ) ;
#7194 = PLANE ( 'NONE',  #2203 ) ;
#7195 = ORIENTED_EDGE ( 'NONE', *, *, #1477, .T. ) ;
#7196 = CARTESIAN_POINT ( 'NONE',  ( 75.33974596215561803, 429.3405386945350415, -25.00000000000000000 ) ) ;
#7197 = EDGE_CURVE ( 'NONE', #319, #3540, #1360, .T. ) ;
#7198 = DIRECTION ( 'NONE',  ( -0.000000000000000000, 0.000000000000000000, 1.000000000000000000 ) ) ;
#7199 = EDGE_CURVE ( 'NONE', #5207, #1671, #6030, .T. ) ;
#7200 = LINE ( 'NONE', #3432, #7396 ) ;
#7201 = CARTESIAN_POINT ( 'NONE',  ( -86.07263358526056152, 323.3856042330079958, 24.99999999999999645 ) ) ;
#7202 = ORIENTED_EDGE ( 'NONE', *, *, #2821, .T. ) ;
#7203 = CARTESIAN_POINT ( 'NONE',  ( -76.13679048190995502, 438.5910271985755458, 22.07106781186551814 ) ) ;
#7204 = CARTESIAN_POINT ( 'NONE',  ( -78.46494633762679882, 435.6726052676989980, -24.48709947789962982 ) ) ;
#7205 = ORIENTED_EDGE ( 'NONE', *, *, #730, .F. ) ;
#7206 = CARTESIAN_POINT ( 'NONE',  ( -76.16981043604717172, 442.3468960485307093, 19.10104025450550580 ) ) ;
#7207 = EDGE_CURVE ( 'NONE', #5650, #3842, #642, .T. ) ;
#7208 = CARTESIAN_POINT ( 'NONE',  ( 87.90830307940164801, 307.1638580745374156, -13.35103792315637961 ) ) ;
#7209 = EDGE_CURVE ( 'NONE', #3265, #3550, #7948, .T. ) ;
#7210 = CARTESIAN_POINT ( 'NONE',  ( -76.71418720297650395, 446.2259801873406104, 15.98552695774374577 ) ) ;
#7211 = FACE_OUTER_BOUND ( 'NONE', #7931, .T. ) ;
#7212 = VECTOR ( 'NONE', #4278, 1000.000000000000000 ) ;
#7213 = VERTEX_POINT ( 'NONE', #6592 ) ;
#7214 = CARTESIAN_POINT ( 'NONE',  ( -35.00000000000000000, 389.7200000000000273, -37.00000000000000711 ) ) ;
#7215 = DIRECTION ( 'NONE',  ( -1.000000000000000000, -1.015794745118904037E-15, 0.000000000000000000 ) ) ;
#7216 = ORIENTED_EDGE ( 'NONE', *, *, #3584, .F. ) ;
#7217 = CARTESIAN_POINT ( 'NONE',  ( 88.01810194679923427, 306.7502614453701995, 12.95177813515694254 ) ) ;
#7218 = DIRECTION ( 'NONE',  ( -1.000000000000000000, 0.000000000000000000, 0.000000000000000000 ) ) ;
#7219 = DIRECTION ( 'NONE',  ( -1.000000000000000000, -1.023284752087778828E-15, -0.000000000000000000 ) ) ;
#7220 = ORIENTED_EDGE ( 'NONE', *, *, #6100, .F. ) ;
#7221 = ADVANCED_FACE ( 'NONE', ( #7991 ), #7190, .F. ) ;
#7222 = DIRECTION ( 'NONE',  ( -0.000000000000000000, 0.000000000000000000, 1.000000000000000000 ) ) ;
#7223 = VERTEX_POINT ( 'NONE', #3975 ) ;
#7224 = EDGE_CURVE ( 'NONE', #5432, #3270, #1469, .T. ) ;
#7225 = DIRECTION ( 'NONE',  ( 0.9902680687416326455, -0.1391731009596217650, 0.000000000000000000 ) ) ;
#7226 = CARTESIAN_POINT ( 'NONE',  ( -290.9999999983658086, 204.1311561622549107, -30.00000000000000000 ) ) ;
#7227 = DIRECTION ( 'NONE',  ( 0.000000000000000000, -2.899471042890528225E-06, -0.9999999999957965846 ) ) ;
#7228 = CARTESIAN_POINT ( 'NONE',  ( -85.75091478043198379, 325.8932731598978307, 25.65222063129461461 ) ) ;
#7229 = CARTESIAN_POINT ( 'NONE',  ( -489.0000000000001137, 402.3800000000000523, 27.99999999999999645 ) ) ;
#7230 = ORIENTED_EDGE ( 'NONE', *, *, #1151, .F. ) ;
#7231 = DIRECTION ( 'NONE',  ( 0.000000000000000000, -0.000000000000000000, 1.000000000000000000 ) ) ;
#7232 = VERTEX_POINT ( 'NONE', #5866 ) ;
#7233 = DIRECTION ( 'NONE',  ( -0.000000000000000000, 0.000000000000000000, 1.000000000000000000 ) ) ;
#7234 = DIRECTION ( 'NONE',  ( 0.000000000000000000, 0.000000000000000000, -1.000000000000000000 ) ) ;
#7235 = LINE ( 'NONE', #6040, #7941 ) ;
#7236 = DIRECTION ( 'NONE',  ( -0.000000000000000000, 0.000000000000000000, 1.000000000000000000 ) ) ;
#7237 = EDGE_LOOP ( 'NONE', ( #1571, #6822, #4673, #3133, #821, #913, #5686 ) ) ;
#7238 = ADVANCED_FACE ( 'NONE', ( #2155 ), #2882, .F. ) ;
#7239 = EDGE_CURVE ( 'NONE', #3586, #2863, #7131, .T. ) ;
#7240 = CARTESIAN_POINT ( 'NONE',  ( 85.20666687450743382, 332.1486441796026270, -26.87068196057842684 ) ) ;
#7241 = CARTESIAN_POINT ( 'NONE',  ( 76.13679048190850551, 438.5910271985748636, -22.07106781186546485 ) ) ;
#7242 = ORIENTED_EDGE ( 'NONE', *, *, #5581, .F. ) ;
#7243 = CARTESIAN_POINT ( 'NONE',  ( -79.00920761912581725, 441.4216607543498299, 25.30330085889774239 ) ) ;
#7244 = CARTESIAN_POINT ( 'NONE',  ( -79.88621320722879204, 341.1042618279730050, 25.00000000000000000 ) ) ;
#7245 = CARTESIAN_POINT ( 'NONE',  ( -83.11362942839325285, 328.4736046883153904, -22.96920092523527757 ) ) ;
#7246 = CARTESIAN_POINT ( 'NONE',  ( -85.14916676944922358, 316.9951061200583240, 17.92893218813446055 ) ) ;
#7247 = DIRECTION ( 'NONE',  ( -1.000000000000000000, 0.000000000000000000, 0.000000000000000000 ) ) ;
#7248 = CIRCLE ( 'NONE', #5889, 405.0000000000001137 ) ;
#7249 = ORIENTED_EDGE ( 'NONE', *, *, #1387, .T. ) ;
#7251 = EDGE_CURVE ( 'NONE', #1671, #3045, #2542, .T. ) ;
#7250 = ORIENTED_EDGE ( 'NONE', *, *, #8362, .F. ) ;
#7252 = DIRECTION ( 'NONE',  ( 0.000000000000000000, 0.000000000000000000, -1.000000000000000000 ) ) ;
#7253 = EDGE_CURVE ( 'NONE', #4014, #1472, #4177, .T. ) ;
#7254 = CARTESIAN_POINT ( 'NONE',  ( -60.00000000000000711, 0.000000000000000000, -25.00000000000000000 ) ) ;
#7255 = CIRCLE ( 'NONE', #8338, 2.999999999999994227 ) ;
#7256 = ORIENTED_EDGE ( 'NONE', *, *, #1847, .T. ) ;
#7257 = CARTESIAN_POINT ( 'NONE',  ( 88.20336515614685879, 306.0474801398647742, 12.01030785351649577 ) ) ;
#7258 = DIRECTION ( 'NONE',  ( 0.000000000000000000, -1.000000000000000000, 0.000000000000000000 ) ) ;
#7259 = CARTESIAN_POINT ( 'NONE',  ( -76.16981043602980606, 442.3468960485212165, -19.10104025450234744 ) ) ;
#7260 = TOROIDAL_SURFACE ( 'NONE', #3611, 397.0000000000002274, 3.000000000000000000 ) ;
#7262 = ADVANCED_FACE ( 'NONE', ( #2953 ), #7946, .T. ) ;
#7261 = VERTEX_POINT ( 'NONE', #6758 ) ;
#7263 = DIRECTION ( 'NONE',  ( 0.000000000000000000, 0.000000000000000000, 1.000000000000000000 ) ) ;
#7264 = ORIENTED_EDGE ( 'NONE', *, *, #2738, .T. ) ;
#7265 = CARTESIAN_POINT ( 'NONE',  ( 80.68884310224598266, 338.5639360137833478, 24.94632868985316065 ) ) ;
#7266 = AXIS2_PLACEMENT_3D ( 'NONE', #1608, #6118, #964 ) ;
#7267 = CARTESIAN_POINT ( 'NONE',  ( 76.12829888279362933, 439.3433066580129207, 21.46446609406726580 ) ) ;
#7268 = B_SPLINE_CURVE_WITH_KNOTS ( 'NONE', 3,
 ( #7926, #4029, #1341, #53 ),
 .UNSPECIFIED., .F., .F.,
 ( 4, 4 ),
 ( 0.001371553582780822480, 0.009854670054013227320 ),
 .UNSPECIFIED. ) ;
#7269 = CARTESIAN_POINT ( 'NONE',  ( 77.15819505687960600, 448.2089104684815766, 12.69149306962319024 ) ) ;
#7270 = ORIENTED_EDGE ( 'NONE', *, *, #1395, .T. ) ;
#7271 = AXIS2_PLACEMENT_3D ( 'NONE', #5551, #3453, #6067 ) ;
#7272 = ORIENTED_EDGE ( 'NONE', *, *, #6998, .T. ) ;
#7273 = CARTESIAN_POINT ( 'NONE',  ( 111.9999999999955236, 204.1299999999999670, 27.99999999999999645 ) ) ;
#7274 = VERTEX_POINT ( 'NONE', #7439 ) ;
#7275 = CARTESIAN_POINT ( 'NONE',  ( -79.49772632926337224, 434.4843165247460206, 27.18300269548890213 ) ) ;
#7276 = AXIS2_PLACEMENT_3D ( 'NONE', #1575, #1660, #4228 ) ;
#7277 = CARTESIAN_POINT ( 'NONE',  ( -76.65749068191909998, 445.9710259031550095, -16.24712442813552471 ) ) ;
#7278 = CARTESIAN_POINT ( 'NONE',  ( 82.54166610011044725, 330.9488396820726166, -23.72165745217732891 ) ) ;
#7279 = CIRCLE ( 'NONE', #1877, 15.00000000000000000 ) ;
#7280 = CARTESIAN_POINT ( 'NONE',  ( -88.16428403078805331, 306.1963056111086985, -12.25734618756538197 ) ) ;
#7281 = ORIENTED_EDGE ( 'NONE', *, *, #5448, .T. ) ;
#7282 = CIRCLE ( 'NONE', #1210, 391.9999999999878924 ) ;
#7283 = CARTESIAN_POINT ( 'NONE',  ( 82.54535672524200152, 330.9541383689812619, -23.70738208545881776 ) ) ;
#7284 = CARTESIAN_POINT ( 'NONE',  ( 75.92373240152325309, 435.7341221444946768, -23.72511741894954085 ) ) ;
#7285 = VERTEX_POINT ( 'NONE', #1050 ) ;
#7286 = DIRECTION ( 'NONE',  ( -1.000000000000000000, 0.000000000000000000, 0.000000000000000000 ) ) ;
#7287 = CARTESIAN_POINT ( 'NONE',  ( 117.0000000016510455, 509.0000000000001137, 0.000000000000000000 ) ) ;
#7288 = CARTESIAN_POINT ( 'NONE',  ( -76.32559391257754555, 444.4705822475643799, 17.53101084057475489 ) ) ;
#7289 = EDGE_CURVE ( 'NONE', #8142, #1701, #97, .T. ) ;
#7290 = AXIS2_PLACEMENT_3D ( 'NONE', #982, #7964, #2971 ) ;
#7291 = CARTESIAN_POINT ( 'NONE',  ( 0.000000000000000000, 538.9999999999998863, 30.00000000000000000 ) ) ;
#7292 = DIRECTION ( 'NONE',  ( -1.000000000000000000, -2.009438925630560469E-14, 0.000000000000000000 ) ) ;
#7293 = ORIENTED_EDGE ( 'NONE', *, *, #1115, .F. ) ;
#7294 = ORIENTED_EDGE ( 'NONE', *, *, #565, .T. ) ;
#7295 = CARTESIAN_POINT ( 'NONE',  ( 87.94143215966390414, 346.0148941111734757, -24.99999999999999645 ) ) ;
#7296 = CARTESIAN_POINT ( 'NONE',  ( -76.85109706213357583, 446.8400183924916860, -15.27037151873999221 ) ) ;
#7297 = ORIENTED_EDGE ( 'NONE', *, *, #8319, .F. ) ;
#7298 = DIRECTION ( 'NONE',  ( 0.000000000000000000, 0.000000000000000000, 1.000000000000000000 ) ) ;
#7299 = CARTESIAN_POINT ( 'NONE',  ( 79.00000000003956302, 443.1894917865902244, -20.17277105789199965 ) ) ;
#7300 = ADVANCED_FACE ( 'NONE', ( #5474, #2365 ), #4256, .F. ) ;
#7301 = AXIS2_PLACEMENT_3D ( 'NONE', #7144, #1484, #712 ) ;
#7302 = EDGE_CURVE ( 'NONE', #7833, #5521, #4686, .T. ) ;
#7303 = DIRECTION ( 'NONE',  ( 0.000000000000000000, 0.000000000000000000, 1.000000000000000000 ) ) ;
#7304 = ORIENTED_EDGE ( 'NONE', *, *, #1442, .F. ) ;
#7305 = CARTESIAN_POINT ( 'NONE',  ( -86.28335765019897963, 321.8862246004620715, 21.58544394502471064 ) ) ;
#7306 = AXIS2_PLACEMENT_3D ( 'NONE', #7186, #6588, #4715 ) ;
#7307 = VECTOR ( 'NONE', #7473, 1000.000000000000114 ) ;
#7308 = AXIS2_PLACEMENT_3D ( 'NONE', #6048, #5325, #2895 ) ;
#7309 = VERTEX_POINT ( 'NONE', #6800 ) ;
#7310 = CARTESIAN_POINT ( 'NONE',  ( -114.9999999999999716, 15.99999999999998934, 1.836970198721029983E-15 ) ) ;
#7311 = LINE ( 'NONE', #4717, #4805 ) ;
#7312 = EDGE_CURVE ( 'NONE', #162, #8064, #5357, .T. ) ;
#7313 = CARTESIAN_POINT ( 'NONE',  ( -83.76585374409970086, 326.0466849473708635, 22.07106781186555367 ) ) ;
#7314 = AXIS2_PLACEMENT_3D ( 'NONE', #7038, #3188, #5755 ) ;
#7315 = CIRCLE ( 'NONE', #3663, 15.00000000000002487 ) ;
#7316 = ORIENTED_EDGE ( 'NONE', *, *, #743, .T. ) ;
#7317 = ORIENTED_EDGE ( 'NONE', *, *, #2821, .F. ) ;
#7318 = APPLICATION_CONTEXT ( 'automotive_design' ) ;
#7319 = DIRECTION ( 'NONE',  ( 0.000000000000000000, 1.000000000000000000, 0.000000000000000000 ) ) ;
#7320 = ORIENTED_EDGE ( 'NONE', *, *, #3679, .T. ) ;
#7321 = CARTESIAN_POINT ( 'NONE',  ( -79.03329762233536826, 440.4674920403816145, 25.69970001487274303 ) ) ;
#7322 = CARTESIAN_POINT ( 'NONE',  ( 100.8149170533042565, 347.8241444236543316, 30.00000000000000000 ) ) ;
#7323 = CARTESIAN_POINT ( 'NONE',  ( -290.9999999983658086, 204.1311561622549107, 24.99999999999999645 ) ) ;
#7324 = CARTESIAN_POINT ( 'NONE',  ( -85.47034050761297408, 315.9026805230845980, -17.59740340194919028 ) ) ;
#7325 = CIRCLE ( 'NONE', #7593, 406.0000000000167688 ) ;
#7326 = CIRCLE ( 'NONE', #3673, 15.00000000000001421 ) ;
#7327 = VERTEX_POINT ( 'NONE', #406 ) ;
#7328 = CARTESIAN_POINT ( 'NONE',  ( 103.9999999999947136, 204.1300253685548114, 24.99999999999999645 ) ) ;
#7329 = CARTESIAN_POINT ( 'NONE',  ( -95.20393762187492825, 258.4129999647863087, 24.99999999999999645 ) ) ;
#7330 = ORIENTED_EDGE ( 'NONE', *, *, #2128, .F. ) ;
#7331 = CARTESIAN_POINT ( 'NONE',  ( 117.0000000000000000, 204.1299999999999670, -24.99999999999999289 ) ) ;
#7332 = EDGE_CURVE ( 'NONE', #1336, #7420, #447, .T. ) ;
#7333 = CIRCLE ( 'NONE', #3549, 5.000000000000000888 ) ;
#7334 = DIRECTION ( 'NONE',  ( -0.000000000000000000, -0.000000000000000000, -1.000000000000000000 ) ) ;
#7335 = CARTESIAN_POINT ( 'NONE',  ( -83.27449352281632855, 338.7831876671893383, -25.20026045445792562 ) ) ;
#7336 = CARTESIAN_POINT ( 'NONE',  ( -78.99999999999273825, 449.3126959221328889, 14.11405596415074370 ) ) ;
#7337 = FACE_OUTER_BOUND ( 'NONE', #1601, .T. ) ;
#7338 = EDGE_LOOP ( 'NONE', ( #1828, #4452, #1839, #1603 ) ) ;
#7339 = AXIS2_PLACEMENT_3D ( 'NONE', #2151, #5861, #192 ) ;
#7340 = DIRECTION ( 'NONE',  ( -1.015794745118904431E-15, -1.000000000000000000, 0.000000000000000000 ) ) ;
#7341 = EDGE_CURVE ( 'NONE', #573, #8195, #6443, .T. ) ;
#7342 = DIRECTION ( 'NONE',  ( -2.035408878479453763E-14, -1.000000000000000000, 0.000000000000000000 ) ) ;
#7343 = DIRECTION ( 'NONE',  ( -0.9902680687416326455, 0.1391731009596220703, 0.000000000000000000 ) ) ;
#7344 = ORIENTED_EDGE ( 'NONE', *, *, #3387, .F. ) ;
#7345 = CARTESIAN_POINT ( 'NONE',  ( 79.36545911879642290, 344.8096197016244560, 30.00000000000000355 ) ) ;
#7346 = FACE_OUTER_BOUND ( 'NONE', #4058, .T. ) ;
#7347 = CIRCLE ( 'NONE', #8025, 7.999999999999847233 ) ;
#7348 = CARTESIAN_POINT ( 'NONE',  ( 108.0774164454513482, 260.2222934685145219, -27.99999999999999645 ) ) ;
#7349 = ORIENTED_EDGE ( 'NONE', *, *, #1958, .T. ) ;
#7350 = EDGE_CURVE ( 'NONE', #1248, #5891, #4498, .T. ) ;
#7351 = CARTESIAN_POINT ( 'NONE',  ( 290.9999999983658086, 204.1311561622549107, -24.99999999999999289 ) ) ;
#7352 = EDGE_CURVE ( 'NONE', #2665, #4787, #1333, .T. ) ;
#7353 = ORIENTED_EDGE ( 'NONE', *, *, #1927, .F. ) ;
#7354 = DIRECTION ( 'NONE',  ( 1.000000000000000000, 0.000000000000000000, 0.000000000000000000 ) ) ;
#7355 = DIRECTION ( 'NONE',  ( -1.000000000000000000, 0.000000000000000000, 0.000000000000000000 ) ) ;
#7356 = CARTESIAN_POINT ( 'NONE',  ( -85.20666687450787435, 332.1486441796030249, 26.87068196057952818 ) ) ;
#7357 = ORIENTED_EDGE ( 'NONE', *, *, #1387, .F. ) ;
#7358 = CARTESIAN_POINT ( 'NONE',  ( 0.000000000000000000, -59.00000000000001421, 30.00000000000000000 ) ) ;
#7359 = EDGE_CURVE ( 'NONE', #5120, #606, #7530, .T. ) ;
#7360 = ORIENTED_EDGE ( 'NONE', *, *, #8033, .F. ) ;
#7361 = CARTESIAN_POINT ( 'NONE',  ( 117.0000000016515855, 389.7200000000000273, -43.99999999999999289 ) ) ;
#7362 = CARTESIAN_POINT ( 'NONE',  ( -78.99999999999640465, 449.4439228662703840, -13.69011531077143395 ) ) ;
#7363 = CARTESIAN_POINT ( 'NONE',  ( 100.1552779659028829, 259.1088654696292224, -30.00000000000000000 ) ) ;
#7364 = CARTESIAN_POINT ( 'NONE',  ( -87.26340996662588623, 309.5546937584325065, -14.97529061977577136 ) ) ;
#7365 = VECTOR ( 'NONE', #2033, 1000.000000000000000 ) ;
#7366 = ORIENTED_EDGE ( 'NONE', *, *, #4981, .T. ) ;
#7367 = EDGE_CURVE ( 'NONE', #1392, #6611, #5723, .T. ) ;
#7368 = B_SPLINE_CURVE_WITH_KNOTS ( 'NONE', 3,
 ( #6867, #4949, #6143, #7507 ),
 .UNSPECIFIED., .F., .F.,
 ( 4, 4 ),
 ( 0.001400639186948140526, 0.01008048271422775158 ),
 .UNSPECIFIED. ) ;
#7369 = CARTESIAN_POINT ( 'NONE',  ( -79.66987298107781612, 402.3799999999999955, -27.50000000000000355 ) ) ;
#7370 = DIRECTION ( 'NONE',  ( 0.000000000000000000, 0.000000000000000000, 1.000000000000000000 ) ) ;
#7371 = ORIENTED_EDGE ( 'NONE', *, *, #2396, .F. ) ;
#7372 = LINE ( 'NONE', #5885, #4550 ) ;
#7373 = DIRECTION ( 'NONE',  ( -0.000000000000000000, -0.000000000000000000, -1.000000000000000000 ) ) ;
#7374 = FACE_OUTER_BOUND ( 'NONE', #6114, .T. ) ;
#7375 = CARTESIAN_POINT ( 'NONE',  ( 290.9999999983658086, 204.1311561622549107, 30.00000000000000000 ) ) ;
#7376 = CARTESIAN_POINT ( 'NONE',  ( -79.00301108005463391, 441.6670963265089540, 25.20133728353369662 ) ) ;
#7377 = EDGE_CURVE ( 'NONE', #1858, #5309, #7536, .T. ) ;
#7378 = VERTEX_POINT ( 'NONE', #4410 ) ;
#7379 = ADVANCED_FACE ( 'NONE', ( #8370 ), #8320, .T. ) ;
#7380 = DIRECTION ( 'NONE',  ( 0.9902680687415233995, 0.1391731009603990321, 0.000000000000000000 ) ) ;
#7381 = CARTESIAN_POINT ( 'NONE',  ( 84.17419972766283820, 341.7068990327452411, -27.50000000000000355 ) ) ;
#7382 = DIRECTION ( 'NONE',  ( -0.1391731009596216817, 0.9902680687416326455, 0.000000000000000000 ) ) ;
#7383 = ORIENTED_EDGE ( 'NONE', *, *, #3154, .T. ) ;
#7384 = FACE_OUTER_BOUND ( 'NONE', #2762, .T. ) ;
#7385 = FACE_OUTER_BOUND ( 'NONE', #2871, .T. ) ;
#7386 = TOROIDAL_SURFACE ( 'NONE', #3730, 405.0000000000001137, 5.000000000000000000 ) ;
#7387 = CARTESIAN_POINT ( 'NONE',  ( 86.78382365376850771, 318.3252239526696030, -22.57654564261382646 ) ) ;
#7388 = LINE ( 'NONE', #4879, #8214 ) ;
#7389 = EDGE_LOOP ( 'NONE', ( #4705, #6933, #4230, #4712 ) ) ;
#7390 = AXIS2_PLACEMENT_3D ( 'NONE', #7639, #8234, #1089 ) ;
#7391 = DIRECTION ( 'NONE',  ( 0.000000000000000000, -0.000000000000000000, -1.000000000000000000 ) ) ;
#7392 = VERTEX_POINT ( 'NONE', #8279 ) ;
#7393 = DIRECTION ( 'NONE',  ( 0.000000000000000000, 0.000000000000000000, -1.000000000000000000 ) ) ;
#7394 = DIRECTION ( 'NONE',  ( -2.009438925630560469E-14, -1.000000000000000000, 0.000000000000000000 ) ) ;
#7395 = DIRECTION ( 'NONE',  ( -0.000000000000000000, 0.000000000000000000, 1.000000000000000000 ) ) ;
#7396 = VECTOR ( 'NONE', #3392, 1000.000000000000114 ) ;
#7397 = ORIENTED_EDGE ( 'NONE', *, *, #161, .T. ) ;
#7398 = DIRECTION ( 'NONE',  ( 1.000000000000000000, 0.000000000000000000, 0.000000000000000000 ) ) ;
#7399 = CIRCLE ( 'NONE', #3483, 101.8889321881358967 ) ;
#7400 = ORIENTED_EDGE ( 'NONE', *, *, #2289, .F. ) ;
#7401 = CARTESIAN_POINT ( 'NONE',  ( -88.53476708403195516, 305.8666140833251461, 14.92131987174708208 ) ) ;
#7402 = CARTESIAN_POINT ( 'NONE',  ( -79.00000000000002842, 448.9170068169867704, -14.83812289813565855 ) ) ;
#7403 = CARTESIAN_POINT ( 'NONE',  ( 117.0000000016510313, 524.0000000000001137, 1.836970198721033139E-15 ) ) ;
#7404 = CARTESIAN_POINT ( 'NONE',  ( -88.27822797942755528, 305.7617627650387249, -10.85786437626901701 ) ) ;
#7405 = ADVANCED_FACE ( 'NONE', ( #4506 ), #3894, .F. ) ;
#7406 = EDGE_CURVE ( 'NONE', #5480, #4582, #3624, .T. ) ;
#7407 = AXIS2_PLACEMENT_3D ( 'NONE', #4085, #830, #4544 ) ;
#7408 = ORIENTED_EDGE ( 'NONE', *, *, #3754, .F. ) ;
#7409 = LINE ( 'NONE', #934, #129 ) ;
#7410 = DIRECTION ( 'NONE',  ( -0.000000000000000000, 0.000000000000000000, 1.000000000000000000 ) ) ;
#7411 = CIRCLE ( 'NONE', #8091, 6.999999999999985789 ) ;
#7412 = ORIENTED_EDGE ( 'NONE', *, *, #3706, .F. ) ;
#7413 = CARTESIAN_POINT ( 'NONE',  ( -91.99999999999945999, -9.345311655093861600E-14, -24.99999999999999645 ) ) ;
#7414 = CYLINDRICAL_SURFACE ( 'NONE', #2867, 12.00000000000001066 ) ;
#7415 = DIRECTION ( 'NONE',  ( 0.000000000000000000, 0.000000000000000000, 1.000000000000000000 ) ) ;
#7416 = DIRECTION ( 'NONE',  ( 1.000000000000000000, 0.000000000000000000, 0.000000000000000000 ) ) ;
#7417 = AXIS2_PLACEMENT_3D ( 'NONE', #8344, #1914, #4484 ) ;
#7418 = DIRECTION ( 'NONE',  ( 0.9902680687415225114, 0.1391731009604045832, 0.000000000000000000 ) ) ;
#7419 = EDGE_CURVE ( 'NONE', #6299, #8160, #6450, .T. ) ;
#7420 = VERTEX_POINT ( 'NONE', #571 ) ;
#7421 = AXIS2_PLACEMENT_3D ( 'NONE', #5810, #746, #3792 ) ;
#7422 = CYLINDRICAL_SURFACE ( 'NONE', #7733, 5.000000000000004441 ) ;
#7423 = CARTESIAN_POINT ( 'NONE',  ( 84.55621925212346923, 338.8249510030041165, -27.46190025178555771 ) ) ;
#7424 = CARTESIAN_POINT ( 'NONE',  ( 117.0000000016515855, 389.7200000000000273, -37.00000000000000711 ) ) ;
#7425 = ORIENTED_EDGE ( 'NONE', *, *, #3845, .F. ) ;
#7426 = CARTESIAN_POINT ( 'NONE',  ( -79.03331382734381805, 440.4668501844286084, -25.69996666704256327 ) ) ;
#7427 = DIRECTION ( 'NONE',  ( -1.000000000000000000, 0.000000000000000000, 0.000000000000000000 ) ) ;
#7428 = DIRECTION ( 'NONE',  ( 2.899471024374626861E-06, -0.9999999999915930582, 2.899471046591128351E-06 ) ) ;
#7429 = DIRECTION ( 'NONE',  ( -1.015794745118904037E-15, 1.000000000000000000, -0.000000000000000000 ) ) ;
#7430 = CIRCLE ( 'NONE', #3778, 5.000000000000010658 ) ;
#7431 = AXIS2_PLACEMENT_3D ( 'NONE', #2309, #1037, #6183 ) ;
#7432 = ORIENTED_EDGE ( 'NONE', *, *, #1825, .T. ) ;
#7433 = CARTESIAN_POINT ( 'NONE',  ( 76.12829888279323143, 439.3433066579819410, -21.46446609409191808 ) ) ;
#7434 = EDGE_CURVE ( 'NONE', #1879, #1981, #5913, .T. ) ;
#7435 = VERTEX_POINT ( 'NONE', #527 ) ;
#7436 = LINE ( 'NONE', #4216, #3933 ) ;
#7437 = AXIS2_PLACEMENT_3D ( 'NONE', #50, #1420, #7715 ) ;
#7438 = CARTESIAN_POINT ( 'NONE',  ( -77.21739130434782794, 448.4714566206622521, -10.85786437626900458 ) ) ;
#7439 = CARTESIAN_POINT ( 'NONE',  ( -83.99999999999994316, 402.3799999999999955, 27.99999999999999645 ) ) ;
#7440 = ORIENTED_EDGE ( 'NONE', *, *, #4337, .T. ) ;
#7441 = DIRECTION ( 'NONE',  ( 0.9902680687415233995, -0.1391731009603990321, 0.000000000000000000 ) ) ;
#7442 = ORIENTED_EDGE ( 'NONE', *, *, #3176, .F. ) ;
#7443 = CARTESIAN_POINT ( 'NONE',  ( -87.94582890595084734, 310.0571269639935963, 16.59877427628864410 ) ) ;
#7444 = CARTESIAN_POINT ( 'NONE',  ( -78.99999999997132250, 445.4449146090045701, -18.56513086949225766 ) ) ;
#7445 = CIRCLE ( 'NONE', #3800, 6.999999999999985789 ) ;
#7446 = DIRECTION ( 'NONE',  ( 0.000000000000000000, 0.000000000000000000, 1.000000000000000000 ) ) ;
#7447 = FACE_OUTER_BOUND ( 'NONE', #5819, .T. ) ;
#7448 = B_SPLINE_CURVE_WITH_KNOTS ( 'NONE', 3,
 ( #3697, #8223, #5294, #5169, #6613, #138, #7807, #2733, #1382, #645, #7208, #737, #5209, #815, #1423, #7125, #2093, #3357, #3912, #5886 ),
 .UNSPECIFIED., .F., .F.,
 ( 4, 2, 2, 2, 2, 2, 2, 2, 2, 4 ),
 ( 0.000000000000000000, 0.003547903960412041383, 0.007095807920824082765, 0.008869759901030175447, 0.01064371188123626813, 0.01153068787133932314, 0.01241766386144237469, 0.01330463985154542797, 0.01374812784659698410, 0.01419161584164854023 ),
 .UNSPECIFIED. ) ;
#7449 = ORIENTED_EDGE ( 'NONE', *, *, #6678, .T. ) ;
#7450 = VECTOR ( 'NONE', #4448, 1000.000000000000000 ) ;
#7452 = EDGE_CURVE ( 'NONE', #531, #6710, #7138, .T. ) ;
#7451 = FACE_BOUND ( 'NONE', #7634, .T. ) ;
#7453 = EDGE_CURVE ( 'NONE', #1336, #699, #2573, .T. ) ;
#7454 = CARTESIAN_POINT ( 'NONE',  ( -87.86474805044558423, 310.6340472283595773, -16.90557802250187081 ) ) ;
#7455 = ORIENTED_EDGE ( 'NONE', *, *, #1568, .F. ) ;
#7456 = CARTESIAN_POINT ( 'NONE',  ( -141.8475409834426557, 19.93537181034426098, 27.99999999999999645 ) ) ;
#7457 = EDGE_CURVE ( 'NONE', #5442, #544, #6179, .T. ) ;
#7458 = CARTESIAN_POINT ( 'NONE',  ( -74.00000000000000000, 442.1664864017459422, 25.00000000002125233 ) ) ;
#7459 = LINE ( 'NONE', #3096, #6025 ) ;
#7460 = DIRECTION ( 'NONE',  ( 0.000000000000000000, -0.000000000000000000, -1.000000000000000000 ) ) ;
#7461 = AXIS2_PLACEMENT_3D ( 'NONE', #721, #5107, #3765 ) ;
#7462 = CIRCLE ( 'NONE', #2190, 6.999999999999985789 ) ;
#7463 = DIRECTION ( 'NONE',  ( 0.1391731009604045832, -0.9902680687415227334, 0.000000000000000000 ) ) ;
#7464 = ORIENTED_EDGE ( 'NONE', *, *, #5055, .F. ) ;
#7465 = CARTESIAN_POINT ( 'NONE',  ( -79.36545911879640869, 344.8096197016245696, 25.00000000000000000 ) ) ;
#7466 = CARTESIAN_POINT ( 'NONE',  ( 86.42633046053022383, 320.8689201958040371, -23.75883903480126591 ) ) ;
#7467 = EDGE_CURVE ( 'NONE', #6383, #162, #6321, .T. ) ;
#7468 = VECTOR ( 'NONE', #6596, 1000.000000000000000 ) ;
#7469 = EDGE_CURVE ( 'NONE', #2469, #1021, #1223, .T. ) ;
#7470 = DIRECTION ( 'NONE',  ( -0.000000000000000000, 0.000000000000000000, 1.000000000000000000 ) ) ;
#7471 = ORIENTED_EDGE ( 'NONE', *, *, #66, .F. ) ;
#7472 = DIRECTION ( 'NONE',  ( 1.000000000000000000, 0.000000000000000000, 0.000000000000000000 ) ) ;
#7473 = DIRECTION ( 'NONE',  ( -0.1391731009596216817, 0.9902680687416326455, -0.000000000000000000 ) ) ;
#7474 = CARTESIAN_POINT ( 'NONE',  ( 84.87072297464348480, 335.9448923813760075, 27.29669403033166830 ) ) ;
#7475 = DIRECTION ( 'NONE',  ( -0.000000000000000000, 0.000000000000000000, 1.000000000000000000 ) ) ;
#7476 =( BOUNDED_SURFACE ( )  B_SPLINE_SURFACE ( 3, 2, ( 
 ( #1330, #3349, #5918 ),
 ( #5788, #7795, #726 ),
 ( #2683, #5114, #2723 ),
 ( #3941, #127, #3898 ) ),
 .UNSPECIFIED., .F., .F., .F. ) 
 B_SPLINE_SURFACE_WITH_KNOTS ( ( 4, 4 ),
 ( 3, 3 ),
 ( 0.0009713034143037472005, 0.006667001402729087582 ),
 ( 0.000000000000000000, 1.000000000000000000 ),
 .UNSPECIFIED. ) 
 GEOMETRIC_REPRESENTATION_ITEM ( )  RATIONAL_B_SPLINE_SURFACE ( (
 ( 1.000000000000000000, 0.8442925371453680050, 1.000000000000000000),
 ( 1.000000000000000000, 0.8455072092704107867, 1.000000000000000000),
 ( 1.000000000000000000, 0.8467482792405445213, 1.000000000000000000),
 ( 1.000000000000000000, 0.8480166907666076836, 1.000000000000000000) ) ) 
 REPRESENTATION_ITEM ( '' )  SURFACE ( )  );
#7477 = ORIENTED_EDGE ( 'NONE', *, *, #5427, .T. ) ;
#7478 = FACE_OUTER_BOUND ( 'NONE', #8133, .T. ) ;
#7479 = EDGE_LOOP ( 'NONE', ( #5856, #4390, #419, #4413 ) ) ;
#7480 = AXIS2_PLACEMENT_3D ( 'NONE', #1515, #6621, #2058 ) ;
#7481 = FACE_OUTER_BOUND ( 'NONE', #1898, .T. ) ;
#7482 = CARTESIAN_POINT ( 'NONE',  ( 79.00000000001455192, 449.3126959221322068, 14.11405596415283092 ) ) ;
#7483 = CARTESIAN_POINT ( 'NONE',  ( -81.69663850087331980, 334.7131738957839389, 24.53101470626350178 ) ) ;
#7484 = ADVANCED_FACE ( 'NONE', ( #7818 ), #5187, .F. ) ;
#7485 = ORIENTED_EDGE ( 'NONE', *, *, #950, .F. ) ;
#7486 = DIRECTION ( 'NONE',  ( 0.000000000000000000, 0.000000000000000000, 1.000000000000000000 ) ) ;
#7487 = ADVANCED_FACE ( 'NONE', ( #4709 ), #1396, .T. ) ;
#7488 = EDGE_CURVE ( 'NONE', #7111, #3690, #5501, .T. ) ;
#7489 = ORIENTED_EDGE ( 'NONE', *, *, #7554, .F. ) ;
#7490 = CARTESIAN_POINT ( 'NONE',  ( -85.14916676944923779, 316.9951061200583240, 17.92893218813448186 ) ) ;
#7491 = CARTESIAN_POINT ( 'NONE',  ( 88.17655282978100217, 308.4154409421196306, -15.59671130350347745 ) ) ;
#7492 = DIRECTION ( 'NONE',  ( 0.1391731009596216817, -0.9902680687416326455, 0.000000000000000000 ) ) ;
#7493 = LINE ( 'NONE', #2416, #8089 ) ;
#7494 = VERTEX_POINT ( 'NONE', #6628 ) ;
#7495 = DIRECTION ( 'NONE',  ( -1.000000000000000000, 0.000000000000000000, 0.000000000000000000 ) ) ;
#7496 = CARTESIAN_POINT ( 'NONE',  ( -88.76926981972894737, 304.1980404179250286, -10.85786437626908096 ) ) ;
#7497 = ORIENTED_EDGE ( 'NONE', *, *, #4099, .F. ) ;
#7498 = CARTESIAN_POINT ( 'NONE',  ( 117.0000000016515713, 1.000000000000225597, 0.000000000000000000 ) ) ;
#7499 = CARTESIAN_POINT ( 'NONE',  ( -84.00000000000000000, 538.9999999999998863, -30.00000000000000000 ) ) ;
#7500 = CARTESIAN_POINT ( 'NONE',  ( -146.7988813271502977, 20.63123731514629000, 24.99999999999999645 ) ) ;
#7501 = DIRECTION ( 'NONE',  ( -0.000000000000000000, 0.000000000000000000, 1.000000000000000000 ) ) ;
#7502 = ORIENTED_EDGE ( 'NONE', *, *, #7075, .F. ) ;
#7503 = DIRECTION ( 'NONE',  ( 0.000000000000000000, 0.000000000000000000, 1.000000000000000000 ) ) ;
#7504 = CARTESIAN_POINT ( 'NONE',  ( -98.99999999999880629, 1.989344536374230892E-12, -24.99999999999999289 ) ) ;
#7505 = CARTESIAN_POINT ( 'NONE',  ( 79.00000000000000000, 451.7412242848815254, -14.42188821138934252 ) ) ;
#7506 = EDGE_LOOP ( 'NONE', ( #7031, #6670, #8375, #3643, #2751, #7449, #2204, #5182 ) ) ;
#7507 = CARTESIAN_POINT ( 'NONE',  ( 85.14916676944930884, 316.9951061200580398, -17.92893218813447476 ) ) ;
#7508 = DIRECTION ( 'NONE',  ( -0.1391731009604046665, -0.9902680687415226224, 0.000000000000000000 ) ) ;
#7509 = CARTESIAN_POINT ( 'NONE',  ( 95.86357670959664290, 347.1282789188523452, -24.99999999999999645 ) ) ;
#7510 = DIRECTION ( 'NONE',  ( 2.009438925630560469E-14, 1.000000000000000000, -0.000000000000000000 ) ) ;
#7511 = EDGE_CURVE ( 'NONE', #2716, #2401, #2007, .T. ) ;
#7512 = ORIENTED_EDGE ( 'NONE', *, *, #4720, .T. ) ;
#7513 = CARTESIAN_POINT ( 'NONE',  ( -84.55621964920480593, 338.8249440328015680, -27.46189909131684459 ) ) ;
#7514 = ORIENTED_EDGE ( 'NONE', *, *, #7352, .T. ) ;
#7515 = DIRECTION ( 'NONE',  ( -2.009438925630560469E-14, -1.000000000000000000, -0.000000000000000000 ) ) ;
#7516 = CARTESIAN_POINT ( 'NONE',  ( 79.00000000000000000, 447.4529178928170836, 20.82025838329129286 ) ) ;
#7517 = CARTESIAN_POINT ( 'NONE',  ( 489.0000000000001137, 402.3800000000000523, -24.99999999999999289 ) ) ;
#7518 =( BOUNDED_SURFACE ( )  B_SPLINE_SURFACE ( 3, 2, ( 
 ( #2054, #180, #2775 ),
 ( #1383, #4073, #4623 ),
 ( #6534, #12, #2136 ),
 ( #1966, #3956, #5332 ),
 ( #3321, #5887, #7210 ),
 ( #6660, #866, #3442 ),
 ( #386, #6136, #5416 ),
 ( #8138, #6012, #3484 ),
 ( #6736, #7336, #2219 ),
 ( #6096, #2932, #5456 ),
 ( #6694, #905, #4780 ),
 ( #304, #8096, #5497 ) ),
 .UNSPECIFIED., .F., .F., .F. ) 
 B_SPLINE_SURFACE_WITH_KNOTS ( ( 4, 2, 2, 2, 2, 4 ),
 ( 3, 3 ),
 ( -1.734723475976807094E-18, 0.003094710648290872890, 0.004642065972436310202, 0.006189421296581747514, 0.009284131944872622139, 0.01237884259316349676 ),
 ( 0.000000000000000000, 1.000000000000000000 ),
 .UNSPECIFIED. ) 
 GEOMETRIC_REPRESENTATION_ITEM ( )  RATIONAL_B_SPLINE_SURFACE ( (
 ( 1.000000000000000000, 0.8480166907666411014, 1.000000000000000000),
 ( 1.000000000000000000, 0.8565585959012198547, 1.000000000000000000),
 ( 1.000000000000000000, 0.8643910554291930337, 1.000000000000000000),
 ( 1.000000000000000000, 0.8749761772311562824, 1.000000000000000000),
 ( 1.000000000000000000, 0.8783100035035419362, 1.000000000000000000),
 ( 1.000000000000000000, 0.8845524299669386137, 1.000000000000000000),
 ( 1.000000000000000000, 0.8874532316905555662, 1.000000000000000000),
 ( 1.000000000000000000, 0.8952633520843547021, 1.000000000000000000),
 ( 1.000000000000000000, 0.8993680747176340251, 1.000000000000000000),
 ( 1.000000000000000000, 0.9050375422472924924, 1.000000000000000000),
 ( 1.000000000000000000, 0.9064986908117845799, 1.000000000000000000),
 ( 1.000000000000000000, 0.9064982793336020528, 1.000000000000000000) ) ) 
 REPRESENTATION_ITEM ( '' )  SURFACE ( )  );
#7519 = ADVANCED_FACE ( 'NONE', ( #7137 ), #6995, .F. ) ;
#7520 = CIRCLE ( 'NONE', #623, 406.0000000000167688 ) ;
#7521 = VERTEX_POINT ( 'NONE', #6669 ) ;
#7522 = CARTESIAN_POINT ( 'NONE',  ( -85.91496060409230040, 324.5736652630491790, 25.30330085889915637 ) ) ;
#7523 = ORIENTED_EDGE ( 'NONE', *, *, #6332, .T. ) ;
#7524 = CIRCLE ( 'NONE', #5353, 5.000000000000000888 ) ;
#7525 = CARTESIAN_POINT ( 'NONE',  ( -86.80529651688472370, 311.2147608295387045, 15.79908203010410972 ) ) ;
#7526 = CARTESIAN_POINT ( 'NONE',  ( 86.49089639507582206, 312.3373508923465351, -16.28705761121241125 ) ) ;
#7527 = CARTESIAN_POINT ( 'NONE',  ( 87.14584108898682757, 315.7493360551335968, -21.46446609406720896 ) ) ;
#7528 = DIRECTION ( 'NONE',  ( -0.000000000000000000, 0.000000000000000000, 1.000000000000000000 ) ) ;
#7529 = VERTEX_POINT ( 'NONE', #3966 ) ;
#7530 = CIRCLE ( 'NONE', #6035, 413.6602540378444814 ) ;
#7531 = FACE_OUTER_BOUND ( 'NONE', #5093, .T. ) ;
#7532 = ORIENTED_EDGE ( 'NONE', *, *, #3904, .F. ) ;
#7533 = CYLINDRICAL_SURFACE ( 'NONE', #2427, 15.00000000000001421 ) ;
#7534 = CARTESIAN_POINT ( 'NONE',  ( 86.95898451785264172, 310.6611109014474437, 15.54090944346596714 ) ) ;
#7535 = DIRECTION ( 'NONE',  ( 0.000000000000000000, 0.000000000000000000, -1.000000000000000000 ) ) ;
#7536 = CIRCLE ( 'NONE', #504, 15.00000000000002487 ) ;
#7537 = CARTESIAN_POINT ( 'NONE',  ( -78.52966720325012773, 436.8905468820479996, 24.10129431106198084 ) ) ;
#7538 = VERTEX_POINT ( 'NONE', #5900 ) ;
#7539 = AXIS2_PLACEMENT_3D ( 'NONE', #4363, #2519, #6994 ) ;
#7540 = FILL_AREA_STYLE ('',( #3143 ) ) ;
#7541 = EDGE_LOOP ( 'NONE', ( #5635, #236, #6557, #3587 ) ) ;
#7542 = LINE ( 'NONE', #1119, #7846 ) ;
#7543 = ORIENTED_EDGE ( 'NONE', *, *, #114, .T. ) ;
#7544 = FACE_OUTER_BOUND ( 'NONE', #6396, .T. ) ;
#7545 = CARTESIAN_POINT ( 'NONE',  ( 117.0000000016515855, 389.7200000000000273, -43.99999999999999289 ) ) ;
#7546 = CIRCLE ( 'NONE', #3364, 413.6602540378445383 ) ;
#7547 = CARTESIAN_POINT ( 'NONE',  ( 82.19450074527867400, 315.0534705503354758, -21.46446609406719830 ) ) ;
#7548 = ORIENTED_EDGE ( 'NONE', *, *, #7467, .T. ) ;
#7549 = CARTESIAN_POINT ( 'NONE',  ( -125.3494233923987906, 17.61671259297396475, -30.00000000000000355 ) ) ;
#7550 = CARTESIAN_POINT ( 'NONE',  ( -108.0774088119515710, 260.2223477814061994, 27.99999999999999645 ) ) ;
#7551 = ORIENTED_EDGE ( 'NONE', *, *, #4851, .F. ) ;
#7552 = EDGE_CURVE ( 'NONE', #5124, #699, #5988, .T. ) ;
#7553 = CARTESIAN_POINT ( 'NONE',  ( 8.673617379884035472E-16, 261.0399999999990541, -25.00000000000000000 ) ) ;
#7554 = EDGE_CURVE ( 'NONE', #8348, #5684, #1606, .T. ) ;
#7555 = DIRECTION ( 'NONE',  ( 0.000000000000000000, -0.000000000000000000, -1.000000000000000000 ) ) ;
#7556 = CARTESIAN_POINT ( 'NONE',  ( -78.99999999999998579, 448.2117885400297155, -20.11179491778377937 ) ) ;
#7557 = AXIS2_PLACEMENT_3D ( 'NONE', #3436, #4231, #4774 ) ;
#7558 = ORIENTED_EDGE ( 'NONE', *, *, #3323, .T. ) ;
#7559 = ORIENTED_EDGE ( 'NONE', *, *, #3971, .F. ) ;
#7560 = CARTESIAN_POINT ( 'NONE',  ( -86.01691566009590417, 323.7820578707197683, 25.09776014238673625 ) ) ;
#7561 = CIRCLE ( 'NONE', #2717, 98.96000000000141483 ) ;
#7562 = ORIENTED_EDGE ( 'NONE', *, *, #796, .F. ) ;
#7563 = ADVANCED_FACE ( 'NONE', ( #1520 ), #2551, .F. ) ;
#7564 = B_SPLINE_CURVE_WITH_KNOTS ( 'NONE', 3,
 ( #5550, #8151, #1001, #7474, #4878, #1080, #274, #436, #1643, #4914 ),
 .UNSPECIFIED., .F., .F.,
 ( 4, 2, 2, 2, 4 ),
 ( 0.000000000000000000, 0.004358604152739102913, 0.008717208305478205826, 0.01307581245821730874, 0.01743441661095641165 ),
 .UNSPECIFIED. ) ;
#7565 = EDGE_CURVE ( 'NONE', #3842, #3399, #4100, .T. ) ;
#7566 = CYLINDRICAL_SURFACE ( 'NONE', #7655, 5.000000000000000888 ) ;
#7567 = FACE_OUTER_BOUND ( 'NONE', #4128, .T. ) ;
#7568 = CARTESIAN_POINT ( 'NONE',  ( 88.76926981972893316, 304.1980404179250286, -10.85786437626901701 ) ) ;
#7569 = AXIS2_PLACEMENT_3D ( 'NONE', #2864, #5424, #1518 ) ;
#7570 = CARTESIAN_POINT ( 'NONE',  ( -59.00000000000019185, 389.7200000000000273, -44.00000000000000000 ) ) ;
#7571 = EDGE_LOOP ( 'NONE', ( #7249, #615 ) ) ;
#7572 = CARTESIAN_POINT ( 'NONE',  ( -489.0000000000001137, 402.3800000000000523, -27.99999999999999289 ) ) ;
#7573 = AXIS2_PLACEMENT_3D ( 'NONE', #4796, #5472, #2363 ) ;
#7574 = AXIS2_PLACEMENT_3D ( 'NONE', #4789, #2310, #3451 ) ;
#7575 = ORIENTED_EDGE ( 'NONE', *, *, #6247, .T. ) ;
#7576 = DIRECTION ( 'NONE',  ( -1.015794745118904037E-15, 1.000000000000000000, -0.000000000000000000 ) ) ;
#7577 = CARTESIAN_POINT ( 'NONE',  ( 87.74642017352671530, 311.4759938210873997, 19.34560630496078559 ) ) ;
#7578 = CARTESIAN_POINT ( 'NONE',  ( 83.93619253030963989, 324.8289773764568622, 21.46446609406721606 ) ) ;
#7579 = CARTESIAN_POINT ( 'NONE',  ( -79.54376775999172366, 433.6972912049356523, 27.26887997941342690 ) ) ;
#7580 = AXIS2_PLACEMENT_3D ( 'NONE', #5897, #6667, #4586 ) ;
#7581 = VERTEX_POINT ( 'NONE', #5261 ) ;
#7582 = EDGE_CURVE ( 'NONE', #8160, #1190, #6311, .T. ) ;
#7583 = CARTESIAN_POINT ( 'NONE',  ( 75.50943767762429104, 430.1860703701077000, 25.00000000000000000 ) ) ;
#7584 = ORIENTED_EDGE ( 'NONE', *, *, #4999, .T. ) ;
#7585 = ADVANCED_FACE ( 'NONE', ( #3922 ), #1874, .T. ) ;
#7586 = CARTESIAN_POINT ( 'NONE',  ( -114.9999999999999858, -59.00000000000001421, 24.99999999999999645 ) ) ;
#7587 = ORIENTED_EDGE ( 'NONE', *, *, #1238, .T. ) ;
#7588 = DIRECTION ( 'NONE',  ( 1.000000000000000000, 0.000000000000000000, 0.000000000000000000 ) ) ;
#7589 = CARTESIAN_POINT ( 'NONE',  ( 79.03329762233558142, 440.4674920403786587, -25.69970001487390121 ) ) ;
#7590 = AXIS2_PLACEMENT_3D ( 'NONE', #8109, #8060, #6228 ) ;
#7591 = CARTESIAN_POINT ( 'NONE',  ( -87.74642017354625523, 311.4759938209484176, 19.34560630520423530 ) ) ;
#7592 = CARTESIAN_POINT ( 'NONE',  ( -111.9999999999999858, -59.00000000000001421, 30.00000000000000000 ) ) ;
#7593 = AXIS2_PLACEMENT_3D ( 'NONE', #4907, #7503, #5380 ) ;
#7594 = VERTEX_POINT ( 'NONE', #3297 ) ;
#7595 = CARTESIAN_POINT ( 'NONE',  ( 100.9999999999987921, 1.000000000000209166, 0.000000000000000000 ) ) ;
#7596 = CARTESIAN_POINT ( 'NONE',  ( 117.0000000016510313, 524.0000000000001137, 1.836970198721033139E-15 ) ) ;
#7597 = ORIENTED_EDGE ( 'NONE', *, *, #1164, .F. ) ;
#7598 = CARTESIAN_POINT ( 'NONE',  ( 79.00000000000000000, 446.6320201490439104, -21.46446609406715567 ) ) ;
#7599 = FACE_OUTER_BOUND ( 'NONE', #2201, .T. ) ;
#7600 = TOROIDAL_SURFACE ( 'NONE', #4626, 403.0000000000167688, 5.000000000000000000 ) ;
#7601 = CARTESIAN_POINT ( 'NONE',  ( 111.9999999999999858, 0.000000000000000000, -24.99999999999999289 ) ) ;
#7602 = ORIENTED_EDGE ( 'NONE', *, *, #6441, .F. ) ;
#7603 = EDGE_CURVE ( 'NONE', #5977, #6506, #3755, .T. ) ;
#7604 = ADVANCED_FACE ( 'NONE', ( #5941 ), #1003, .T. ) ;
#7605 = ORIENTED_EDGE ( 'NONE', *, *, #190, .T. ) ;
#7606 = LINE ( 'NONE', #4374, #2481 ) ;
#7607 = AXIS2_PLACEMENT_3D ( 'NONE', #7351, #7222, #6632 ) ;
#7608 = ORIENTED_EDGE ( 'NONE', *, *, #4089, .F. ) ;
#7609 = CARTESIAN_POINT ( 'NONE',  ( -111.9999999999999858, 0.000000000000000000, -27.99999999999999645 ) ) ;
#7610 = CARTESIAN_POINT ( 'NONE',  ( 87.66206441903742075, 308.0852279706458035, -14.07844690557615586 ) ) ;
#7611 = CARTESIAN_POINT ( 'NONE',  ( -85.73285351711265889, 325.2214417901892602, -23.12402105296177623 ) ) ;
#7612 = CARTESIAN_POINT ( 'NONE',  ( 290.9999999983658086, 204.1311561622549107, 30.00000000000000000 ) ) ;
#7613 = DIRECTION ( 'NONE',  ( -0.000000000000000000, -0.000000000000000000, -1.000000000000000000 ) ) ;
#7614 = VECTOR ( 'NONE', #5854, 1000.000000000000000 ) ;
#7615 = EDGE_CURVE ( 'NONE', #1262, #1265, #2229, .T. ) ;
#7616 = ORIENTED_EDGE ( 'NONE', *, *, #5641, .T. ) ;
#7617 = ADVANCED_FACE ( 'NONE', ( #3576 ), #3495, .F. ) ;
#7618 = ORIENTED_EDGE ( 'NONE', *, *, #4319, .T. ) ;
#7619 = CARTESIAN_POINT ( 'NONE',  ( -83.93619253030961147, 324.8289773764569190, 21.46446609406723027 ) ) ;
#7620 = CARTESIAN_POINT ( 'NONE',  ( 86.80529651687874093, 311.2147608295571217, 15.79908203011092027 ) ) ;
#7621 = CARTESIAN_POINT ( 'NONE',  ( -60.00000000000000711, 389.7200000000000273, -44.99999999999985079 ) ) ;
#7622 = CARTESIAN_POINT ( 'NONE',  ( -79.19699856154288398, 438.2671687664138176, 26.39716207194641839 ) ) ;
#7623 = EDGE_CURVE ( 'NONE', #6787, #1186, #7819, .T. ) ;
#7624 = ORIENTED_EDGE ( 'NONE', *, *, #6963, .F. ) ;
#7625 = CARTESIAN_POINT ( 'NONE',  ( 79.35968070649842332, 436.2999409577983556, 26.86485877727280069 ) ) ;
#7626 = ORIENTED_EDGE ( 'NONE', *, *, #4799, .T. ) ;
#7627 = CARTESIAN_POINT ( 'NONE',  ( 77.01098267907141803, 447.5541258362799795, -14.20732718488668667 ) ) ;
#7628 = EDGE_LOOP ( 'NONE', ( #4260, #6672, #5912, #7562 ) ) ;
#7629 = FACE_BOUND ( 'NONE', #7571, .T. ) ;
#7630 = CARTESIAN_POINT ( 'NONE',  ( 98.99999999999880629, 1.989344536374230892E-12, 24.99999999999999645 ) ) ;
#7631 = CARTESIAN_POINT ( 'NONE',  ( -88.76926981972894737, 304.1980404179250286, 10.85786437626894774 ) ) ;
#7632 = CARTESIAN_POINT ( 'NONE',  ( 88.07110225853921293, 309.1657607439815365, 17.88243197670301399 ) ) ;
#7633 = ADVANCED_FACE ( 'NONE', ( #2945, #318, #1041 ), #2990, .F. ) ;
#7634 = EDGE_LOOP ( 'NONE', ( #246, #6254, #5248, #1826, #3700, #7714, #832, #3376 ) ) ;
#7635 = DIRECTION ( 'NONE',  ( 0.000000000000000000, 1.000000000000000000, 0.000000000000000000 ) ) ;
#7636 = DIRECTION ( 'NONE',  ( 0.000000000000000000, 0.000000000000000000, 1.000000000000000000 ) ) ;
#7637 = ORIENTED_EDGE ( 'NONE', *, *, #7659, .T. ) ;
#7638 = CARTESIAN_POINT ( 'NONE',  ( 112.0000000016510597, 204.1311561622549107, -27.99999999999999289 ) ) ;
#7639 = CARTESIAN_POINT ( 'NONE',  ( 111.9999999999999858, 204.1299999999999670, -24.99999999999999289 ) ) ;
#7640 = DIRECTION ( 'NONE',  ( 0.000000000000000000, 0.000000000000000000, 1.000000000000000000 ) ) ;
#7641 = ORIENTED_EDGE ( 'NONE', *, *, #5841, .F. ) ;
#7642 = EDGE_LOOP ( 'NONE', ( #2308, #461, #4298, #3876, #8340 ) ) ;
#7643 = CARTESIAN_POINT ( 'NONE',  ( 83.01121062364804004, 340.1763625595557414, 25.13630406991135757 ) ) ;
#7644 = ORIENTED_EDGE ( 'NONE', *, *, #4711, .T. ) ;
#7645 = DIRECTION ( 'NONE',  ( 0.000000000000000000, 0.000000000000000000, -1.000000000000000000 ) ) ;
#7646 = B_SPLINE_CURVE_WITH_KNOTS ( 'NONE', 3,
 ( #5879, #3274, #2685, #7201 ),
 .UNSPECIFIED., .F., .F.,
 ( 4, 4 ),
 ( 3.469446951953614189E-18, 0.008483116471232225730 ),
 .UNSPECIFIED. ) ;
#7647 = LINE ( 'NONE', #1861, #4931 ) ;
#7648 = CARTESIAN_POINT ( 'NONE',  ( 88.27822797667786858, 305.7617627704664187, -11.32439327556809339 ) ) ;
#7649 = CARTESIAN_POINT ( 'NONE',  ( 111.9999999999999858, -59.00000000000001421, -27.99999999999999645 ) ) ;
#7650 = AXIS2_PLACEMENT_3D ( 'NONE', #537, #7014, #5730 ) ;
#7651 = CARTESIAN_POINT ( 'NONE',  ( -133.9253964332668829, 18.82198700251885981, 27.99999999999999645 ) ) ;
#7652 = CARTESIAN_POINT ( 'NONE',  ( 76.32559391257660764, 444.4705822475600030, 17.53101084057772496 ) ) ;
#7653 = ORIENTED_EDGE ( 'NONE', *, *, #7603, .T. ) ;
#7654 = CARTESIAN_POINT ( 'NONE',  ( 0.000000000000000000, 538.9999999999998863, -27.99999999999999645 ) ) ;
#7655 = AXIS2_PLACEMENT_3D ( 'NONE', #5775, #8377, #1781 ) ;
#7656 = CYLINDRICAL_SURFACE ( 'NONE', #528, 408.0000000000167688 ) ;
#7657 = ORIENTED_EDGE ( 'NONE', *, *, #5010, .T. ) ;
#7658 = DIRECTION ( 'NONE',  ( -1.000000000000000000, -1.023284752087778828E-15, -0.000000000000000000 ) ) ;
#7659 = EDGE_CURVE ( 'NONE', #4224, #4776, #7388, .T. ) ;
#7660 = CARTESIAN_POINT ( 'NONE',  ( 88.28265967015282456, 307.6604515428452373, 15.03226854692950276 ) ) ;
#7661 = EDGE_CURVE ( 'NONE', #699, #2160, #6023, .T. ) ;
#7662 = DIRECTION ( 'NONE',  ( 0.9902680687416325345, -0.1391731009596222646, 0.000000000000000000 ) ) ;
#7663 = DIRECTION ( 'NONE',  ( -0.000000000000000000, -1.000000000000000000, 0.000000000000000000 ) ) ;
#7664 = VECTOR ( 'NONE', #2084, 1000.000000000000000 ) ;
#7665 = VERTEX_POINT ( 'NONE', #7348 ) ;
#7666 = ORIENTED_EDGE ( 'NONE', *, *, #1213, .T. ) ;
#7667 = CARTESIAN_POINT ( 'NONE',  ( 79.00000000001078604, 447.9713455113258078, -16.23374959399990658 ) ) ;
#7668 = CIRCLE ( 'NONE', #4947, 394.9999999999878924 ) ;
#7669 = ORIENTED_EDGE ( 'NONE', *, *, #8386, .T. ) ;
#7670 = DIRECTION ( 'NONE',  ( -0.1391731009596220703, -0.9902680687416326455, -0.000000000000000000 ) ) ;
#7671 = CARTESIAN_POINT ( 'NONE',  ( 79.00920761912590251, 441.4216607543467603, -25.30330085889911729 ) ) ;
#7672 = EDGE_CURVE ( 'NONE', #3752, #4189, #971, .T. ) ;
#7673 = CYLINDRICAL_SURFACE ( 'NONE', #4340, 3.000000000000002665 ) ;
#7674 = CARTESIAN_POINT ( 'NONE',  ( -75.84945967439298897, 433.4042740453232341, -24.52964900917497104 ) ) ;
#7675 = AXIS2_PLACEMENT_3D ( 'NONE', #1853, #5766, #7005 ) ;
#7676 = VERTEX_POINT ( 'NONE', #5466 ) ;
#7677 = CARTESIAN_POINT ( 'NONE',  ( 81.00000000000000000, 494.0000000000001137, 0.000000000000000000 ) ) ;
#7678 = B_SPLINE_CURVE_WITH_KNOTS ( 'NONE', 3,
 ( #2667, #2068, #1399, #5225, #5990, #2786, #3968, #3335, #107, #5347, #1435, #7943, #6586, #3375 ),
 .UNSPECIFIED., .F., .F.,
 ( 4, 2, 2, 2, 2, 2, 4 ),
 ( 0.000000000000000000, 0.003094710648290868119, 0.004642065972436306732, 0.006189421296581744912, 0.009284131944872620404, 0.01083148726901806032, 0.01237884259316350023 ),
 .UNSPECIFIED. ) ;
#7679 = CARTESIAN_POINT ( 'NONE',  ( -95.86357670959640132, 347.1282789188539368, 30.00000000000000000 ) ) ;
#7680 = EDGE_LOOP ( 'NONE', ( #5033, #6681, #1421, #4919 ) ) ;
#7681 = VECTOR ( 'NONE', #583, 1000.000000000000000 ) ;
#7682 = DIRECTION ( 'NONE',  ( -1.000000000000000000, 2.009438925630560469E-14, 0.000000000000000000 ) ) ;
#7683 = CIRCLE ( 'NONE', #4961, 2.999999999999999112 ) ;
#7684 = DIRECTION ( 'NONE',  ( 0.000000000000000000, 0.000000000000000000, -1.000000000000000000 ) ) ;
#7685 = CARTESIAN_POINT ( 'NONE',  ( -79.00000000000000000, 446.6320201490439104, -21.46446609406715567 ) ) ;
#7686 = ORIENTED_EDGE ( 'NONE', *, *, #4291, .F. ) ;
#7687 = ORIENTED_EDGE ( 'NONE', *, *, #7672, .T. ) ;
#7688 = EDGE_CURVE ( 'NONE', #4925, #2873, #6862, .T. ) ;
#7689 = AXIS2_PLACEMENT_3D ( 'NONE', #5963, #169, #2125 ) ;
#7690 = CARTESIAN_POINT ( 'NONE',  ( 85.38045511945207977, 330.0237874716078181, 26.53062026429853759 ) ) ;
#7691 = ORIENTED_EDGE ( 'NONE', *, *, #5662, .T. ) ;
#7692 = CARTESIAN_POINT ( 'NONE',  ( -88.62327657762207878, 305.2368363124884354, -14.09889106040087547 ) ) ;
#7693 = VECTOR ( 'NONE', #5674, 1000.000000000000000 ) ;
#7694 = DIRECTION ( 'NONE',  ( 0.1391731009604046665, 0.9902680687415226224, 0.000000000000000000 ) ) ;
#7695 = CARTESIAN_POINT ( 'NONE',  ( -87.14584108898684178, 315.7493360551335968, -21.46446609406721961 ) ) ;
#7696 = DIRECTION ( 'NONE',  ( 0.000000000000000000, 1.000000000000000000, -0.000000000000000000 ) ) ;
#7697 = DIRECTION ( 'NONE',  ( -0.1391731009596217095, 0.9902680687416327565, -0.000000000000000000 ) ) ;
#7698 = DIRECTION ( 'NONE',  ( -0.000000000000000000, -0.000000000000000000, -1.000000000000000000 ) ) ;
#7699 = ORIENTED_EDGE ( 'NONE', *, *, #4864, .T. ) ;
#7700 = VECTOR ( 'NONE', #6954, 1000.000000000000114 ) ;
#7701 = CARTESIAN_POINT ( 'NONE',  ( -85.14916676944922358, 316.9951061200583240, 17.92893218813446055 ) ) ;
#7702 = FACE_OUTER_BOUND ( 'NONE', #1786, .T. ) ;
#7703 = ORIENTED_EDGE ( 'NONE', *, *, #3882, .F. ) ;
#7704 = CARTESIAN_POINT ( 'NONE',  ( 117.0000000016515855, -13.99999999999977263, 0.000000000000000000 ) ) ;
#7705 = FACE_OUTER_BOUND ( 'NONE', #4281, .T. ) ;
#7706 = AXIS2_PLACEMENT_3D ( 'NONE', #7907, #6507, #1526 ) ;
#7707 = FACE_OUTER_BOUND ( 'NONE', #8122, .T. ) ;
#7708 = CARTESIAN_POINT ( 'NONE',  ( -84.00000000000000000, 0.000000000000000000, -27.99999999999999645 ) ) ;
#7709 = ORIENTED_EDGE ( 'NONE', *, *, #7302, .T. ) ;
#7710 = EDGE_CURVE ( 'NONE', #4488, #4014, #6726, .T. ) ;
#7711 = ADVANCED_FACE ( 'NONE', ( #6870 ), #2827, .F. ) ;
#7712 = EDGE_CURVE ( 'NONE', #3561, #2015, #4248, .T. ) ;
#7713 = CARTESIAN_POINT ( 'NONE',  ( -87.14584108898684178, 315.7493360551335968, -21.46446609406721961 ) ) ;
#7714 = ORIENTED_EDGE ( 'NONE', *, *, #6060, .F. ) ;
#7715 = DIRECTION ( 'NONE',  ( 9.251858538542961967E-16, -1.000000000000000000, 0.000000000000000000 ) ) ;
#7716 = ORIENTED_EDGE ( 'NONE', *, *, #6930, .F. ) ;
#7717 = CARTESIAN_POINT ( 'NONE',  ( -92.00000000000000000, 538.9999999999998863, -27.99999999999999645 ) ) ;
#7718 = CARTESIAN_POINT ( 'NONE',  ( 290.9999999983658086, 204.1311561622549107, 24.99999999999999645 ) ) ;
#7719 = CARTESIAN_POINT ( 'NONE',  ( -88.62320369873667403, 305.2373548727031789, 14.10051797289511555 ) ) ;
#7720 = CIRCLE ( 'NONE', #4063, 15.00000000000000000 ) ;
#7721 = CARTESIAN_POINT ( 'NONE',  ( 76.13679048190850551, 438.5910271985748636, -22.07106781186546485 ) ) ;
#7722 = EDGE_CURVE ( 'NONE', #450, #684, #4560, .T. ) ;
#7724 = ADVANCED_FACE ( 'NONE', ( #6705 ), #4834, .F. ) ;
#7723 = ORIENTED_EDGE ( 'NONE', *, *, #4135, .T. ) ;
#7725 = CARTESIAN_POINT ( 'NONE',  ( -91.99999999999985789, 402.3799999999999955, -24.99999999999999645 ) ) ;
#7726 = VECTOR ( 'NONE', #6398, 1000.000000000000000 ) ;
#7727 = DIRECTION ( 'NONE',  ( 1.000000000000000000, 0.000000000000000000, 0.000000000000000000 ) ) ;
#7728 = ORIENTED_EDGE ( 'NONE', *, *, #1269, .T. ) ;
#7729 = CARTESIAN_POINT ( 'NONE',  ( 115.0000000000209184, 204.1300056674620862, 24.99999999999999645 ) ) ;
#7730 = DIRECTION ( 'NONE',  ( 0.000000000000000000, -1.000000000000000000, 0.000000000000000000 ) ) ;
#7731 = DIRECTION ( 'NONE',  ( -0.000000000000000000, 0.000000000000000000, 1.000000000000000000 ) ) ;
#7732 = CARTESIAN_POINT ( 'NONE',  ( 60.00000000000000711, 0.000000000000000000, -25.00000000000000000 ) ) ;
#7733 = AXIS2_PLACEMENT_3D ( 'NONE', #6058, #7340, #1590 ) ;
#7734 = CIRCLE ( 'NONE', #4080, 3.000000000000006217 ) ;
#7735 = ORIENTED_EDGE ( 'NONE', *, *, #7377, .F. ) ;
#7737 = EDGE_CURVE ( 'NONE', #6036, #1624, #4169, .T. ) ;
#7736 = ORIENTED_EDGE ( 'NONE', *, *, #6874, .F. ) ;
#7738 = CARTESIAN_POINT ( 'NONE',  ( 74.00000000000000000, 446.6320201490439104, -21.46446609406716277 ) ) ;
#7739 = ORIENTED_EDGE ( 'NONE', *, *, #1269, .F. ) ;
#7740 = AXIS2_PLACEMENT_3D ( 'NONE', #6454, #661, #3254 ) ;
#7741 = CARTESIAN_POINT ( 'NONE',  ( 82.54167511510334521, 330.9487999535191420, 23.72164590209202117 ) ) ;
#7742 = DIRECTION ( 'NONE',  ( -0.1391731009596220703, -0.9902680687416326455, 0.000000000000000000 ) ) ;
#7743 = DIRECTION ( 'NONE',  ( 0.000000000000000000, 0.000000000000000000, -1.000000000000000000 ) ) ;
#7744 = CARTESIAN_POINT ( 'NONE',  ( -85.82592594987212919, 324.8329121795266019, -22.96620933758608274 ) ) ;
#7745 = EDGE_CURVE ( 'NONE', #410, #1071, #6791, .T. ) ;
#7746 = CARTESIAN_POINT ( 'NONE',  ( 78.99999999999944578, 441.9174869739203473, -25.09941499071648963 ) ) ;
#7747 = CARTESIAN_POINT ( 'NONE',  ( -117.0000000000000000, -59.00000000000001421, -24.99999999999999289 ) ) ;
#7748 = EDGE_CURVE ( 'NONE', #346, #7769, #6042, .T. ) ;
#7749 = AXIS2_PLACEMENT_3D ( 'NONE', #5469, #7391, #3660 ) ;
#7750 = EDGE_LOOP ( 'NONE', ( #7624, #3352, #3815, #609 ) ) ;
#7751 = DIRECTION ( 'NONE',  ( 0.000000000000000000, 1.000000000000000000, 0.000000000000000000 ) ) ;
#7752 = CYLINDRICAL_SURFACE ( 'NONE', #8237, 15.00000000000000000 ) ;
#7753 = EDGE_LOOP ( 'NONE', ( #8194, #1157, #3196, #3617, #7687, #777 ) ) ;
#7754 = DIRECTION ( 'NONE',  ( 0.000000000000000000, 0.000000000000000000, 1.000000000000000000 ) ) ;
#7755 = AXIS2_PLACEMENT_3D ( 'NONE', #6742, #268, #4909 ) ;
#7756 = LINE ( 'NONE', #1955, #13 ) ;
#7757 = CARTESIAN_POINT ( 'NONE',  ( 81.00000000000000000, 538.9999999999998863, -24.99999999999999289 ) ) ;
#7758 = DIRECTION ( 'NONE',  ( -0.000000000000000000, -1.000000000000000000, -0.000000000000000000 ) ) ;
#7759 = ORIENTED_EDGE ( 'NONE', *, *, #6686, .F. ) ;
#7760 = CARTESIAN_POINT ( 'NONE',  ( -75.97643730806248641, 437.2143051669395959, 22.98283509451540141 ) ) ;
#7761 = VERTEX_POINT ( 'NONE', #3741 ) ;
#7762 = CARTESIAN_POINT ( 'NONE',  ( -78.62828356300462929, 438.0633195568794349, -23.65811898030110427 ) ) ;
#7763 = VERTEX_POINT ( 'NONE', #5039 ) ;
#7764 = DIRECTION ( 'NONE',  ( 9.251858538542961967E-16, -1.000000000000000000, 0.000000000000000000 ) ) ;
#7765 = DIRECTION ( 'NONE',  ( 0.000000000000000000, -0.000000000000000000, -1.000000000000000000 ) ) ;
#7766 = CARTESIAN_POINT ( 'NONE',  ( -88.06964618511463527, 306.5553114824670047, 12.73891645728392241 ) ) ;
#7767 = EDGE_CURVE ( 'NONE', #5700, #4475, #1194, .T. ) ;
#7768 = CARTESIAN_POINT ( 'NONE',  ( 77.21739130434781373, 448.4714566206623090, -11.60525699600706950 ) ) ;
#7769 = VERTEX_POINT ( 'NONE', #3784 ) ;
#7770 = CARTESIAN_POINT ( 'NONE',  ( 112.0000000016510597, 204.1311561622549107, 30.00000000000000000 ) ) ;
#7771 = VERTEX_POINT ( 'NONE', #7592 ) ;
#7772 =( LENGTH_UNIT ( ) NAMED_UNIT ( * ) SI_UNIT ( .MILLI., .METRE. ) );
#7773 = CARTESIAN_POINT ( 'NONE',  ( 79.00000000003947775, 441.6842264109940288, -21.34421046556728996 ) ) ;
#7774 = EDGE_CURVE ( 'NONE', #5928, #3902, #5796, .T. ) ;
#7775 = AXIS2_PLACEMENT_3D ( 'NONE', #757, #7787, #5828 ) ;
#7776 = EDGE_CURVE ( 'NONE', #5562, #573, #3699, .T. ) ;
#7777 = CARTESIAN_POINT ( 'NONE',  ( 79.00000000000000000, 443.6500997020037858, 23.81531131414845603 ) ) ;
#7778 = ORIENTED_EDGE ( 'NONE', *, *, #1056, .T. ) ;
#7779 = ORIENTED_EDGE ( 'NONE', *, *, #6636, .F. ) ;
#7780 = CARTESIAN_POINT ( 'NONE',  ( 80.30586711249971188, 339.8380873389263002, 25.00000000000000000 ) ) ;
#7781 = ORIENTED_EDGE ( 'NONE', *, *, #7488, .F. ) ;
#7782 = LINE ( 'NONE', #3598, #4733 ) ;
#7783 = CARTESIAN_POINT ( 'NONE',  ( 489.0000000000001137, 402.3800000000000523, 30.00000000000000000 ) ) ;
#7784 = CARTESIAN_POINT ( 'NONE',  ( 79.25647586913483167, 437.5208145850047003, 26.60791822233402115 ) ) ;
#7785 = EDGE_CURVE ( 'NONE', #4301, #2431, #2788, .T. ) ;
#7786 = CARTESIAN_POINT ( 'NONE',  ( -85.91496060409237145, 324.5736652630487811, -25.30330085889911373 ) ) ;
#7787 = DIRECTION ( 'NONE',  ( -1.000000000000000000, -1.023284752087778828E-15, -0.000000000000000000 ) ) ;
#7788 = DIRECTION ( 'NONE',  ( -0.000000000000000000, 0.000000000000000000, 1.000000000000000000 ) ) ;
#7789 = ORIENTED_EDGE ( 'NONE', *, *, #7117, .T. ) ;
#7790 = FACE_BOUND ( 'NONE', #408, .T. ) ;
#7791 = CARTESIAN_POINT ( 'NONE',  ( 79.00000000000000000, 442.1664864017591867, 24.99999999999999645 ) ) ;
#7792 = VECTOR ( 'NONE', #3468, 1000.000000000000000 ) ;
#7793 = VERTEX_POINT ( 'NONE', #4450 ) ;
#7794 = DIRECTION ( 'NONE',  ( 0.000000000000000000, 0.000000000000000000, 1.000000000000000000 ) ) ;
#7795 = CARTESIAN_POINT ( 'NONE',  ( 78.99999999998685496, 441.6842264109305347, 21.34421046545173084 ) ) ;
#7796 = DIRECTION ( 'NONE',  ( -0.000000000000000000, -1.000000000000000000, -0.000000000000000000 ) ) ;
#7797 = FACE_OUTER_BOUND ( 'NONE', #2099, .T. ) ;
#7798 =( BOUNDED_SURFACE ( )  B_SPLINE_SURFACE ( 3, 2, ( 
 ( #3717, #1986, #582 ),
 ( #3260, #7744, #622 ),
 ( #4378, #7611, #5827 ),
 ( #3210, #33, #7786 ) ),
 .UNSPECIFIED., .F., .F., .F. ) 
 B_SPLINE_SURFACE_WITH_KNOTS ( ( 4, 4 ),
 ( 3, 3 ),
 ( -3.035766082959412415E-15, 0.001337824752798690399 ),
 ( 0.000000000000000000, 1.000000000000000000 ),
 .UNSPECIFIED. ) 
 GEOMETRIC_REPRESENTATION_ITEM ( )  RATIONAL_B_SPLINE_SURFACE ( (
 ( 1.000000000000000000, 0.8991790343836869592, 1.000000000000000000),
 ( 1.000000000000000000, 0.9027184004791231065, 1.000000000000000000),
 ( 1.000000000000000000, 0.9062430039447498809, 1.000000000000000000),
 ( 1.000000000000000000, 0.9097484390951028344, 1.000000000000000000) ) ) 
 REPRESENTATION_ITEM ( '' )  SURFACE ( )  );
#7799 = ORIENTED_EDGE ( 'NONE', *, *, #5748, .T. ) ;
#7800 = ORIENTED_EDGE ( 'NONE', *, *, #3971, .T. ) ;
#7801 = B_SPLINE_CURVE_WITH_KNOTS ( 'NONE', 3,
 ( #7241, #1456, #4026, #600, #7284, #1545, #2770, #4151, #5968, #2130, #2213, #6091, #4815, #6654 ),
 .UNSPECIFIED., .F., .F.,
 ( 4, 2, 2, 2, 2, 2, 4 ),
 ( 7.076311083754594627E-17, 0.002484839133183916124, 0.003727258699775912783, 0.004969678266367910310, 0.006212097832959906536, 0.007454517399551902762, 0.009939356532735733885 ),
 .UNSPECIFIED. ) ;
#7802 = CARTESIAN_POINT ( 'NONE',  ( 81.69663850087118817, 334.7131738958231608, -24.53101470627333924 ) ) ;
#7803 = ORIENTED_EDGE ( 'NONE', *, *, #4653, .F. ) ;
#7804 = DIRECTION ( 'NONE',  ( 1.000000000000000000, 0.000000000000000000, 0.000000000000000000 ) ) ;
#7805 = EDGE_LOOP ( 'NONE', ( #8036, #4148, #3959, #844 ) ) ;
#7806 = CARTESIAN_POINT ( 'NONE',  ( -95.86357670959661448, 347.1282789188522315, -27.99999999999999645 ) ) ;
#7807 = CARTESIAN_POINT ( 'NONE',  ( 87.26307955762577251, 309.5559013004177586, -14.97594438233980974 ) ) ;
#7808 = AXIS2_PLACEMENT_3D ( 'NONE', #44, #2644, #3943 ) ;
#7809 = DIRECTION ( 'NONE',  ( 1.000000000000000000, 0.000000000000000000, 0.000000000000000000 ) ) ;
#7810 = CARTESIAN_POINT ( 'NONE',  ( -100.1552779655830818, 259.1088654695843729, 24.99999999999999645 ) ) ;
#7811 = ORIENTED_EDGE ( 'NONE', *, *, #1576, .F. ) ;
#7812 = AXIS2_PLACEMENT_3D ( 'NONE', #923, #2877, #5438 ) ;
#7813 = DIRECTION ( 'NONE',  ( -0.000000000000000000, -1.000000000000000000, -0.000000000000000000 ) ) ;
#7814 = CARTESIAN_POINT ( 'NONE',  ( 112.0000000016510597, 204.1311561622549107, -30.00000000000000000 ) ) ;
#7815 = ORIENTED_EDGE ( 'NONE', *, *, #2249, .T. ) ;
#7816 = DIRECTION ( 'NONE',  ( 0.000000000000000000, 0.000000000000000000, 1.000000000000000000 ) ) ;
#7817 = CYLINDRICAL_SURFACE ( 'NONE', #7580, 406.0000000000167688 ) ;
#7818 = FACE_OUTER_BOUND ( 'NONE', #130, .T. ) ;
#7819 = CIRCLE ( 'NONE', #7271, 4.999999999999998224 ) ;
#7820 = ORIENTED_EDGE ( 'NONE', *, *, #5599, .T. ) ;
#7821 = ADVANCED_FACE ( 'NONE', ( #1843 ), #8356, .F. ) ;
#7822 = CARTESIAN_POINT ( 'NONE',  ( -290.9999999983658086, 204.1311561622549107, -24.99999999999999289 ) ) ;
#7823 = EDGE_CURVE ( 'NONE', #4782, #4431, #6201, .T. ) ;
#7824 = CIRCLE ( 'NONE', #2832, 392.0000000000002274 ) ;
#7825 = EDGE_LOOP ( 'NONE', ( #6446, #3025, #2879, #3714, #7412 ) ) ;
#7826 = FACE_BOUND ( 'NONE', #2291, .T. ) ;
#7827 = CARTESIAN_POINT ( 'NONE',  ( -76.19132307818952654, 443.8574745705762439, 17.92893218813437883 ) ) ;
#7828 = PLANE ( 'NONE',  #1923 ) ;
#7829 = TOROIDAL_SURFACE ( 'NONE', #7147, 134.1421356237311500, 10.00000000000000000 ) ;
#7830 = CARTESIAN_POINT ( 'NONE',  ( -85.43830357398499586, 329.3207438833429137, 26.40024191390608266 ) ) ;
#7831 = CARTESIAN_POINT ( 'NONE',  ( 141.8475409834426557, 19.93537181034424677, -24.99999999999999289 ) ) ;
#7832 = CARTESIAN_POINT ( 'NONE',  ( -94.99999999999985789, 402.3799999999999955, -24.99999999999999289 ) ) ;
#7833 = VERTEX_POINT ( 'NONE', #2436 ) ;
#7835 = EDGE_CURVE ( 'NONE', #3989, #1118, #2958, .T. ) ;
#7834 = CARTESIAN_POINT ( 'NONE',  ( 84.33645126429273375, 322.2510309575016549, 20.22330854794169497 ) ) ;
#7836 = EDGE_CURVE ( 'NONE', #1810, #5384, #1065, .T. ) ;
#7837 = ORIENTED_EDGE ( 'NONE', *, *, #5057, .T. ) ;
#7838 = DIRECTION ( 'NONE',  ( 0.000000000000000000, -2.899471046591272770E-06, -0.9999999999957964736 ) ) ;
#7839 = AXIS2_PLACEMENT_3D ( 'NONE', #6612, #1067, #299 ) ;
#7840 = PLANE ( 'NONE',  #1390 ) ;
#7841 = DIRECTION ( 'NONE',  ( 1.000000000000000000, 0.000000000000000000, 0.000000000000000000 ) ) ;
#7842 = CARTESIAN_POINT ( 'NONE',  ( 114.9999999999999858, -13.99999999999977796, 0.000000000000000000 ) ) ;
#7843 = CIRCLE ( 'NONE', #529, 120.0000000000000284 ) ;
#7844 = ORIENTED_EDGE ( 'NONE', *, *, #7554, .T. ) ;
#7845 = CARTESIAN_POINT ( 'NONE',  ( 83.11374872459576579, 328.4731052382420557, -22.96903666042275560 ) ) ;
#7846 = VECTOR ( 'NONE', #7035, 1000.000000000000000 ) ;
#7847 = CARTESIAN_POINT ( 'NONE',  ( -75.63715873686037128, 431.0225807438397965, -24.94580983403672292 ) ) ;
#7848 = ORIENTED_EDGE ( 'NONE', *, *, #7972, .F. ) ;
#7849 = CARTESIAN_POINT ( 'NONE',  ( -79.00295820084312481, 441.6691907921827465, 25.20046716016191723 ) ) ;
#7850 = LINE ( 'NONE', #1297, #5958 ) ;
#7851 =( BOUNDED_SURFACE ( )  B_SPLINE_SURFACE ( 3, 2, ( 
 ( #7939, #2661, #2145 ),
 ( #4707, #7299, #4084 ),
 ( #22, #7773, #1975 ),
 ( #4543, #1351, #3921 ) ),
 .UNSPECIFIED., .F., .F., .F. ) 
 B_SPLINE_SURFACE_WITH_KNOTS ( ( 4, 4 ),
 ( 3, 3 ),
 ( 0.000000000000000000, 0.005695697988464642168 ),
 ( 0.000000000000000000, 1.000000000000000000 ),
 .UNSPECIFIED. ) 
 GEOMETRIC_REPRESENTATION_ITEM ( )  RATIONAL_B_SPLINE_SURFACE ( (
 ( 1.000000000000000000, 0.8480166907666099041, 1.000000000000000000),
 ( 1.000000000000000000, 0.8467482792405350844, 1.000000000000000000),
 ( 1.000000000000000000, 0.8455072092703938003, 1.000000000000000000),
 ( 1.000000000000000000, 0.8442925371453451344, 1.000000000000000000) ) ) 
 REPRESENTATION_ITEM ( '' )  SURFACE ( )  );
#7852 = FACE_OUTER_BOUND ( 'NONE', #5604, .T. ) ;
#7853 = DIRECTION ( 'NONE',  ( 0.1391731009604045555, -0.9902680687415226224, 0.000000000000000000 ) ) ;
#7854 = EDGE_CURVE ( 'NONE', #3045, #7521, #1925, .T. ) ;
#7855 = EDGE_CURVE ( 'NONE', #5183, #8286, #648, .T. ) ;
#7856 = ORIENTED_EDGE ( 'NONE', *, *, #124, .T. ) ;
#7857 = DIRECTION ( 'NONE',  ( 1.000000000000000000, 0.000000000000000000, 0.000000000000000000 ) ) ;
#7858 = CARTESIAN_POINT ( 'NONE',  ( -96.99999999999998579, 508.9999999999998863, 0.000000000000000000 ) ) ;
#7859 = ORIENTED_EDGE ( 'NONE', *, *, #5068, .T. ) ;
#7860 = CARTESIAN_POINT ( 'NONE',  ( 88.06999332626585897, 306.5539973370920848, 12.73739269853598444 ) ) ;
#7861 = DIRECTION ( 'NONE',  ( 0.000000000000000000, 1.000000000000000000, -0.000000000000000000 ) ) ;
#7862 = CARTESIAN_POINT ( 'NONE',  ( 92.00000000000000000, 538.9999999999998863, 24.99999999999999645 ) ) ;
#7863 = CIRCLE ( 'NONE', #1385, 5.000000000000004441 ) ;
#7864 = EDGE_LOOP ( 'NONE', ( #3429, #6555, #7781, #2152 ) ) ;
#7865 = CARTESIAN_POINT ( 'NONE',  ( -86.78382266370643094, 318.3252309973273100, -22.57654868383797364 ) ) ;
#7866 = ORIENTED_EDGE ( 'NONE', *, *, #7163, .F. ) ;
#7867 = FACE_OUTER_BOUND ( 'NONE', #3036, .T. ) ;
#7868 = CARTESIAN_POINT ( 'NONE',  ( -104.0000000000035385, 204.1300253685548398, 30.00000000000000000 ) ) ;
#7869 = CARTESIAN_POINT ( 'NONE',  ( -88.67383794895336280, 304.8770734617943390, -13.51912217308984587 ) ) ;
#7870 = CIRCLE ( 'NONE', #1106, 120.0000000000000284 ) ;
#7871 = LINE ( 'NONE', #2713, #4286 ) ;
#7872 = B_SPLINE_CURVE_WITH_KNOTS ( 'NONE', 3,
 ( #5149, #1321, #7746, #3891 ),
 .UNSPECIFIED., .F., .F.,
 ( 4, 4 ),
 ( 0.000000000000000000, 0.0008042645312765832289 ),
 .UNSPECIFIED. ) ;
#7873 = CARTESIAN_POINT ( 'NONE',  ( -79.00301108005434969, 441.6670963265037813, -25.20133728352949021 ) ) ;
#7874 = EDGE_CURVE ( 'NONE', #3756, #6920, #4187, .T. ) ;
#7875 = ORIENTED_EDGE ( 'NONE', *, *, #6526, .F. ) ;
#7876 = DIRECTION ( 'NONE',  ( 0.000000000000000000, 0.000000000000000000, 1.000000000000000000 ) ) ;
#7877 = CIRCLE ( 'NONE', #6650, 3.000000000000002665 ) ;
#7878 = VERTEX_POINT ( 'NONE', #6617 ) ;
#7879 = CARTESIAN_POINT ( 'NONE',  ( 144.8183451896672125, 20.35289111322546063, 30.00000000000000000 ) ) ;
#7880 = CYLINDRICAL_SURFACE ( 'NONE', #8071, 5.000000000000000888 ) ;
#7881 = CARTESIAN_POINT ( 'NONE',  ( -87.94143215966393257, 346.0148941111733052, -27.99999999999999645 ) ) ;
#7882 = CIRCLE ( 'NONE', #570, 3.000000000000002665 ) ;
#7883 = EDGE_CURVE ( 'NONE', #4857, #6619, #5932, .T. ) ;
#7884 = EDGE_CURVE ( 'NONE', #3336, #749, #2417, .T. ) ;
#7885 = ORIENTED_EDGE ( 'NONE', *, *, #2337, .F. ) ;
#7886 = CARTESIAN_POINT ( 'NONE',  ( 84.41230869531526082, 332.0328814075926402, -24.74662328189701554 ) ) ;
#7887 = AXIS2_PLACEMENT_3D ( 'NONE', #7595, #6953, #1808 ) ;
#7888 = CARTESIAN_POINT ( 'NONE',  ( -76.13679048190854814, 438.5910271985749205, -22.07106781186545419 ) ) ;
#7889 = ORIENTED_EDGE ( 'NONE', *, *, #8039, .F. ) ;
#7890 = DIRECTION ( 'NONE',  ( 0.1391731009596217095, -0.9902680687416327565, 0.000000000000000000 ) ) ;
#7891 = CARTESIAN_POINT ( 'NONE',  ( -85.60672428260804168, 327.3753040773216867, 26.00839964180355324 ) ) ;
#7892 = CARTESIAN_POINT ( 'NONE',  ( -76.85084085987935509, 446.8388731916931533, 15.27198562901971890 ) ) ;
#7893 = DIRECTION ( 'NONE',  ( 0.000000000000000000, 0.000000000000000000, -1.000000000000000000 ) ) ;
#7894 = CARTESIAN_POINT ( 'NONE',  ( 76.32547648787854655, 444.4700460627349798, -17.53135883717961008 ) ) ;
#7895 = ADVANCED_FACE ( 'NONE', ( #7211 ), #2098, .F. ) ;
#7896 = EDGE_LOOP ( 'NONE', ( #7979, #8052, #5601, #3184 ) ) ;
#7897 = DIRECTION ( 'NONE',  ( -2.009438925630560469E-14, -1.000000000000000000, 0.000000000000000000 ) ) ;
#7898 =( BOUNDED_SURFACE ( )  B_SPLINE_SURFACE ( 3, 2, ( 
 ( #5245, #173, #4066 ),
 ( #48, #6609, #6481 ),
 ( #2648, #2769, #7845 ),
 ( #4573, #2049, #5203 ),
 ( #6563, #769, #7283 ),
 ( #7165, #7886, #811 ),
 ( #7240, #7920, #2129 ),
 ( #5926, #3947, #7802 ),
 ( #4688, #6525, #1503 ),
 ( #4617, #6653, #5794 ),
 ( #3353, #3597, #4150 ),
 ( #1622, #6045, #5410 ),
 ( #6006, #5368, #898 ),
 ( #2847, #4109, #6728 ) ),
 .UNSPECIFIED., .F., .F., .F. ) 
 B_SPLINE_SURFACE_WITH_KNOTS ( ( 4, 2, 2, 2, 2, 2, 4 ),
 ( 3, 3 ),
 ( 0.09583169882665291961, 0.1002861278475772611, 0.1025133423580394249, 0.1047405568685015886, 0.1091949858894259162, 0.1114222003998880800, 0.1136494149103502438 ),
 ( 0.000000000000000000, 1.000000000000000000 ),
 .UNSPECIFIED. ) 
 GEOMETRIC_REPRESENTATION_ITEM ( )  RATIONAL_B_SPLINE_SURFACE ( (
 ( 1.000000000000000000, 0.9097484390951023903, 1.000000000000000000),
 ( 1.000000000000000000, 0.9112201398992103574, 1.000000000000000000),
 ( 1.000000000000000000, 0.9121932535339017933, 1.000000000000000000),
 ( 1.000000000000000000, 0.9121056198404395854, 1.000000000000000000),
 ( 1.000000000000000000, 0.9118134975427165667, 1.000000000000000000),
 ( 1.000000000000000000, 0.9105506122004196623, 1.000000000000000000),
 ( 1.000000000000000000, 0.9095796889065398405, 1.000000000000000000),
 ( 1.000000000000000000, 0.9054043866890758574, 1.000000000000000000),
 ( 1.000000000000000000, 0.9009410998490885447, 1.000000000000000000),
 ( 1.000000000000000000, 0.8906920733354303232, 1.000000000000000000),
 ( 1.000000000000000000, 0.8866655445199558283, 1.000000000000000000),
 ( 1.000000000000000000, 0.8773273200579139175, 1.000000000000000000),
 ( 1.000000000000000000, 0.8720253063083969192, 1.000000000000000000),
 ( 1.000000000000000000, 0.8660254037844388186, 1.000000000000000000) ) ) 
 REPRESENTATION_ITEM ( '' )  SURFACE ( )  );
#7899 = CARTESIAN_POINT ( 'NONE',  ( -96.99999999999985789, 402.3799999999999955, -24.99999999999999289 ) ) ;
#7900 = EDGE_LOOP ( 'NONE', ( #3162, #2919, #723, #383 ) ) ;
#7901 = CARTESIAN_POINT ( 'NONE',  ( 80.99999999999995737, 402.3800000000000523, 30.00000000000000000 ) ) ;
#7902 = FACE_OUTER_BOUND ( 'NONE', #521, .T. ) ;
#7903 = CARTESIAN_POINT ( 'NONE',  ( -74.00000000000000000, 452.2987785557373854, 10.85786437626888201 ) ) ;
#7904 = ORIENTED_EDGE ( 'NONE', *, *, #3744, .T. ) ;
#7905 = CARTESIAN_POINT ( 'NONE',  ( 100.1552701557798741, 259.1089210392214568, 27.99999999999999645 ) ) ;
#7906 = VERTEX_POINT ( 'NONE', #3359 ) ;
#7907 = CARTESIAN_POINT ( 'NONE',  ( -81.12129324155041843, 322.6897387282239151, -25.00000000000705924 ) ) ;
#7908 = CARTESIAN_POINT ( 'NONE',  ( -111.9999999999999858, 0.000000000000000000, 24.99999999999999645 ) ) ;
#7909 = DIRECTION ( 'NONE',  ( 0.000000000000000000, 0.000000000000000000, -1.000000000000000000 ) ) ;
#7910 = CARTESIAN_POINT ( 'NONE',  ( -76.13679048190854814, 438.5910271985748636, -22.07106781186547551 ) ) ;
#7911 = ORIENTED_EDGE ( 'NONE', *, *, #3754, .T. ) ;
#7912 = CARTESIAN_POINT ( 'NONE',  ( -290.9999999983658086, 204.1311561622549107, -24.99999999999999289 ) ) ;
#7913 = ORIENTED_EDGE ( 'NONE', *, *, #4451, .F. ) ;
#7914 = CARTESIAN_POINT ( 'NONE',  ( 76.12484015957137728, 439.0905185585422146, 21.66423932886237580 ) ) ;
#7915 = DIRECTION ( 'NONE',  ( 0.000000000000000000, -1.000000000000000000, 0.000000000000000000 ) ) ;
#7916 = CARTESIAN_POINT ( 'NONE',  ( 79.88621320722882047, 341.1042618279727208, -30.00000000000000355 ) ) ;
#7917 = CIRCLE ( 'NONE', #7129, 391.9999999999878924 ) ;
#7918 = ORIENTED_EDGE ( 'NONE', *, *, #3249, .F. ) ;
#7919 = CIRCLE ( 'NONE', #8189, 3.000000000000002665 ) ;
#7921 = ADVANCED_FACE ( 'NONE', ( #7929 ), #822, .F. ) ;
#7920 = CARTESIAN_POINT ( 'NONE',  ( 84.30468269503947454, 332.6949714766696502, -24.84305513449145053 ) ) ;
#7922 = ADVANCED_FACE ( 'NONE', ( #3914, #1967 ), #2736, .T. ) ;
#7923 = CARTESIAN_POINT ( 'NONE',  ( -87.49484236777406920, 313.2660629229695246, -20.33076990515233362 ) ) ;
#7924 = ORIENTED_EDGE ( 'NONE', *, *, #4581, .F. ) ;
#7925 = LINE ( 'NONE', #3990, #3476 ) ;
#7926 = CARTESIAN_POINT ( 'NONE',  ( 86.07263358526051888, 323.3856042330082232, 24.99999999999999645 ) ) ;
#7927 = CARTESIAN_POINT ( 'NONE',  ( -81.69653183092972881, 334.7136233652984743, -24.53108558966525621 ) ) ;
#7928 = CARTESIAN_POINT ( 'NONE',  ( -88.16209130393292526, 306.2046433430533057, 12.27027400230418586 ) ) ;
#7929 = FACE_OUTER_BOUND ( 'NONE', #2545, .T. ) ;
#7930 = CIRCLE ( 'NONE', #5894, 389.9999999999878924 ) ;
#7931 = EDGE_LOOP ( 'NONE', ( #3444, #3042, #8272, #201 ) ) ;
#7932 = ORIENTED_EDGE ( 'NONE', *, *, #3955, .T. ) ;
#7933 = CARTESIAN_POINT ( 'NONE',  ( -76.12484015957149097, 439.0905185585335175, -21.66423932886950965 ) ) ;
#7934 = ADVANCED_FACE ( 'NONE', ( #5211 ), #3239, .F. ) ;
#7935 = DIRECTION ( 'NONE',  ( 1.000000000000000000, 0.000000000000000000, 0.000000000000000000 ) ) ;
#7936 = AXIS2_PLACEMENT_3D ( 'NONE', #5028, #1831, #547 ) ;
#7937 = EDGE_LOOP ( 'NONE', ( #3764, #3950, #3178, #3317 ) ) ;
#7938 = CARTESIAN_POINT ( 'NONE',  ( 88.26164261366618291, 305.8252087110209914, 11.45337622198124983 ) ) ;
#7939 = CARTESIAN_POINT ( 'NONE',  ( 76.19132307818752281, 443.8574745705747091, -17.92893218813443568 ) ) ;
#7940 = DIRECTION ( 'NONE',  ( 0.9999999999957965846, -2.899471024386814395E-06, 0.000000000000000000 ) ) ;
#7941 = VECTOR ( 'NONE', #250, 1000.000000000000000 ) ;
#7942 = ORIENTED_EDGE ( 'NONE', *, *, #637, .F. ) ;
#7943 = CARTESIAN_POINT ( 'NONE',  ( -79.00000000000001421, 452.2630266529302503, 11.90085879769721444 ) ) ;
#7944 = EDGE_LOOP ( 'NONE', ( #8322, #5574, #7956, #7183, #643, #6235, #7626, #2024 ) ) ;
#7945 = CARTESIAN_POINT ( 'NONE',  ( 103.9999999999988205, 2.089816482655758982E-12, -24.99999999999999645 ) ) ;
#7946 = TOROIDAL_SURFACE ( 'NONE', #4280, 394.9999999999878924, 5.000000000000000000 ) ;
#7947 = CARTESIAN_POINT ( 'NONE',  ( -76.14881651623673520, 440.8428812786654021, 20.27938311978242680 ) ) ;
#7948 = LINE ( 'NONE', #5312, #917 ) ;
#7949 = DIRECTION ( 'NONE',  ( -1.000000000000000000, 0.000000000000000000, 0.000000000000000000 ) ) ;
#7950 = VERTEX_POINT ( 'NONE', #2013 ) ;
#7951 = VECTOR ( 'NONE', #7303, 1000.000000000000000 ) ;
#7952 = DIRECTION ( 'NONE',  ( 0.000000000000000000, 0.000000000000000000, 1.000000000000000000 ) ) ;
#7953 = EDGE_CURVE ( 'NONE', #5852, #873, #7172, .T. ) ;
#7954 = EDGE_LOOP ( 'NONE', ( #7735, #3137 ) ) ;
#7955 = CIRCLE ( 'NONE', #1742, 403.0000000000167688 ) ;
#7956 = ORIENTED_EDGE ( 'NONE', *, *, #7075, .T. ) ;
#7957 = CARTESIAN_POINT ( 'NONE',  ( 76.12750580968041447, 438.8397205544258100, 21.86639485518723092 ) ) ;
#7958 = CARTESIAN_POINT ( 'NONE',  ( -79.00000000000000000, 449.2423548556812420, -18.94175445390715140 ) ) ;
#7959 = FACE_OUTER_BOUND ( 'NONE', #6132, .T. ) ;
#7960 = VECTOR ( 'NONE', #55, 1000.000000000000114 ) ;
#7961 = CARTESIAN_POINT ( 'NONE',  ( -85.78435959978905601, 314.8194957591753678, -17.23663689739602489 ) ) ;
#7962 = ORIENTED_EDGE ( 'NONE', *, *, #1519, .F. ) ;
#7963 = AXIS2_PLACEMENT_3D ( 'NONE', #3197, #7816, #5087 ) ;
#7964 = DIRECTION ( 'NONE',  ( 0.000000000000000000, -1.000000000000000000, 0.000000000000000000 ) ) ;
#7965 = CARTESIAN_POINT ( 'NONE',  ( -95.86357670959664290, 347.1282789188522884, 24.99999999999999645 ) ) ;
#7966 = ORIENTED_EDGE ( 'NONE', *, *, #6597, .F. ) ;
#7967 = LINE ( 'NONE', #6532, #2113 ) ;
#7968 = DIRECTION ( 'NONE',  ( -1.000000000000000000, -1.023284752087778828E-15, -0.000000000000000000 ) ) ;
#7969 = CARTESIAN_POINT ( 'NONE',  ( -83.97879119448906238, 334.6964198144152647, -25.08135194119372358 ) ) ;
#7970 = CARTESIAN_POINT ( 'NONE',  ( 8.673617379884035472E-16, 261.0399999999990541, 17.92893218813446055 ) ) ;
#7971 = DIRECTION ( 'NONE',  ( 0.9902680687416326455, 0.1391731009596217650, 0.000000000000000000 ) ) ;
#7972 = EDGE_CURVE ( 'NONE', #2242, #76, #5379, .T. ) ;
#7973 = EDGE_CURVE ( 'NONE', #4723, #5904, #3322, .T. ) ;
#7974 = VERTEX_POINT ( 'NONE', #2901 ) ;
#7975 = CARTESIAN_POINT ( 'NONE',  ( 103.9999999999947136, 204.1300108711995733, -30.00000000000000000 ) ) ;
#7976 = AXIS2_PLACEMENT_3D ( 'NONE', #5594, #1130, #3035 ) ;
#7977 = DIRECTION ( 'NONE',  ( 0.000000000000000000, 1.000000000000000000, 0.000000000000000000 ) ) ;
#7978 = CARTESIAN_POINT ( 'NONE',  ( -83.99999999999995737, 402.3800000000000523, -24.99999999999999289 ) ) ;
#7979 = ORIENTED_EDGE ( 'NONE', *, *, #4386, .T. ) ;
#7980 = LINE ( 'NONE', #4000, #3253 ) ;
#7981 = DIRECTION ( 'NONE',  ( 0.000000000000000000, -0.000000000000000000, -1.000000000000000000 ) ) ;
#7982 = CIRCLE ( 'NONE', #7569, 409.3301270189269871 ) ;
#7983 = DIRECTION ( 'NONE',  ( 1.000000000000000000, 0.000000000000000000, 0.000000000000000000 ) ) ;
#7984 = EDGE_CURVE ( 'NONE', #5309, #1858, #656, .T. ) ;
#7985 = B_SPLINE_CURVE_WITH_KNOTS ( 'NONE', 3,
 ( #6122, #7560, #329, #7522 ),
 .UNSPECIFIED., .F., .F.,
 ( 4, 4 ),
 ( 0.000000000000000000, 0.001236260972085595922 ),
 .UNSPECIFIED. ) ;
#7986 = ORIENTED_EDGE ( 'NONE', *, *, #3324, .F. ) ;
#7987 = CYLINDRICAL_SURFACE ( 'NONE', #8016, 3.000000000000002665 ) ;
#7988 = ORIENTED_EDGE ( 'NONE', *, *, #6378, .T. ) ;
#7989 = CARTESIAN_POINT ( 'NONE',  ( -85.96413638398526302, 324.1780883077164503, -25.19870568241240250 ) ) ;
#7990 = CARTESIAN_POINT ( 'NONE',  ( -112.0000000000329692, 204.1300141686551513, -24.99999999999999289 ) ) ;
#7991 = FACE_OUTER_BOUND ( 'NONE', #3659, .T. ) ;
#7992 = TOROIDAL_SURFACE ( 'NONE', #3404, 403.0000000000167688, 3.000000000000000000 ) ;
#7993 = ADVANCED_FACE ( 'NONE', ( #4822 ), #5243, .T. ) ;
#7994 = EDGE_LOOP ( 'NONE', ( #6293, #5843, #5326, #5785 ) ) ;
#7995 = CARTESIAN_POINT ( 'NONE',  ( 117.0000000016510029, 204.1311561622549107, 24.99999999999999645 ) ) ;
#7996 = ORIENTED_EDGE ( 'NONE', *, *, #3120, .F. ) ;
#7997 = VECTOR ( 'NONE', #5877, 1000.000000000000000 ) ;
#7998 = ADVANCED_FACE ( 'NONE', ( #262 ), #8051, .T. ) ;
#7999 = CARTESIAN_POINT ( 'NONE',  ( -88.72951744227611925, 304.4808932808467148, 12.55390229801672142 ) ) ;
#8000 = CARTESIAN_POINT ( 'NONE',  ( -77.12821683765062630, 448.0757344408189056, -13.06862082231470090 ) ) ;
#8001 = DIRECTION ( 'NONE',  ( 1.000000000000000000, 0.000000000000000000, 0.000000000000000000 ) ) ;
#8002 = CARTESIAN_POINT ( 'NONE',  ( -87.90888144991701836, 307.1616849581432689, -13.34912392823259708 ) ) ;
#8003 = ADVANCED_FACE ( 'NONE', ( #7337 ), #877, .F. ) ;
#8004 = CIRCLE ( 'NONE', #4754, 5.000000000000000888 ) ;
#8005 = VECTOR ( 'NONE', #4449, 1000.000000000000000 ) ;
#8006 = ORIENTED_EDGE ( 'NONE', *, *, #1234, .F. ) ;
#8007 = CARTESIAN_POINT ( 'NONE',  ( -60.00000000000000711, 389.7200000000000273, -37.00000000000000711 ) ) ;
#8008 = CARTESIAN_POINT ( 'NONE',  ( -489.0000000000001137, 402.3800000000000523, 24.99999999999999645 ) ) ;
#8009 = ORIENTED_EDGE ( 'NONE', *, *, #3619, .F. ) ;
#8010 = CARTESIAN_POINT ( 'NONE',  ( -113.0287491559736281, 260.9182132862523531, -24.99999999999999289 ) ) ;
#8011 = AXIS2_PLACEMENT_3D ( 'NONE', #4680, #1492, #6641 ) ;
#8012 = CARTESIAN_POINT ( 'NONE',  ( -290.9999999983658086, 204.1311561622549107, -24.99999999999999289 ) ) ;
#8013 = CARTESIAN_POINT ( 'NONE',  ( -60.00000000000000711, 401.7200000000000273, -49.00000000000000000 ) ) ;
#8014 = DIRECTION ( 'NONE',  ( -0.1391731009596201274, -0.9902680687416328675, 0.000000000000000000 ) ) ;
#8015 = EDGE_LOOP ( 'NONE', ( #367, #7512, #4373, #3062 ) ) ;
#8016 = AXIS2_PLACEMENT_3D ( 'NONE', #4046, #2192, #4756 ) ;
#8017 = DIRECTION ( 'NONE',  ( 0.09522540226922115991, -0.8804147036601231990, 0.4645450164857252151 ) ) ;
#8018 = CARTESIAN_POINT ( 'NONE',  ( -489.0000000000001137, 402.3800000000000523, 24.99999999999999645 ) ) ;
#8019 = DIRECTION ( 'NONE',  ( -1.000000000000000000, -0.000000000000000000, -0.000000000000000000 ) ) ;
#8020 = VERTEX_POINT ( 'NONE', #5540 ) ;
#8021 = DIRECTION ( 'NONE',  ( -1.000000000000000000, -1.023284752087778828E-15, -0.000000000000000000 ) ) ;
#8022 = EDGE_CURVE ( 'NONE', #5650, #3723, #6730, .T. ) ;
#8023 = FACE_BOUND ( 'NONE', #6263, .T. ) ;
#8024 = CARTESIAN_POINT ( 'NONE',  ( -103.9999999999617444, 204.1300108711996018, 24.99999999999999645 ) ) ;
#8025 = AXIS2_PLACEMENT_3D ( 'NONE', #8007, #1543, #6167 ) ;
#8026 = CARTESIAN_POINT ( 'NONE',  ( 83.76585374409977192, 326.0466849473704087, -22.07106781186546485 ) ) ;
#8027 = ORIENTED_EDGE ( 'NONE', *, *, #6986, .T. ) ;
#8028 = CARTESIAN_POINT ( 'NONE',  ( -85.25052108676278806, 331.6430404735143611, -26.81025122007199712 ) ) ;
#8029 = ORIENTED_EDGE ( 'NONE', *, *, #8076, .F. ) ;
#8030 = EDGE_CURVE ( 'NONE', #1262, #981, #6603, .T. ) ;
#8031 = B_SPLINE_CURVE_WITH_KNOTS ( 'NONE', 3,
 ( #3173, #1824, #5019, #4473 ),
 .UNSPECIFIED., .F., .F.,
 ( 4, 4 ),
 ( 4.015311935135713074E-15, 0.0008042645312807639125 ),
 .UNSPECIFIED. ) ;
#8032 = DIRECTION ( 'NONE',  ( 1.000000000000000000, 1.062681988306194566E-14, 0.000000000000000000 ) ) ;
#8033 = EDGE_CURVE ( 'NONE', #573, #1229, #4117, .T. ) ;
#8034 = CARTESIAN_POINT ( 'NONE',  ( 79.00000000000001421, 447.0956840945204931, 17.19304115852684589 ) ) ;
#8035 = CARTESIAN_POINT ( 'NONE',  ( -82.87932415700441879, 340.8347840911397952, 25.06880883833380835 ) ) ;
#8036 = ORIENTED_EDGE ( 'NONE', *, *, #1567, .T. ) ;
#8037 = CARTESIAN_POINT ( 'NONE',  ( 82.68444343209739600, 330.3311402633331681, 23.53374367905890097 ) ) ;
#8038 = ORIENTED_EDGE ( 'NONE', *, *, #4758, .T. ) ;
#8039 = EDGE_CURVE ( 'NONE', #1870, #825, #1587, .T. ) ;
#8040 = CARTESIAN_POINT ( 'NONE',  ( 104.0000000000000000, -59.00000000000001421, 27.99999999999999645 ) ) ;
#8041 = CARTESIAN_POINT ( 'NONE',  ( -79.00000000000000000, 450.9546354081284107, -16.34752578513152699 ) ) ;
#8042 = LINE ( 'NONE', #7403, #370 ) ;
#8043 = DIRECTION ( 'NONE',  ( -0.9902680687415226224, 0.1391731009604046665, 0.000000000000000000 ) ) ;
#8044 = VERTEX_POINT ( 'NONE', #3524 ) ;
#8045 = DIRECTION ( 'NONE',  ( 0.000000000000000000, 0.000000000000000000, 1.000000000000000000 ) ) ;
#8046 = ORIENTED_EDGE ( 'NONE', *, *, #2662, .F. ) ;
#8047 = CYLINDRICAL_SURFACE ( 'NONE', #1848, 5.000000000000004441 ) ;
#8048 = DIRECTION ( 'NONE',  ( 0.000000000000000000, -0.6390694384438840858, -0.7691490446246544987 ) ) ;
#8049 = DIRECTION ( 'NONE',  ( -0.1391731009604046665, -0.9902680687415226224, 0.000000000000000000 ) ) ;
#8050 = FACE_OUTER_BOUND ( 'NONE', #2668, .T. ) ;
#8051 = CYLINDRICAL_SURFACE ( 'NONE', #109, 5.000000000000003553 ) ;
#8052 = ORIENTED_EDGE ( 'NONE', *, *, #2936, .T. ) ;
#8053 = DIRECTION ( 'NONE',  ( -1.015794745118904431E-15, -1.000000000000000000, 0.000000000000000000 ) ) ;
#8054 = LINE ( 'NONE', #4122, #6931 ) ;
#8055 = CARTESIAN_POINT ( 'NONE',  ( -76.98974704215478937, 447.4594642615472253, -14.37022547133934935 ) ) ;
#8056 = VERTEX_POINT ( 'NONE', #1030 ) ;
#8057 = CYLINDRICAL_SURFACE ( 'NONE', #131, 408.0000000000001137 ) ;
#8058 = CARTESIAN_POINT ( 'NONE',  ( 489.0000000000001137, 402.3800000000000523, 30.00000000000000000 ) ) ;
#8059 = VECTOR ( 'NONE', #2080, 1000.000000000000000 ) ;
#8060 = DIRECTION ( 'NONE',  ( 0.000000000000000000, -0.000000000000000000, -1.000000000000000000 ) ) ;
#8061 = CARTESIAN_POINT ( 'NONE',  ( -111.9999999999999858, 204.1299999999999670, 24.99999999999999645 ) ) ;
#8062 = AXIS2_PLACEMENT_3D ( 'NONE', #6436, #514, #7764 ) ;
#8063 = B_SPLINE_CURVE_WITH_KNOTS ( 'NONE', 3,
 ( #5144, #2972, #5534, #7741, #4511, #4269, #4899, #7265, #1437, #1982 ),
 .UNSPECIFIED., .F., .F.,
 ( 4, 2, 2, 2, 4 ),
 ( 3.469446951953614189E-18, 0.003986493278621735734, 0.007972986557243467998, 0.01195947983586520026, 0.01594597311448693253 ),
 .UNSPECIFIED. ) ;
#8064 = VERTEX_POINT ( 'NONE', #3443 ) ;
#8065 = AXIS2_PLACEMENT_3D ( 'NONE', #4886, #2364, #240 ) ;
#8066 = CARTESIAN_POINT ( 'NONE',  ( 79.00000000000027001, 441.9154090435791318, -25.10024462080155416 ) ) ;
#8067 = ORIENTED_EDGE ( 'NONE', *, *, #1091, .F. ) ;
#8068 = DIRECTION ( 'NONE',  ( 0.000000000000000000, 0.000000000000000000, -1.000000000000000000 ) ) ;
#8069 = CARTESIAN_POINT ( 'NONE',  ( -114.9999999999999858, 0.000000000000000000, 30.00000000000000000 ) ) ;
#8070 = CARTESIAN_POINT ( 'NONE',  ( 100.9999999999988063, 2.029533314886842209E-12, 30.00000000000000000 ) ) ;
#8071 = AXIS2_PLACEMENT_3D ( 'NONE', #4144, #7915, #853 ) ;
#8072 = B_SPLINE_CURVE_WITH_KNOTS ( 'NONE', 3,
 ( #6698, #6220, #2861, #948, #5420, #430, #6784, #7423, #4785, #7381 ),
 .UNSPECIFIED., .F., .F.,
 ( 4, 2, 2, 2, 4 ),
 ( 0.000000000000000000, 0.004357254520452093390, 0.008714509040904186779, 0.01307176356135628104, 0.01742901808180837356 ),
 .UNSPECIFIED. ) ;
#8073 = ADVANCED_FACE ( 'NONE', ( #6817, #6738 ), #6137, .T. ) ;
#8074 = EDGE_CURVE ( 'NONE', #1310, #5977, #8098, .T. ) ;
#8075 = VERTEX_POINT ( 'NONE', #2302 ) ;
#8076 = EDGE_CURVE ( 'NONE', #5556, #6801, #906, .T. ) ;
#8077 = FACE_OUTER_BOUND ( 'NONE', #1816, .T. ) ;
#8078 = AXIS2_PLACEMENT_3D ( 'NONE', #8127, #2923, #2415 ) ;
#8079 = VERTEX_POINT ( 'NONE', #3485 ) ;
#8080 = CARTESIAN_POINT ( 'NONE',  ( -87.39448143611068076, 309.0742100386661946, 14.70532592905630231 ) ) ;
#8081 = CARTESIAN_POINT ( 'NONE',  ( -77.06593927929475285, 447.7988208721878891, -13.72599368303420242 ) ) ;
#8082 = CARTESIAN_POINT ( 'NONE',  ( 290.9999999983658086, 204.1311561622549107, -27.99999999999999289 ) ) ;
#8083 = CARTESIAN_POINT ( 'NONE',  ( -79.36545911879623816, 344.8096197016265023, -25.00000000000000000 ) ) ;
#8084 = AXIS2_PLACEMENT_3D ( 'NONE', #8310, #7040, #1761 ) ;
#8085 = EDGE_CURVE ( 'NONE', #288, #2760, #7824, .T. ) ;
#8086 = EDGE_CURVE ( 'NONE', #880, #5133, #2828, .T. ) ;
#8087 = ORIENTED_EDGE ( 'NONE', *, *, #2371, .F. ) ;
#8088 = FACE_OUTER_BOUND ( 'NONE', #6645, .T. ) ;
#8089 = VECTOR ( 'NONE', #6889, 1000.000000000000000 ) ;
#8090 = CARTESIAN_POINT ( 'NONE',  ( -87.70149683179629108, 311.7956400066480569, -17.47450931048581424 ) ) ;
#8091 = AXIS2_PLACEMENT_3D ( 'NONE', #8381, #670, #1322 ) ;
#8092 = ORIENTED_EDGE ( 'NONE', *, *, #7774, .F. ) ;
#8093 = DIRECTION ( 'NONE',  ( 0.000000000000000000, 0.000000000000000000, 1.000000000000000000 ) ) ;
#8094 = CARTESIAN_POINT ( 'NONE',  ( 489.0000000000001137, 402.3800000000000523, 27.49999999999889155 ) ) ;
#8095 = CYLINDRICAL_SURFACE ( 'NONE', #8347, 5.000000000000003553 ) ;
#8096 = CARTESIAN_POINT ( 'NONE',  ( -79.00000000000001421, 449.9699847857181680, 10.85786437626889445 ) ) ;
#8097 = TOROIDAL_SURFACE ( 'NONE', #4429, 394.9999999999878924, 3.000000000000000000 ) ;
#8098 = LINE ( 'NONE', #6695, #1745 ) ;
#8099 = ORIENTED_EDGE ( 'NONE', *, *, #221, .T. ) ;
#8100 = AXIS2_PLACEMENT_3D ( 'NONE', #4061, #4855, #3433 ) ;
#8101 = DIRECTION ( 'NONE',  ( -1.000000000000000000, 0.000000000000000000, 0.000000000000000000 ) ) ;
#8102 = FACE_OUTER_BOUND ( 'NONE', #3567, .T. ) ;
#8103 = CIRCLE ( 'NONE', #4976, 391.9999999999878924 ) ;
#8104 = CARTESIAN_POINT ( 'NONE',  ( -77.18006389760402897, 448.3059332659331631, -12.33385365216752305 ) ) ;
#8105 = ORIENTED_EDGE ( 'NONE', *, *, #2706, .F. ) ;
#8106 = CARTESIAN_POINT ( 'NONE',  ( -60.00000000000000711, 377.7200000000000273, -25.00000000000000000 ) ) ;
#8107 = DIRECTION ( 'NONE',  ( 0.000000000000000000, 1.000000000000000000, -0.000000000000000000 ) ) ;
#8108 = EDGE_CURVE ( 'NONE', #1472, #4861, #3810, .T. ) ;
#8109 = CARTESIAN_POINT ( 'NONE',  ( 290.9999999983658086, 204.1311561622549107, 27.99999999999999645 ) ) ;
#8110 = DIRECTION ( 'NONE',  ( -0.000000000000000000, 0.000000000000000000, 1.000000000000000000 ) ) ;
#8111 = ADVANCED_FACE ( 'NONE', ( #6381 ), #4170, .F. ) ;
#8112 = AXIS2_PLACEMENT_3D ( 'NONE', #3949, #2089, #4655 ) ;
#8113 = ORIENTED_EDGE ( 'NONE', *, *, #2407, .T. ) ;
#8114 = DIRECTION ( 'NONE',  ( 1.000000000000000000, 0.000000000000000000, 0.000000000000000000 ) ) ;
#8115 = EDGE_LOOP ( 'NONE', ( #4038, #4119, #1662, #2476 ) ) ;
#8116 = DIRECTION ( 'NONE',  ( 1.000000000000000000, 0.000000000000000000, 0.000000000000000000 ) ) ;
#8117 = PLANE ( 'NONE',  #3606 ) ;
#8118 = CARTESIAN_POINT ( 'NONE',  ( -83.75620895356021833, 336.0522719038930290, 25.17100630018383001 ) ) ;
#8119 = VECTOR ( 'NONE', #3794, 1000.000000000000000 ) ;
#8120 = ORIENTED_EDGE ( 'NONE', *, *, #694, .T. ) ;
#8121 = CARTESIAN_POINT ( 'NONE',  ( -117.0000000000000000, 204.1299999999999670, 24.99999999999999645 ) ) ;
#8122 = EDGE_LOOP ( 'NONE', ( #3916, #6027, #5423, #631 ) ) ;
#8123 = CARTESIAN_POINT ( 'NONE',  ( -88.22480000744755557, 308.0721444349968579, 17.06218309479975304 ) ) ;
#8124 = EDGE_CURVE ( 'NONE', #4857, #1271, #7411, .T. ) ;
#8125 = CARTESIAN_POINT ( 'NONE',  ( 85.83920857609624022, 314.6300355032105358, -17.17313472871762770 ) ) ;
#8126 = VECTOR ( 'NONE', #2355, 1000.000000000000000 ) ;
#8127 = CARTESIAN_POINT ( 'NONE',  ( 290.9999999983658086, 204.1311561622549107, 27.99999999999999645 ) ) ;
#8128 = CARTESIAN_POINT ( 'NONE',  ( 290.9999999983658086, 204.1311561622549107, -24.99999999999999289 ) ) ;
#8129 = ORIENTED_EDGE ( 'NONE', *, *, #5802, .F. ) ;
#8130 = AXIS2_PLACEMENT_3D ( 'NONE', #8094, #6692, #4778 ) ;
#8131 = FACE_OUTER_BOUND ( 'NONE', #7541, .T. ) ;
#8132 = CARTESIAN_POINT ( 'NONE',  ( -87.39528871668828458, 309.0712574455208141, -14.70375495048854297 ) ) ;
#8133 = EDGE_LOOP ( 'NONE', ( #2657, #1677, #1780, #8167 ) ) ;
#8134 = DIRECTION ( 'NONE',  ( 1.015794745118904037E-15, -1.000000000000000000, 0.000000000000000000 ) ) ;
#8135 = CARTESIAN_POINT ( 'NONE',  ( 88.31710559179889231, 307.4153560748908944, 14.83640843699938117 ) ) ;
#8136 = EDGE_CURVE ( 'NONE', #684, #7771, #717, .T. ) ;
#8137 = CARTESIAN_POINT ( 'NONE',  ( 86.01652424666663421, 323.7848429219835111, 25.09844689852118904 ) ) ;
#8138 = CARTESIAN_POINT ( 'NONE',  ( -79.00000000000000000, 451.2026007847973688, 15.90614613595110072 ) ) ;
#8139 = AXIS2_PLACEMENT_3D ( 'NONE', #8143, #6741, #2348 ) ;
#8140 = CIRCLE ( 'NONE', #6778, 12.00000000000001066 ) ;
#8141 = DIRECTION ( 'NONE',  ( -0.000000000000000000, -1.000000000000000000, 0.000000000000000000 ) ) ;
#8142 = VERTEX_POINT ( 'NONE', #2585 ) ;
#8143 = CARTESIAN_POINT ( 'NONE',  ( -95.86357670959650079, 347.1282789188538800, -24.99999999999999289 ) ) ;
#8144 = CYLINDRICAL_SURFACE ( 'NONE', #3559, 2.999999999999993783 ) ;
#8145 = TOROIDAL_SURFACE ( 'NONE', #847, 403.0000000000167688, 5.000000000000000000 ) ;
#8146 = CARTESIAN_POINT ( 'NONE',  ( 77.11415075250413054, 448.0132331845120461, -13.23388026635150716 ) ) ;
#8147 = ORIENTED_EDGE ( 'NONE', *, *, #4204, .F. ) ;
#8148 = CARTESIAN_POINT ( 'NONE',  ( -79.10073383480806797, 439.4961092958150175, -26.04096745022082970 ) ) ;
#8149 = CARTESIAN_POINT ( 'NONE',  ( 59.00000000000019185, 389.7200000000000273, -30.00000000000001776 ) ) ;
#8150 = ADVANCED_FACE ( 'NONE', ( #35 ), #7106, .F. ) ;
#8151 = CARTESIAN_POINT ( 'NONE',  ( 84.37644269003739339, 340.2678655816956166, 27.49999999999999645 ) ) ;
#8152 = CARTESIAN_POINT ( 'NONE',  ( 0.000000000000000000, 0.000000000000000000, -25.00000000000000000 ) ) ;
#8153 = TOROIDAL_SURFACE ( 'NONE', #1408, 403.0000000000167688, 5.000000000000000000 ) ;
#8154 = VERTEX_POINT ( 'NONE', #7747 ) ;
#8155 = CYLINDRICAL_SURFACE ( 'NONE', #5026, 5.000000000000007994 ) ;
#8156 = ORIENTED_EDGE ( 'NONE', *, *, #7688, .F. ) ;
#8157 = CARTESIAN_POINT ( 'NONE',  ( 489.0000000000001137, 402.3800000000000523, 30.00000000000000000 ) ) ;
#8158 = CARTESIAN_POINT ( 'NONE',  ( 79.00000000000000000, 451.2026007847966298, 15.90614613595608873 ) ) ;
#8159 = DIRECTION ( 'NONE',  ( -9.251858538542961967E-16, -1.000000000000000000, 0.000000000000000000 ) ) ;
#8160 = VERTEX_POINT ( 'NONE', #1948 ) ;
#8161 = LINE ( 'NONE', #6761, #2070 ) ;
#8162 = VERTEX_POINT ( 'NONE', #5056 ) ;
#8163 = CARTESIAN_POINT ( 'NONE',  ( -87.49479668915351738, 313.2663879432432736, 20.33097646629865451 ) ) ;
#8164 = CARTESIAN_POINT ( 'NONE',  ( 88.50514639820343632, 306.0773762144209513, -13.53827560376191386 ) ) ;
#8165 = DIRECTION ( 'NONE',  ( 0.000000000000000000, 1.000000000000000000, -0.000000000000000000 ) ) ;
#8166 = FACE_OUTER_BOUND ( 'NONE', #8239, .T. ) ;
#8167 = ORIENTED_EDGE ( 'NONE', *, *, #5448, .F. ) ;
#8168 = CARTESIAN_POINT ( 'NONE',  ( -83.99999999999994316, 402.3799999999999955, 30.00000000000000000 ) ) ;
#8169 = ORIENTED_EDGE ( 'NONE', *, *, #566, .T. ) ;
#8170 = CARTESIAN_POINT ( 'NONE',  ( 91.99999999999985789, 402.3800000000001091, 24.99999999999999645 ) ) ;
#8171 = AXIS2_PLACEMENT_3D ( 'NONE', #4472, #7105, #5102 ) ;
#8172 = CARTESIAN_POINT ( 'NONE',  ( 88.74419580701805899, 304.3764512887873366, 12.22231908171622905 ) ) ;
#8173 = CARTESIAN_POINT ( 'NONE',  ( 85.92402627970767526, 324.4430001554675300, 22.81358465600792584 ) ) ;
#8174 = CARTESIAN_POINT ( 'NONE',  ( -98.83438091582119966, 347.5457982217334347, 24.99999999999999645 ) ) ;
#8175 = ORIENTED_EDGE ( 'NONE', *, *, #6480, .F. ) ;
#8176 = EDGE_CURVE ( 'NONE', #7435, #3586, #584, .T. ) ;
#8177 = EDGE_CURVE ( 'NONE', #4014, #873, #4835, .T. ) ;
#8178 = ORIENTED_EDGE ( 'NONE', *, *, #1164, .T. ) ;
#8179 = CARTESIAN_POINT ( 'NONE',  ( 79.00000000001456613, 446.1459308110225948, -18.05570131117186250 ) ) ;
#8180 = ORIENTED_EDGE ( 'NONE', *, *, #2503, .T. ) ;
#8181 = CARTESIAN_POINT ( 'NONE',  ( -79.66987298107706295, 430.3738032446140664, -27.49999999999967670 ) ) ;
#8182 = LINE ( 'NONE', #1079, #4732 ) ;
#8183 = CARTESIAN_POINT ( 'NONE',  ( 75.33974596215564645, 429.3405386945350415, -25.00000000000000000 ) ) ;
#8184 = CARTESIAN_POINT ( 'NONE',  ( 76.12750580968038605, 438.8397205544185340, -21.86639485519313553 ) ) ;
#8186 = EDGE_CURVE ( 'NONE', #7392, #2909, #8031, .T. ) ;
#8185 = EDGE_LOOP ( 'NONE', ( #2493, #1910, #6081, #1380 ) ) ;
#8187 = LINE ( 'NONE', #2399, #3684 ) ;
#8188 = LINE ( 'NONE', #2400, #7700 ) ;
#8189 = AXIS2_PLACEMENT_3D ( 'NONE', #8170, #3562, #1025 ) ;
#8190 = ORIENTED_EDGE ( 'NONE', *, *, #317, .F. ) ;
#8191 = CARTESIAN_POINT ( 'NONE',  ( -290.9999999983658086, 204.1311561622549107, 24.99999999999999645 ) ) ;
#8192 = CYLINDRICAL_SURFACE ( 'NONE', #1987, 4.999999999999994671 ) ;
#8193 = CARTESIAN_POINT ( 'NONE',  ( -79.00000000000000000, 449.2423548559091842, -18.94175445413848280 ) ) ;
#8194 = ORIENTED_EDGE ( 'NONE', *, *, #6991, .T. ) ;
#8195 = VERTEX_POINT ( 'NONE', #8292 ) ;
#8196 = CARTESIAN_POINT ( 'NONE',  ( 130.9545922270418430, 18.40446769963992679, -25.00000000000002132 ) ) ;
#8197 = EDGE_LOOP ( 'NONE', ( #2799, #3082, #199, #1052 ) ) ;
#8198 = CIRCLE ( 'NONE', #4813, 4.999999999999999112 ) ;
#8199 = DIRECTION ( 'NONE',  ( 0.000000000000000000, 1.000000000000000000, 0.000000000000000000 ) ) ;
#8200 = DIRECTION ( 'NONE',  ( -1.000000000000000000, 0.000000000000000000, 0.000000000000000000 ) ) ;
#8201 = CARTESIAN_POINT ( 'NONE',  ( -117.0000000000000000, -59.00000000000001421, 30.00000000000000000 ) ) ;
#8202 = EDGE_CURVE ( 'NONE', #6404, #4224, #7683, .T. ) ;
#8203 = DIRECTION ( 'NONE',  ( 1.000000000000000000, -0.000000000000000000, 0.000000000000000000 ) ) ;
#8204 = AXIS2_PLACEMENT_3D ( 'NONE', #901, #3479, #2850 ) ;
#8205 = EDGE_CURVE ( 'NONE', #7327, #2271, #1344, .T. ) ;
#8206 = ORIENTED_EDGE ( 'NONE', *, *, #7302, .F. ) ;
#8207 = VECTOR ( 'NONE', #4718, 1000.000000000000000 ) ;
#8208 = CARTESIAN_POINT ( 'NONE',  ( 79.36545911879642290, 344.8096197016244560, 25.00000000000000000 ) ) ;
#8209 = ORIENTED_EDGE ( 'NONE', *, *, #205, .F. ) ;
#8210 = CYLINDRICAL_SURFACE ( 'NONE', #1312, 15.00000000000000000 ) ;
#8211 = CARTESIAN_POINT ( 'NONE',  ( 88.07110225860918717, 309.1657607434835882, 17.88243197725502043 ) ) ;
#8212 = CARTESIAN_POINT ( 'NONE',  ( 78.99999999999998579, 449.5555461027482806, 18.54935824835434133 ) ) ;
#8213 = ADVANCED_FACE ( 'NONE', ( #3852 ), #4569, .F. ) ;
#8214 = VECTOR ( 'NONE', #7510, 1000.000000000000000 ) ;
#8215 = CARTESIAN_POINT ( 'NONE',  ( -79.08797994707775558, 439.6812837507076779, 25.97754677234237519 ) ) ;
#8216 = EDGE_LOOP ( 'NONE', ( #5462, #2593, #8251, #7366, #3729, #4837, #1901 ) ) ;
#8217 = VECTOR ( 'NONE', #8141, 1000.000000000000000 ) ;
#8218 =( LENGTH_UNIT ( ) NAMED_UNIT ( * ) SI_UNIT ( .MILLI., .METRE. ) );
#8219 = ORIENTED_EDGE ( 'NONE', *, *, #1143, .F. ) ;
#8220 = CARTESIAN_POINT ( 'NONE',  ( 76.87695968943253888, 446.9557464302338303, -15.11896151131331578 ) ) ;
#8221 = EDGE_LOOP ( 'NONE', ( #561, #1652, #3417, #3298 ) ) ;
#8222 = DIRECTION ( 'NONE',  ( -0.000000000000000000, 0.000000000000000000, 1.000000000000000000 ) ) ;
#8223 = CARTESIAN_POINT ( 'NONE',  ( 85.47028590840537277, 315.9028662343210385, -17.59745976150440683 ) ) ;
#8224 = AXIS2_PLACEMENT_3D ( 'NONE', #4021, #3984, #682 ) ;
#8225 = CARTESIAN_POINT ( 'NONE',  ( 94.99999999999997158, 509.0000000000001137, 0.000000000000000000 ) ) ;
#8226 = EDGE_CURVE ( 'NONE', #6611, #937, #2280, .T. ) ;
#8227 = EDGE_CURVE ( 'NONE', #7906, #5697, #7279, .T. ) ;
#8228 = CARTESIAN_POINT ( 'NONE',  ( 88.50320155003501554, 306.0912145281986341, 15.18498376686375728 ) ) ;
#8229 = EDGE_LOOP ( 'NONE', ( #1706, #4097, #1295, #40 ) ) ;
#8230 = DIRECTION ( 'NONE',  ( -0.000000000000000000, -0.000000000000000000, -1.000000000000000000 ) ) ;
#8231 = DIRECTION ( 'NONE',  ( 0.000000000000000000, 1.000000000000000000, -0.000000000000000000 ) ) ;
#8232 = ORIENTED_EDGE ( 'NONE', *, *, #6366, .F. ) ;
#8233 = CARTESIAN_POINT ( 'NONE',  ( -83.87286294993401725, 325.2368642033238189, -21.66084403636995859 ) ) ;
#8234 = DIRECTION ( 'NONE',  ( -0.000000000000000000, -1.000000000000000000, -0.000000000000000000 ) ) ;
#8235 = EDGE_CURVE ( 'NONE', #2271, #3756, #1362, .T. ) ;
#8236 = CARTESIAN_POINT ( 'NONE',  ( -79.00000000000000000, 451.5726532813962422, -14.91465725723731239 ) ) ;
#8237 = AXIS2_PLACEMENT_3D ( 'NONE', #4520, #3855, #3896 ) ;
#8238 = AXIS2_PLACEMENT_3D ( 'NONE', #4829, #6266, #4874 ) ;
#8239 = EDGE_LOOP ( 'NONE', ( #6796, #7691, #6015, #5214, #8190, #7164, #7043 ) ) ;
#8240 = ORIENTED_EDGE ( 'NONE', *, *, #2367, .F. ) ;
#8241 = ORIENTED_EDGE ( 'NONE', *, *, #7199, .F. ) ;
#8242 = CARTESIAN_POINT ( 'NONE',  ( 79.36545911879623816, 344.8096197016266160, -25.00000000000000000 ) ) ;
#8243 = AXIS2_PLACEMENT_3D ( 'NONE', #4164, #4081, #6664 ) ;
#8244 = EDGE_LOOP ( 'NONE', ( #8169, #1226, #6149, #5954 ) ) ;
#8245 = DIRECTION ( 'NONE',  ( -0.000000000000000000, 0.000000000000000000, 1.000000000000000000 ) ) ;
#8246 = CARTESIAN_POINT ( 'NONE',  ( 87.25349181957022893, 309.5911491353245992, -14.99405489510613521 ) ) ;
#8247 = EDGE_CURVE ( 'NONE', #6574, #6223, #790, .T. ) ;
#8248 = CARTESIAN_POINT ( 'NONE',  ( 75.97681396330582970, 437.2194177352916995, 22.97960971636895877 ) ) ;
#8249 = CIRCLE ( 'NONE', #5681, 391.9999999999878924 ) ;
#8250 = CARTESIAN_POINT ( 'NONE',  ( 79.00000000000001421, 448.2117885400298860, -20.11179491778376516 ) ) ;
#8251 = ORIENTED_EDGE ( 'NONE', *, *, #3240, .T. ) ;
#8252 = CARTESIAN_POINT ( 'NONE',  ( -91.99999999999945999, -9.345311655093861600E-14, 30.00000000000000000 ) ) ;
#8253 = CIRCLE ( 'NONE', #3793, 397.0000000000001705 ) ;
#8254 = ORIENTED_EDGE ( 'NONE', *, *, #5662, .F. ) ;
#8255 = CARTESIAN_POINT ( 'NONE',  ( 75.80263972292300423, 432.6812510146241380, -24.69183997259361263 ) ) ;
#8256 = EDGE_CURVE ( 'NONE', #4536, #5712, #1482, .T. ) ;
#8257 = CARTESIAN_POINT ( 'NONE',  ( 87.84044288271617518, 307.4184523982816586, 13.56683470649978496 ) ) ;
#8258 = CARTESIAN_POINT ( 'NONE',  ( -117.0000000000000000, 204.1299999999999670, -24.99999999999999289 ) ) ;
#8259 = FACE_OUTER_BOUND ( 'NONE', #7944, .T. ) ;
#8260 = CIRCLE ( 'NONE', #4607, 5.000000000000001776 ) ;
#8261 = ORIENTED_EDGE ( 'NONE', *, *, #2199, .F. ) ;
#8262 = FACE_OUTER_BOUND ( 'NONE', #2, .T. ) ;
#8263 = ORIENTED_EDGE ( 'NONE', *, *, #8136, .T. ) ;
#8264 = CARTESIAN_POINT ( 'NONE',  ( 78.99999999999640465, 449.4439228662703840, -13.69011531077187804 ) ) ;
#8265 = ORIENTED_EDGE ( 'NONE', *, *, #3214, .F. ) ;
#8266 = DIRECTION ( 'NONE',  ( -1.000000000000000000, 0.000000000000000000, 0.000000000000000000 ) ) ;
#8267 = CARTESIAN_POINT ( 'NONE',  ( 112.0000000016510029, 204.1311561622549107, -24.99999999999999289 ) ) ;
#8268 = AXIS2_PLACEMENT_3D ( 'NONE', #714, #4597, #3303 ) ;
#8269 = FACE_OUTER_BOUND ( 'NONE', #5371, .T. ) ;
#8270 = CARTESIAN_POINT ( 'NONE',  ( -75.50300944435196016, 430.1540400815189287, -25.00000000000000355 ) ) ;
#8271 = AXIS2_PLACEMENT_3D ( 'NONE', #4241, #5419, #6819 ) ;
#8272 = ORIENTED_EDGE ( 'NONE', *, *, #2081, .T. ) ;
#8273 = LINE ( 'NONE', #1470, #856 ) ;
#8274 = CARTESIAN_POINT ( 'NONE',  ( 0.000000000000000000, 0.000000000000000000, -27.99999999999999645 ) ) ;
#8275 = ORIENTED_EDGE ( 'NONE', *, *, #6014, .T. ) ;
#8276 = DIRECTION ( 'NONE',  ( 1.015794745118904431E-15, 1.000000000000000000, -0.000000000000000000 ) ) ;
#8277 = CARTESIAN_POINT ( 'NONE',  ( 125.3494233923986911, 17.61671259297390435, 30.00000000000000355 ) ) ;
#8278 = AXIS2_PLACEMENT_3D ( 'NONE', #6717, #5402, #2078 ) ;
#8279 = CARTESIAN_POINT ( 'NONE',  ( -79.00000000000000000, 442.1664864017461127, -24.99999999999999289 ) ) ;
#8280 = ORIENTED_EDGE ( 'NONE', *, *, #6150, .F. ) ;
#8281 = VERTEX_POINT ( 'NONE', #3132 ) ;
#8282 = EDGE_CURVE ( 'NONE', #5650, #2271, #5393, .T. ) ;
#8283 = CARTESIAN_POINT ( 'NONE',  ( -290.9999999983658086, 204.1311561622549107, 24.99999999999999645 ) ) ;
#8284 = CIRCLE ( 'NONE', #6115, 408.0000000000167688 ) ;
#8285 = EDGE_CURVE ( 'NONE', #1968, #3215, #8367, .T. ) ;
#8286 = VERTEX_POINT ( 'NONE', #197 ) ;
#8287 = CARTESIAN_POINT ( 'NONE',  ( -88.55660190378002028, 305.7112512680092777, -13.06072887828846696 ) ) ;
#8288 = FACE_OUTER_BOUND ( 'NONE', #3293, .T. ) ;
#8289 = CARTESIAN_POINT ( 'NONE',  ( 87.99081760128021301, 309.7370157634158545, -18.27188472647394235 ) ) ;
#8290 = LINE ( 'NONE', #668, #498 ) ;
#8291 = CARTESIAN_POINT ( 'NONE',  ( 78.99999999999998579, 450.1724379890480918, -17.68601611381621908 ) ) ;
#8292 = CARTESIAN_POINT ( 'NONE',  ( -92.00000000000000000, 538.9999999999998863, 27.99999999999999645 ) ) ;
#8293 = VECTOR ( 'NONE', #996, 1000.000000000000000 ) ;
#8294 = ORIENTED_EDGE ( 'NONE', *, *, #4810, .T. ) ;
#8295 = LINE ( 'NONE', #2119, #1113 ) ;
#8296 = EDGE_CURVE ( 'NONE', #1271, #4857, #1209, .T. ) ;
#8297 = CARTESIAN_POINT ( 'NONE',  ( 82.19450074527863137, 315.0534705503357600, 21.46446609406723383 ) ) ;
#8298 = ORIENTED_EDGE ( 'NONE', *, *, #1313, .F. ) ;
#8299 = CARTESIAN_POINT ( 'NONE',  ( 79.43907688776144482, 435.2730260905772752, -27.05137143356293805 ) ) ;
#8300 = CARTESIAN_POINT ( 'NONE',  ( 88.26847790466821664, 305.7990524740203000, 11.31946462928809893 ) ) ;
#8301 = CARTESIAN_POINT ( 'NONE',  ( 117.0000000000000000, 204.1299999999999670, 24.99999999999999645 ) ) ;
#8302 = DIRECTION ( 'NONE',  ( -1.000000000000000000, 0.000000000000000000, 0.000000000000000000 ) ) ;
#8303 = VERTEX_POINT ( 'NONE', #6676 ) ;
#8304 = VERTEX_POINT ( 'NONE', #1487 ) ;
#8305 = CARTESIAN_POINT ( 'NONE',  ( 76.71664098594094128, 446.2370059867972145, -15.97376079236959967 ) ) ;
#8306 = ORIENTED_EDGE ( 'NONE', *, *, #2613, .F. ) ;
#8307 = DIRECTION ( 'NONE',  ( 1.000000000000000000, 0.000000000000000000, 0.000000000000000000 ) ) ;
#8308 = CARTESIAN_POINT ( 'NONE',  ( 117.0000000000000000, -59.00000000000001421, 24.99999999999999645 ) ) ;
#8309 = CARTESIAN_POINT ( 'NONE',  ( 60.00000000000000711, 389.7200000000000273, -37.00000000000000711 ) ) ;
#8310 = CARTESIAN_POINT ( 'NONE',  ( 81.12129324155236532, 322.6897387282098748, 24.99999999999999645 ) ) ;
#8311 = EDGE_CURVE ( 'NONE', #606, #5075, #2792, .T. ) ;
#8312 = EDGE_LOOP ( 'NONE', ( #3041, #1609, #388, #7230 ) ) ;
#8313 = DIRECTION ( 'NONE',  ( 1.000000000000000000, 0.000000000000000000, 0.000000000000000000 ) ) ;
#8314 = FACE_OUTER_BOUND ( 'NONE', #3868, .T. ) ;
#8315 = ORIENTED_EDGE ( 'NONE', *, *, #936, .T. ) ;
#8316 =( NAMED_UNIT ( * ) SI_UNIT ( $, .STERADIAN. ) SOLID_ANGLE_UNIT ( ) );
#8317 = DIRECTION ( 'NONE',  ( -0.1391731009596205715, -0.9902680687416328675, -0.000000000000000000 ) ) ;
#8318 = CARTESIAN_POINT ( 'NONE',  ( -60.00000000000000711, 401.7200000000000273, -25.00000000000000000 ) ) ;
#8319 = EDGE_CURVE ( 'NONE', #5799, #7274, #3637, .T. ) ;
#8320 = CYLINDRICAL_SURFACE ( 'NONE', #4294, 5.000000000000000888 ) ;
#8321 = ORIENTED_EDGE ( 'NONE', *, *, #3212, .F. ) ;
#8322 = ORIENTED_EDGE ( 'NONE', *, *, #6554, .T. ) ;
#8323 = CARTESIAN_POINT ( 'NONE',  ( 81.69653183093855375, 334.7136233652975648, 24.53108558966760100 ) ) ;
#8324 = ADVANCED_BREP_SHAPE_REPRESENTATION ( 'rear_wheel_frame_18mm', ( #1308, #7963 ), #2287 ) ;
#8325 = VERTEX_POINT ( 'NONE', #7832 ) ;
#8326 = CARTESIAN_POINT ( 'NONE',  ( -88.10083341949885494, 306.4374141730746146, -12.63203624282066961 ) ) ;
#8327 = CYLINDRICAL_SURFACE ( 'NONE', #5212, 2.999999999999990674 ) ;
#8328 = CARTESIAN_POINT ( 'NONE',  ( 79.03331382734381805, 440.4668501844283242, 25.69996666704258104 ) ) ;
#8329 = CARTESIAN_POINT ( 'NONE',  ( 85.92402627970770368, 324.4430001554672458, -22.81358465600798624 ) ) ;
#8330 = AXIS2_PLACEMENT_3D ( 'NONE', #4376, #8199, #6415 ) ;
#8331 = CARTESIAN_POINT ( 'NONE',  ( 0.000000000000000000, -59.00000000000001421, 27.99999999999999645 ) ) ;
#8332 = ADVANCED_FACE ( 'NONE', ( #5995 ), #798, .F. ) ;
#8333 = CARTESIAN_POINT ( 'NONE',  ( -104.0000000000000000, -59.00000000000001421, -24.99999999999999289 ) ) ;
#8334 = EDGE_CURVE ( 'NONE', #2131, #6801, #3384, .T. ) ;
#8335 = EDGE_CURVE ( 'NONE', #1217, #2849, #6190, .T. ) ;
#8336 = ORIENTED_EDGE ( 'NONE', *, *, #6004, .F. ) ;
#8337 = DIRECTION ( 'NONE',  ( 1.000000000000000000, 0.000000000000000000, 0.000000000000000000 ) ) ;
#8338 = AXIS2_PLACEMENT_3D ( 'NONE', #3482, #2218, #6053 ) ;
#8339 = CARTESIAN_POINT ( 'NONE',  ( -79.00000000000000000, 443.6500997019985562, -23.81531131415278679 ) ) ;
#8340 = ORIENTED_EDGE ( 'NONE', *, *, #2231, .F. ) ;
#8341 = CARTESIAN_POINT ( 'NONE',  ( 78.41207688061592762, 433.9446260746698272, -24.87220409699665780 ) ) ;
#8342 = CARTESIAN_POINT ( 'NONE',  ( 88.76926981972893316, 304.1980404179250286, -10.85786437626901701 ) ) ;
#8343 = LINE ( 'NONE', #6344, #912 ) ;
#8344 = CARTESIAN_POINT ( 'NONE',  ( -117.0000000016510597, 0.9999999999999861222, 0.000000000000000000 ) ) ;
#8345 = ADVANCED_FACE ( 'NONE', ( #6639 ), #1741, .F. ) ;
#8346 = EDGE_CURVE ( 'NONE', #2469, #3033, #6740, .T. ) ;
#8347 = AXIS2_PLACEMENT_3D ( 'NONE', #1668, #8049, #2298 ) ;
#8348 = VERTEX_POINT ( 'NONE', #1218 ) ;
#8349 = CARTESIAN_POINT ( 'NONE',  ( 79.23619007794053459, 437.7942863272933778, 26.52368724096346497 ) ) ;
#8350 = VERTEX_POINT ( 'NONE', #7729 ) ;
#8351 = CARTESIAN_POINT ( 'NONE',  ( -78.44978251960900195, 435.2483165363763646, -24.59964770765048314 ) ) ;
#8352 = AXIS2_PLACEMENT_3D ( 'NONE', #8070, #3039, #5561 ) ;
#8353 = ORIENTED_EDGE ( 'NONE', *, *, #3245, .F. ) ;
#8354 = CARTESIAN_POINT ( 'NONE',  ( 87.94143215966390414, 346.0148941111734757, -27.99999999999999645 ) ) ;
#8355 = CARTESIAN_POINT ( 'NONE',  ( -87.94143215966424521, 346.0148941111710883, 30.00000000000000000 ) ) ;
#8356 = CYLINDRICAL_SURFACE ( 'NONE', #1610, 6.999999999999988454 ) ;
#8357 = EDGE_CURVE ( 'NONE', #1542, #7538, #3158, .T. ) ;
#8358 = AXIS2_PLACEMENT_3D ( 'NONE', #2702, #5343, #876 ) ;
#8359 = ORIENTED_EDGE ( 'NONE', *, *, #598, .T. ) ;
#8360 = DIRECTION ( 'NONE',  ( -0.1391731009596220703, -0.9902680687416326455, 0.000000000000000000 ) ) ;
#8361 = CARTESIAN_POINT ( 'NONE',  ( 94.99999999999945999, -9.650050078629536914E-14, 30.00000000000000000 ) ) ;
#8362 = EDGE_CURVE ( 'NONE', #5013, #1147, #6325, .T. ) ;
#8363 = ORIENTED_EDGE ( 'NONE', *, *, #6583, .T. ) ;
#8364 =( NAMED_UNIT ( * ) PLANE_ANGLE_UNIT ( ) SI_UNIT ( $, .RADIAN. ) );
#8365 = CIRCLE ( 'NONE', #789, 397.0000000000002274 ) ;
#8366 = CARTESIAN_POINT ( 'NONE',  ( -83.93619253030740879, 324.8289773764713004, -21.46446609407432504 ) ) ;
#8367 = CIRCLE ( 'NONE', #3906, 98.96000000000141483 ) ;
#8368 = DIRECTION ( 'NONE',  ( 1.000000000000000000, -1.597839588790481247E-14, 0.000000000000000000 ) ) ;
#8369 = EDGE_CURVE ( 'NONE', #7769, #7378, #799, .T. ) ;
#8370 = FACE_OUTER_BOUND ( 'NONE', #2372, .T. ) ;
#8371 = ORIENTED_EDGE ( 'NONE', *, *, #7350, .T. ) ;
#8372 = ORIENTED_EDGE ( 'NONE', *, *, #4614, .F. ) ;
#8373 = CIRCLE ( 'NONE', #7009, 403.0000000000167688 ) ;
#8374 = CARTESIAN_POINT ( 'NONE',  ( 85.02364186279092451, 334.3026236725267495, 27.14831419223622788 ) ) ;
#8375 = ORIENTED_EDGE ( 'NONE', *, *, #6846, .F. ) ;
#8376 = CARTESIAN_POINT ( 'NONE',  ( -86.95751186034222258, 310.6664462514448246, -15.54355618387055493 ) ) ;
#8377 = DIRECTION ( 'NONE',  ( 0.000000000000000000, -1.000000000000000000, 0.000000000000000000 ) ) ;
#8378 = CARTESIAN_POINT ( 'NONE',  ( 79.56231685299961498, 433.4607049800353025, 27.30544686765908580 ) ) ;
#8379 = CARTESIAN_POINT ( 'NONE',  ( 85.91496060409237145, 324.5736652630487242, -25.30330085889909952 ) ) ;
#8380 = CYLINDRICAL_SURFACE ( 'NONE', #7775, 15.00000000000001421 ) ;
#8381 = CARTESIAN_POINT ( 'NONE',  ( -59.00000000000019185, 389.7200000000000273, -37.00000000000000711 ) ) ;
#8382 = ORIENTED_EDGE ( 'NONE', *, *, #3863, .T. ) ;
#8383 = AXIS2_PLACEMENT_3D ( 'NONE', #4206, #349, #2939 ) ;
#8384 = DIRECTION ( 'NONE',  ( 0.000000000000000000, -1.000000000000000000, 0.000000000000000000 ) ) ;
#8385 = CARTESIAN_POINT ( 'NONE',  ( -100.9999999999999858, -58.99999999999997868, 24.99999999999999645 ) ) ;
#8386 = EDGE_CURVE ( 'NONE', #1400, #5504, #5134, .T. ) ;
#8387 = ORIENTED_EDGE ( 'NONE', *, *, #4758, .F. ) ;
#8388 = CARTESIAN_POINT ( 'NONE',  ( 79.31879157619546561, 436.7954847392181819, -26.76116346225883547 ) ) ;
#8389 = CARTESIAN_POINT ( 'NONE',  ( 0.000000000000000000, -59.00000000000001421, 27.99999999999999645 ) ) ;
#8390 = CARTESIAN_POINT ( 'NONE',  ( 111.9999999999999858, -59.00000000000001421, -24.99999999999999289 ) ) ;
#8391 = CARTESIAN_POINT ( 'NONE',  ( -290.9999999983658086, 204.1311561622549107, -24.99999999999999289 ) ) ;
ENDSEC;
END-ISO-10303-21;
